<?xml version="1.0" encoding="UTF-8"?>
<gpx creator="StravaGPX" version="1.1" xmlns="http://www.topografix.com/GPX/1/1" xmlns:xsi="http://www.w3.org/2001/XMLSchema-instance" xsi:schemaLocation="http://www.topografix.com/GPX/1/1 http://www.topografix.com/GPX/1/1/gpx.xsd">
 <metadata>
  <time>2020-11-07T09:10:46Z</time>
 </metadata>
 <trk>
  <name>Course à pied matinale</name>
  <type>running</type>
  <trkseg>
   <trkpt lat="48.7405000" lon="2.2973290">
    <ele>77.0</ele>
    <time>2020-11-07T09:10:46Z</time>
   </trkpt>
   <trkpt lat="48.7405100" lon="2.2972820">
    <ele>77.1</ele>
    <time>2020-11-07T09:10:48Z</time>
   </trkpt>
   <trkpt lat="48.7405070" lon="2.2972650">
    <ele>77.1</ele>
    <time>2020-11-07T09:10:49Z</time>
   </trkpt>
   <trkpt lat="48.7404940" lon="2.2972110">
    <ele>77.3</ele>
    <time>2020-11-07T09:10:50Z</time>
   </trkpt>
   <trkpt lat="48.7404860" lon="2.2971950">
    <ele>77.3</ele>
    <time>2020-11-07T09:10:51Z</time>
   </trkpt>
   <trkpt lat="48.7404470" lon="2.2971280">
    <ele>77.5</ele>
    <time>2020-11-07T09:10:52Z</time>
   </trkpt>
   <trkpt lat="48.7404250" lon="2.2971100">
    <ele>77.6</ele>
    <time>2020-11-07T09:10:53Z</time>
   </trkpt>
   <trkpt lat="48.7404020" lon="2.2970780">
    <ele>77.7</ele>
    <time>2020-11-07T09:10:55Z</time>
   </trkpt>
   <trkpt lat="48.7403850" lon="2.2970410">
    <ele>77.8</ele>
    <time>2020-11-07T09:10:56Z</time>
   </trkpt>
   <trkpt lat="48.7403790" lon="2.2970330">
    <ele>77.8</ele>
    <time>2020-11-07T09:10:57Z</time>
   </trkpt>
   <trkpt lat="48.7403610" lon="2.2970050">
    <ele>77.9</ele>
    <time>2020-11-07T09:10:58Z</time>
   </trkpt>
   <trkpt lat="48.7403500" lon="2.2969880">
    <ele>78.0</ele>
    <time>2020-11-07T09:10:59Z</time>
   </trkpt>
   <trkpt lat="48.7403340" lon="2.2969470">
    <ele>78.1</ele>
    <time>2020-11-07T09:11:00Z</time>
   </trkpt>
   <trkpt lat="48.7403150" lon="2.2969030">
    <ele>78.1</ele>
    <time>2020-11-07T09:11:01Z</time>
   </trkpt>
   <trkpt lat="48.7402840" lon="2.2968370">
    <ele>78.3</ele>
    <time>2020-11-07T09:11:02Z</time>
   </trkpt>
   <trkpt lat="48.7402760" lon="2.2968160">
    <ele>78.3</ele>
    <time>2020-11-07T09:11:03Z</time>
   </trkpt>
   <trkpt lat="48.7402590" lon="2.2967800">
    <ele>78.4</ele>
    <time>2020-11-07T09:11:05Z</time>
   </trkpt>
   <trkpt lat="48.7402410" lon="2.2967260">
    <ele>78.5</ele>
    <time>2020-11-07T09:11:06Z</time>
   </trkpt>
   <trkpt lat="48.7402340" lon="2.2967060">
    <ele>78.5</ele>
    <time>2020-11-07T09:11:07Z</time>
   </trkpt>
   <trkpt lat="48.7402120" lon="2.2966510">
    <ele>78.6</ele>
    <time>2020-11-07T09:11:08Z</time>
   </trkpt>
   <trkpt lat="48.7402040" lon="2.2966310">
    <ele>78.6</ele>
    <time>2020-11-07T09:11:09Z</time>
   </trkpt>
   <trkpt lat="48.7401870" lon="2.2965900">
    <ele>78.7</ele>
    <time>2020-11-07T09:11:10Z</time>
   </trkpt>
   <trkpt lat="48.7401700" lon="2.2965520">
    <ele>78.7</ele>
    <time>2020-11-07T09:11:11Z</time>
   </trkpt>
   <trkpt lat="48.7401540" lon="2.2965180">
    <ele>78.8</ele>
    <time>2020-11-07T09:11:12Z</time>
   </trkpt>
   <trkpt lat="48.7401280" lon="2.2964550">
    <ele>78.9</ele>
    <time>2020-11-07T09:11:14Z</time>
   </trkpt>
   <trkpt lat="48.7401190" lon="2.2964320">
    <ele>78.9</ele>
    <time>2020-11-07T09:11:15Z</time>
   </trkpt>
   <trkpt lat="48.7401090" lon="2.2964090">
    <ele>79.0</ele>
    <time>2020-11-07T09:11:16Z</time>
   </trkpt>
   <trkpt lat="48.7400980" lon="2.2963710">
    <ele>79.0</ele>
    <time>2020-11-07T09:11:17Z</time>
   </trkpt>
   <trkpt lat="48.7397400" lon="2.2862140">
    <ele>64.3</ele>
    <time>2020-11-07T09:16:34Z</time>
   </trkpt>
   <trkpt lat="48.7397430" lon="2.2861630">
    <ele>64.2</ele>
    <time>2020-11-07T09:16:35Z</time>
   </trkpt>
   <trkpt lat="48.7397460" lon="2.2861170">
    <ele>64.2</ele>
    <time>2020-11-07T09:16:36Z</time>
   </trkpt>
   <trkpt lat="48.7397520" lon="2.2860610">
    <ele>64.1</ele>
    <time>2020-11-07T09:16:37Z</time>
   </trkpt>
   <trkpt lat="48.7397580" lon="2.2859960">
    <ele>64.0</ele>
    <time>2020-11-07T09:16:39Z</time>
   </trkpt>
   <trkpt lat="48.7397650" lon="2.2859470">
    <ele>64.0</ele>
    <time>2020-11-07T09:16:40Z</time>
   </trkpt>
   <trkpt lat="48.7397780" lon="2.2859050">
    <ele>63.9</ele>
    <time>2020-11-07T09:16:41Z</time>
   </trkpt>
   <trkpt lat="48.7397920" lon="2.2858570">
    <ele>63.8</ele>
    <time>2020-11-07T09:16:42Z</time>
   </trkpt>
   <trkpt lat="48.7397910" lon="2.2858430">
    <ele>63.8</ele>
    <time>2020-11-07T09:16:43Z</time>
   </trkpt>
   <trkpt lat="48.7397770" lon="2.2858190">
    <ele>63.7</ele>
    <time>2020-11-07T09:16:44Z</time>
   </trkpt>
   <trkpt lat="48.7397610" lon="2.2857710">
    <ele>63.5</ele>
    <time>2020-11-07T09:16:45Z</time>
   </trkpt>
   <trkpt lat="48.7397540" lon="2.2857240">
    <ele>63.3</ele>
    <time>2020-11-07T09:16:46Z</time>
   </trkpt>
   <trkpt lat="48.7397410" lon="2.2856820">
    <ele>63.2</ele>
    <time>2020-11-07T09:16:47Z</time>
   </trkpt>
   <trkpt lat="48.7397250" lon="2.2856200">
    <ele>63.0</ele>
    <time>2020-11-07T09:16:49Z</time>
   </trkpt>
   <trkpt lat="48.7397160" lon="2.2855600">
    <ele>62.8</ele>
    <time>2020-11-07T09:16:50Z</time>
   </trkpt>
   <trkpt lat="48.7397190" lon="2.2855000">
    <ele>62.6</ele>
    <time>2020-11-07T09:16:51Z</time>
   </trkpt>
   <trkpt lat="48.7397110" lon="2.2854550">
    <ele>62.5</ele>
    <time>2020-11-07T09:16:52Z</time>
   </trkpt>
   <trkpt lat="48.7396960" lon="2.2854060">
    <ele>62.3</ele>
    <time>2020-11-07T09:16:53Z</time>
   </trkpt>
   <trkpt lat="48.7396800" lon="2.2853480">
    <ele>62.2</ele>
    <time>2020-11-07T09:16:55Z</time>
   </trkpt>
   <trkpt lat="48.7396600" lon="2.2852970">
    <ele>62.1</ele>
    <time>2020-11-07T09:16:56Z</time>
   </trkpt>
   <trkpt lat="48.7396530" lon="2.2852810">
    <ele>62.0</ele>
    <time>2020-11-07T09:16:57Z</time>
   </trkpt>
   <trkpt lat="48.7396360" lon="2.2852160">
    <ele>61.9</ele>
    <time>2020-11-07T09:16:59Z</time>
   </trkpt>
   <trkpt lat="48.7396330" lon="2.2851790">
    <ele>61.9</ele>
    <time>2020-11-07T09:17:00Z</time>
   </trkpt>
   <trkpt lat="48.7396380" lon="2.2851170">
    <ele>61.5</ele>
    <time>2020-11-07T09:17:02Z</time>
   </trkpt>
   <trkpt lat="48.7396300" lon="2.2850620">
    <ele>61.5</ele>
    <time>2020-11-07T09:17:03Z</time>
   </trkpt>
   <trkpt lat="48.7396260" lon="2.2850390">
    <ele>61.5</ele>
    <time>2020-11-07T09:17:04Z</time>
   </trkpt>
   <trkpt lat="48.7396200" lon="2.2850000">
    <ele>61.5</ele>
    <time>2020-11-07T09:17:05Z</time>
   </trkpt>
   <trkpt lat="48.7396150" lon="2.2849590">
    <ele>61.2</ele>
    <time>2020-11-07T09:17:07Z</time>
   </trkpt>
   <trkpt lat="48.7396270" lon="2.2848900">
    <ele>61.0</ele>
    <time>2020-11-07T09:17:08Z</time>
   </trkpt>
   <trkpt lat="48.7396560" lon="2.2847990">
    <ele>60.6</ele>
    <time>2020-11-07T09:17:10Z</time>
   </trkpt>
   <trkpt lat="48.7396740" lon="2.2847520">
    <ele>60.4</ele>
    <time>2020-11-07T09:17:11Z</time>
   </trkpt>
   <trkpt lat="48.7396950" lon="2.2846640">
    <ele>60.1</ele>
    <time>2020-11-07T09:17:13Z</time>
   </trkpt>
   <trkpt lat="48.7397130" lon="2.2846150">
    <ele>59.9</ele>
    <time>2020-11-07T09:17:14Z</time>
   </trkpt>
   <trkpt lat="48.7397270" lon="2.2845670">
    <ele>59.8</ele>
    <time>2020-11-07T09:17:15Z</time>
   </trkpt>
   <trkpt lat="48.7397410" lon="2.2845250">
    <ele>59.6</ele>
    <time>2020-11-07T09:17:16Z</time>
   </trkpt>
   <trkpt lat="48.7397550" lon="2.2844820">
    <ele>59.4</ele>
    <time>2020-11-07T09:17:17Z</time>
   </trkpt>
   <trkpt lat="48.7397840" lon="2.2844450">
    <ele>59.3</ele>
    <time>2020-11-07T09:17:18Z</time>
   </trkpt>
   <trkpt lat="48.7397940" lon="2.2844310">
    <ele>59.2</ele>
    <time>2020-11-07T09:17:19Z</time>
   </trkpt>
   <trkpt lat="48.7398100" lon="2.2844140">
    <ele>59.1</ele>
    <time>2020-11-07T09:17:20Z</time>
   </trkpt>
   <trkpt lat="48.7398370" lon="2.2843820">
    <ele>58.9</ele>
    <time>2020-11-07T09:17:22Z</time>
   </trkpt>
   <trkpt lat="48.7398660" lon="2.2843570">
    <ele>58.8</ele>
    <time>2020-11-07T09:17:23Z</time>
   </trkpt>
   <trkpt lat="48.7398920" lon="2.2843290">
    <ele>58.7</ele>
    <time>2020-11-07T09:17:24Z</time>
   </trkpt>
   <trkpt lat="48.7399180" lon="2.2842920">
    <ele>58.5</ele>
    <time>2020-11-07T09:17:25Z</time>
   </trkpt>
   <trkpt lat="48.7399450" lon="2.2842510">
    <ele>58.3</ele>
    <time>2020-11-07T09:17:26Z</time>
   </trkpt>
   <trkpt lat="48.7399900" lon="2.2841990">
    <ele>58.1</ele>
    <time>2020-11-07T09:17:28Z</time>
   </trkpt>
   <trkpt lat="48.7400170" lon="2.2841610">
    <ele>58.0</ele>
    <time>2020-11-07T09:17:29Z</time>
   </trkpt>
   <trkpt lat="48.7400440" lon="2.2841430">
    <ele>57.9</ele>
    <time>2020-11-07T09:17:30Z</time>
   </trkpt>
   <trkpt lat="48.7400720" lon="2.2841070">
    <ele>57.7</ele>
    <time>2020-11-07T09:17:32Z</time>
   </trkpt>
   <trkpt lat="48.7400920" lon="2.2840700">
    <ele>57.6</ele>
    <time>2020-11-07T09:17:33Z</time>
   </trkpt>
   <trkpt lat="48.7401090" lon="2.2840390">
    <ele>57.5</ele>
    <time>2020-11-07T09:17:34Z</time>
   </trkpt>
   <trkpt lat="48.7401440" lon="2.2839980">
    <ele>57.4</ele>
    <time>2020-11-07T09:17:36Z</time>
   </trkpt>
   <trkpt lat="48.7401670" lon="2.2839540">
    <ele>57.3</ele>
    <time>2020-11-07T09:17:37Z</time>
   </trkpt>
   <trkpt lat="48.7401720" lon="2.2839400">
    <ele>57.3</ele>
    <time>2020-11-07T09:17:38Z</time>
   </trkpt>
   <trkpt lat="48.7401840" lon="2.2838980">
    <ele>57.2</ele>
    <time>2020-11-07T09:17:39Z</time>
   </trkpt>
   <trkpt lat="48.7401870" lon="2.2838880">
    <ele>57.2</ele>
    <time>2020-11-07T09:17:40Z</time>
   </trkpt>
   <trkpt lat="48.7401990" lon="2.2838410">
    <ele>56.9</ele>
    <time>2020-11-07T09:17:41Z</time>
   </trkpt>
   <trkpt lat="48.7402010" lon="2.2838200">
    <ele>56.9</ele>
    <time>2020-11-07T09:17:42Z</time>
   </trkpt>
   <trkpt lat="48.7401980" lon="2.2837710">
    <ele>56.9</ele>
    <time>2020-11-07T09:17:43Z</time>
   </trkpt>
   <trkpt lat="48.7401910" lon="2.2837280">
    <ele>56.9</ele>
    <time>2020-11-07T09:17:45Z</time>
   </trkpt>
   <trkpt lat="48.7401750" lon="2.2836880">
    <ele>56.8</ele>
    <time>2020-11-07T09:17:46Z</time>
   </trkpt>
   <trkpt lat="48.7401620" lon="2.2836510">
    <ele>56.8</ele>
    <time>2020-11-07T09:17:47Z</time>
   </trkpt>
   <trkpt lat="48.7401460" lon="2.2836130">
    <ele>56.8</ele>
    <time>2020-11-07T09:17:48Z</time>
   </trkpt>
   <trkpt lat="48.7401360" lon="2.2835640">
    <ele>56.9</ele>
    <time>2020-11-07T09:17:49Z</time>
   </trkpt>
   <trkpt lat="48.7401330" lon="2.2835470">
    <ele>56.9</ele>
    <time>2020-11-07T09:17:50Z</time>
   </trkpt>
   <trkpt lat="48.7401230" lon="2.2834950">
    <ele>56.9</ele>
    <time>2020-11-07T09:17:51Z</time>
   </trkpt>
   <trkpt lat="48.7401170" lon="2.2834770">
    <ele>56.9</ele>
    <time>2020-11-07T09:17:52Z</time>
   </trkpt>
   <trkpt lat="48.7401070" lon="2.2834410">
    <ele>56.9</ele>
    <time>2020-11-07T09:17:53Z</time>
   </trkpt>
   <trkpt lat="48.7400920" lon="2.2833940">
    <ele>57.0</ele>
    <time>2020-11-07T09:17:55Z</time>
   </trkpt>
   <trkpt lat="48.7400770" lon="2.2833440">
    <ele>57.0</ele>
    <time>2020-11-07T09:17:56Z</time>
   </trkpt>
   <trkpt lat="48.7400660" lon="2.2833000">
    <ele>57.1</ele>
    <time>2020-11-07T09:17:57Z</time>
   </trkpt>
   <trkpt lat="48.7400510" lon="2.2832510">
    <ele>57.1</ele>
    <time>2020-11-07T09:17:58Z</time>
   </trkpt>
   <trkpt lat="48.7400330" lon="2.2831920">
    <ele>57.2</ele>
    <time>2020-11-07T09:18:00Z</time>
   </trkpt>
   <trkpt lat="48.7400200" lon="2.2831550">
    <ele>57.2</ele>
    <time>2020-11-07T09:18:01Z</time>
   </trkpt>
   <trkpt lat="48.7400070" lon="2.2831140">
    <ele>57.2</ele>
    <time>2020-11-07T09:18:02Z</time>
   </trkpt>
   <trkpt lat="48.7399860" lon="2.2830570">
    <ele>57.3</ele>
    <time>2020-11-07T09:18:03Z</time>
   </trkpt>
   <trkpt lat="48.7399720" lon="2.2830120">
    <ele>57.3</ele>
    <time>2020-11-07T09:18:04Z</time>
   </trkpt>
   <trkpt lat="48.7399630" lon="2.2829660">
    <ele>57.4</ele>
    <time>2020-11-07T09:18:05Z</time>
   </trkpt>
   <trkpt lat="48.7399550" lon="2.2829150">
    <ele>57.4</ele>
    <time>2020-11-07T09:18:06Z</time>
   </trkpt>
   <trkpt lat="48.7399450" lon="2.2828670">
    <ele>57.4</ele>
    <time>2020-11-07T09:18:07Z</time>
   </trkpt>
   <trkpt lat="48.7399270" lon="2.2828070">
    <ele>57.4</ele>
    <time>2020-11-07T09:18:09Z</time>
   </trkpt>
   <trkpt lat="48.7399070" lon="2.2827570">
    <ele>57.5</ele>
    <time>2020-11-07T09:18:10Z</time>
   </trkpt>
   <trkpt lat="48.7398900" lon="2.2827110">
    <ele>57.5</ele>
    <time>2020-11-07T09:18:11Z</time>
   </trkpt>
   <trkpt lat="48.7398750" lon="2.2826660">
    <ele>57.5</ele>
    <time>2020-11-07T09:18:12Z</time>
   </trkpt>
   <trkpt lat="48.7398630" lon="2.2826230">
    <ele>57.5</ele>
    <time>2020-11-07T09:18:13Z</time>
   </trkpt>
   <trkpt lat="48.7398520" lon="2.2825820">
    <ele>57.5</ele>
    <time>2020-11-07T09:18:14Z</time>
   </trkpt>
   <trkpt lat="48.7398440" lon="2.2825300">
    <ele>57.5</ele>
    <time>2020-11-07T09:18:15Z</time>
   </trkpt>
   <trkpt lat="48.7398360" lon="2.2824810">
    <ele>57.5</ele>
    <time>2020-11-07T09:18:16Z</time>
   </trkpt>
   <trkpt lat="48.7398270" lon="2.2824320">
    <ele>57.6</ele>
    <time>2020-11-07T09:18:17Z</time>
   </trkpt>
   <trkpt lat="48.7398180" lon="2.2823880">
    <ele>57.6</ele>
    <time>2020-11-07T09:18:18Z</time>
   </trkpt>
   <trkpt lat="48.7398060" lon="2.2823290">
    <ele>57.6</ele>
    <time>2020-11-07T09:18:20Z</time>
   </trkpt>
   <trkpt lat="48.7397870" lon="2.2822630">
    <ele>57.6</ele>
    <time>2020-11-07T09:18:21Z</time>
   </trkpt>
   <trkpt lat="48.7397720" lon="2.2822140">
    <ele>57.6</ele>
    <time>2020-11-07T09:18:22Z</time>
   </trkpt>
   <trkpt lat="48.7397530" lon="2.2821580">
    <ele>57.6</ele>
    <time>2020-11-07T09:18:24Z</time>
   </trkpt>
   <trkpt lat="48.7397270" lon="2.2821050">
    <ele>57.6</ele>
    <time>2020-11-07T09:18:25Z</time>
   </trkpt>
   <trkpt lat="48.7397060" lon="2.2820570">
    <ele>57.6</ele>
    <time>2020-11-07T09:18:26Z</time>
   </trkpt>
   <trkpt lat="48.7396830" lon="2.2820130">
    <ele>57.6</ele>
    <time>2020-11-07T09:18:27Z</time>
   </trkpt>
   <trkpt lat="48.7396600" lon="2.2819580">
    <ele>57.6</ele>
    <time>2020-11-07T09:18:29Z</time>
   </trkpt>
   <trkpt lat="48.7396460" lon="2.2819190">
    <ele>57.6</ele>
    <time>2020-11-07T09:18:30Z</time>
   </trkpt>
   <trkpt lat="48.7396270" lon="2.2818820">
    <ele>57.6</ele>
    <time>2020-11-07T09:18:31Z</time>
   </trkpt>
   <trkpt lat="48.7396120" lon="2.2818460">
    <ele>57.5</ele>
    <time>2020-11-07T09:18:32Z</time>
   </trkpt>
   <trkpt lat="48.7395950" lon="2.2817960">
    <ele>57.5</ele>
    <time>2020-11-07T09:18:33Z</time>
   </trkpt>
   <trkpt lat="48.7395800" lon="2.2817570">
    <ele>57.6</ele>
    <time>2020-11-07T09:18:34Z</time>
   </trkpt>
   <trkpt lat="48.7395570" lon="2.2817000">
    <ele>57.6</ele>
    <time>2020-11-07T09:18:36Z</time>
   </trkpt>
   <trkpt lat="48.7395400" lon="2.2816620">
    <ele>57.6</ele>
    <time>2020-11-07T09:18:37Z</time>
   </trkpt>
   <trkpt lat="48.7395190" lon="2.2816100">
    <ele>57.6</ele>
    <time>2020-11-07T09:18:39Z</time>
   </trkpt>
   <trkpt lat="48.7395110" lon="2.2815710">
    <ele>57.6</ele>
    <time>2020-11-07T09:18:40Z</time>
   </trkpt>
   <trkpt lat="48.7394970" lon="2.2815060">
    <ele>57.7</ele>
    <time>2020-11-07T09:18:41Z</time>
   </trkpt>
   <trkpt lat="48.7394900" lon="2.2814800">
    <ele>57.7</ele>
    <time>2020-11-07T09:18:42Z</time>
   </trkpt>
   <trkpt lat="48.7394710" lon="2.2814280">
    <ele>57.7</ele>
    <time>2020-11-07T09:18:43Z</time>
   </trkpt>
   <trkpt lat="48.7394540" lon="2.2813860">
    <ele>57.7</ele>
    <time>2020-11-07T09:18:45Z</time>
   </trkpt>
   <trkpt lat="48.7394300" lon="2.2813350">
    <ele>57.7</ele>
    <time>2020-11-07T09:18:46Z</time>
   </trkpt>
   <trkpt lat="48.7394200" lon="2.2812930">
    <ele>57.7</ele>
    <time>2020-11-07T09:18:47Z</time>
   </trkpt>
   <trkpt lat="48.7394090" lon="2.2812510">
    <ele>57.8</ele>
    <time>2020-11-07T09:18:48Z</time>
   </trkpt>
   <trkpt lat="48.7393920" lon="2.2812070">
    <ele>57.8</ele>
    <time>2020-11-07T09:18:49Z</time>
   </trkpt>
   <trkpt lat="48.7393700" lon="2.2811540">
    <ele>57.8</ele>
    <time>2020-11-07T09:18:51Z</time>
   </trkpt>
   <trkpt lat="48.7393600" lon="2.2811070">
    <ele>57.8</ele>
    <time>2020-11-07T09:18:52Z</time>
   </trkpt>
   <trkpt lat="48.7393570" lon="2.2810900">
    <ele>57.8</ele>
    <time>2020-11-07T09:18:53Z</time>
   </trkpt>
   <trkpt lat="48.7393460" lon="2.2810360">
    <ele>57.8</ele>
    <time>2020-11-07T09:18:54Z</time>
   </trkpt>
   <trkpt lat="48.7393340" lon="2.2809900">
    <ele>57.8</ele>
    <time>2020-11-07T09:18:55Z</time>
   </trkpt>
   <trkpt lat="48.7393200" lon="2.2809420">
    <ele>57.9</ele>
    <time>2020-11-07T09:18:56Z</time>
   </trkpt>
   <trkpt lat="48.7393000" lon="2.2808850">
    <ele>57.9</ele>
    <time>2020-11-07T09:18:57Z</time>
   </trkpt>
   <trkpt lat="48.7392780" lon="2.2808250">
    <ele>57.9</ele>
    <time>2020-11-07T09:18:59Z</time>
   </trkpt>
   <trkpt lat="48.7392600" lon="2.2807820">
    <ele>58.0</ele>
    <time>2020-11-07T09:19:00Z</time>
   </trkpt>
   <trkpt lat="48.7392460" lon="2.2807440">
    <ele>58.0</ele>
    <time>2020-11-07T09:19:01Z</time>
   </trkpt>
   <trkpt lat="48.7392290" lon="2.2807050">
    <ele>58.0</ele>
    <time>2020-11-07T09:19:02Z</time>
   </trkpt>
   <trkpt lat="48.7392090" lon="2.2806650">
    <ele>58.0</ele>
    <time>2020-11-07T09:19:03Z</time>
   </trkpt>
   <trkpt lat="48.7391860" lon="2.2806150">
    <ele>58.1</ele>
    <time>2020-11-07T09:19:04Z</time>
   </trkpt>
   <trkpt lat="48.7391550" lon="2.2805550">
    <ele>58.1</ele>
    <time>2020-11-07T09:19:06Z</time>
   </trkpt>
   <trkpt lat="48.7391330" lon="2.2805180">
    <ele>58.1</ele>
    <time>2020-11-07T09:19:07Z</time>
   </trkpt>
   <trkpt lat="48.7391150" lon="2.2804810">
    <ele>58.2</ele>
    <time>2020-11-07T09:19:08Z</time>
   </trkpt>
   <trkpt lat="48.7390980" lon="2.2804410">
    <ele>58.2</ele>
    <time>2020-11-07T09:19:09Z</time>
   </trkpt>
   <trkpt lat="48.7390960" lon="2.2804210">
    <ele>58.2</ele>
    <time>2020-11-07T09:19:10Z</time>
   </trkpt>
   <trkpt lat="48.7390960" lon="2.2803940">
    <ele>58.2</ele>
    <time>2020-11-07T09:19:11Z</time>
   </trkpt>
   <trkpt lat="48.7390900" lon="2.2803600">
    <ele>58.2</ele>
    <time>2020-11-07T09:19:12Z</time>
   </trkpt>
   <trkpt lat="48.7390680" lon="2.2803130">
    <ele>58.3</ele>
    <time>2020-11-07T09:19:14Z</time>
   </trkpt>
   <trkpt lat="48.7390520" lon="2.2802740">
    <ele>58.3</ele>
    <time>2020-11-07T09:19:15Z</time>
   </trkpt>
   <trkpt lat="48.7390370" lon="2.2802390">
    <ele>58.3</ele>
    <time>2020-11-07T09:19:16Z</time>
   </trkpt>
   <trkpt lat="48.7390150" lon="2.2801850">
    <ele>58.3</ele>
    <time>2020-11-07T09:19:17Z</time>
   </trkpt>
   <trkpt lat="48.7390070" lon="2.2801660">
    <ele>58.3</ele>
    <time>2020-11-07T09:19:18Z</time>
   </trkpt>
   <trkpt lat="48.7389890" lon="2.2801260">
    <ele>58.4</ele>
    <time>2020-11-07T09:19:19Z</time>
   </trkpt>
   <trkpt lat="48.7389730" lon="2.2800820">
    <ele>58.4</ele>
    <time>2020-11-07T09:19:20Z</time>
   </trkpt>
   <trkpt lat="48.7389540" lon="2.2800420">
    <ele>58.4</ele>
    <time>2020-11-07T09:19:21Z</time>
   </trkpt>
   <trkpt lat="48.7389330" lon="2.2799700">
    <ele>58.4</ele>
    <time>2020-11-07T09:19:23Z</time>
   </trkpt>
   <trkpt lat="48.7389190" lon="2.2799300">
    <ele>58.4</ele>
    <time>2020-11-07T09:19:24Z</time>
   </trkpt>
   <trkpt lat="48.7389040" lon="2.2798910">
    <ele>58.4</ele>
    <time>2020-11-07T09:19:25Z</time>
   </trkpt>
   <trkpt lat="48.7388920" lon="2.2798530">
    <ele>58.4</ele>
    <time>2020-11-07T09:19:26Z</time>
   </trkpt>
   <trkpt lat="48.7388800" lon="2.2798080">
    <ele>58.4</ele>
    <time>2020-11-07T09:19:27Z</time>
   </trkpt>
   <trkpt lat="48.7388700" lon="2.2797550">
    <ele>58.5</ele>
    <time>2020-11-07T09:19:28Z</time>
   </trkpt>
   <trkpt lat="48.7388580" lon="2.2797020">
    <ele>58.5</ele>
    <time>2020-11-07T09:19:29Z</time>
   </trkpt>
   <trkpt lat="48.7388400" lon="2.2796450">
    <ele>58.5</ele>
    <time>2020-11-07T09:19:31Z</time>
   </trkpt>
   <trkpt lat="48.7388310" lon="2.2796020">
    <ele>58.5</ele>
    <time>2020-11-07T09:19:32Z</time>
   </trkpt>
   <trkpt lat="48.7388190" lon="2.2795610">
    <ele>58.5</ele>
    <time>2020-11-07T09:19:33Z</time>
   </trkpt>
   <trkpt lat="48.7388030" lon="2.2795080">
    <ele>58.5</ele>
    <time>2020-11-07T09:19:34Z</time>
   </trkpt>
   <trkpt lat="48.7387790" lon="2.2794480">
    <ele>58.5</ele>
    <time>2020-11-07T09:19:35Z</time>
   </trkpt>
   <trkpt lat="48.7387600" lon="2.2794030">
    <ele>58.5</ele>
    <time>2020-11-07T09:19:36Z</time>
   </trkpt>
   <trkpt lat="48.7387400" lon="2.2793620">
    <ele>58.5</ele>
    <time>2020-11-07T09:19:37Z</time>
   </trkpt>
   <trkpt lat="48.7387200" lon="2.2793200">
    <ele>58.5</ele>
    <time>2020-11-07T09:19:39Z</time>
   </trkpt>
   <trkpt lat="48.7386980" lon="2.2792780">
    <ele>58.5</ele>
    <time>2020-11-07T09:19:40Z</time>
   </trkpt>
   <trkpt lat="48.7386720" lon="2.2792240">
    <ele>58.5</ele>
    <time>2020-11-07T09:19:41Z</time>
   </trkpt>
   <trkpt lat="48.7386480" lon="2.2791830">
    <ele>58.5</ele>
    <time>2020-11-07T09:19:42Z</time>
   </trkpt>
   <trkpt lat="48.7386230" lon="2.2791480">
    <ele>58.6</ele>
    <time>2020-11-07T09:19:43Z</time>
   </trkpt>
   <trkpt lat="48.7386030" lon="2.2791130">
    <ele>58.6</ele>
    <time>2020-11-07T09:19:44Z</time>
   </trkpt>
   <trkpt lat="48.7385870" lon="2.2790750">
    <ele>58.7</ele>
    <time>2020-11-07T09:19:45Z</time>
   </trkpt>
   <trkpt lat="48.7385620" lon="2.2790190">
    <ele>58.7</ele>
    <time>2020-11-07T09:19:47Z</time>
   </trkpt>
   <trkpt lat="48.7385400" lon="2.2789770">
    <ele>58.8</ele>
    <time>2020-11-07T09:19:48Z</time>
   </trkpt>
   <trkpt lat="48.7385140" lon="2.2789260">
    <ele>58.8</ele>
    <time>2020-11-07T09:19:50Z</time>
   </trkpt>
   <trkpt lat="48.7384920" lon="2.2788840">
    <ele>58.8</ele>
    <time>2020-11-07T09:19:51Z</time>
   </trkpt>
   <trkpt lat="48.7384670" lon="2.2788300">
    <ele>58.9</ele>
    <time>2020-11-07T09:19:52Z</time>
   </trkpt>
   <trkpt lat="48.7384580" lon="2.2788090">
    <ele>58.9</ele>
    <time>2020-11-07T09:19:53Z</time>
   </trkpt>
   <trkpt lat="48.7384380" lon="2.2787720">
    <ele>58.9</ele>
    <time>2020-11-07T09:19:54Z</time>
   </trkpt>
   <trkpt lat="48.7384160" lon="2.2787270">
    <ele>58.9</ele>
    <time>2020-11-07T09:19:56Z</time>
   </trkpt>
   <trkpt lat="48.7384010" lon="2.2786810">
    <ele>59.0</ele>
    <time>2020-11-07T09:19:57Z</time>
   </trkpt>
   <trkpt lat="48.7383850" lon="2.2786410">
    <ele>59.0</ele>
    <time>2020-11-07T09:19:58Z</time>
   </trkpt>
   <trkpt lat="48.7383610" lon="2.2785860">
    <ele>59.0</ele>
    <time>2020-11-07T09:19:59Z</time>
   </trkpt>
   <trkpt lat="48.7383510" lon="2.2785650">
    <ele>59.0</ele>
    <time>2020-11-07T09:20:00Z</time>
   </trkpt>
   <trkpt lat="48.7383280" lon="2.2785150">
    <ele>59.1</ele>
    <time>2020-11-07T09:20:02Z</time>
   </trkpt>
   <trkpt lat="48.7383080" lon="2.2784640">
    <ele>59.1</ele>
    <time>2020-11-07T09:20:03Z</time>
   </trkpt>
   <trkpt lat="48.7382970" lon="2.2784260">
    <ele>59.1</ele>
    <time>2020-11-07T09:20:04Z</time>
   </trkpt>
   <trkpt lat="48.7382900" lon="2.2783740">
    <ele>59.1</ele>
    <time>2020-11-07T09:20:05Z</time>
   </trkpt>
   <trkpt lat="48.7382890" lon="2.2783560">
    <ele>59.1</ele>
    <time>2020-11-07T09:20:06Z</time>
   </trkpt>
   <trkpt lat="48.7383010" lon="2.2783010">
    <ele>58.8</ele>
    <time>2020-11-07T09:20:07Z</time>
   </trkpt>
   <trkpt lat="48.7383090" lon="2.2782840">
    <ele>58.7</ele>
    <time>2020-11-07T09:20:08Z</time>
   </trkpt>
   <trkpt lat="48.7383280" lon="2.2782440">
    <ele>58.5</ele>
    <time>2020-11-07T09:20:10Z</time>
   </trkpt>
   <trkpt lat="48.7383540" lon="2.2782140">
    <ele>58.4</ele>
    <time>2020-11-07T09:20:11Z</time>
   </trkpt>
   <trkpt lat="48.7383800" lon="2.2781910">
    <ele>58.2</ele>
    <time>2020-11-07T09:20:12Z</time>
   </trkpt>
   <trkpt lat="48.7384110" lon="2.2781630">
    <ele>58.1</ele>
    <time>2020-11-07T09:20:13Z</time>
   </trkpt>
   <trkpt lat="48.7384510" lon="2.2781310">
    <ele>57.9</ele>
    <time>2020-11-07T09:20:15Z</time>
   </trkpt>
   <trkpt lat="48.7384730" lon="2.2780990">
    <ele>57.7</ele>
    <time>2020-11-07T09:20:16Z</time>
   </trkpt>
   <trkpt lat="48.7385050" lon="2.2780600">
    <ele>57.6</ele>
    <time>2020-11-07T09:20:17Z</time>
   </trkpt>
   <trkpt lat="48.7385160" lon="2.2780470">
    <ele>57.5</ele>
    <time>2020-11-07T09:20:18Z</time>
   </trkpt>
   <trkpt lat="48.7385440" lon="2.2780090">
    <ele>57.4</ele>
    <time>2020-11-07T09:20:19Z</time>
   </trkpt>
   <trkpt lat="48.7385510" lon="2.2779960">
    <ele>57.3</ele>
    <time>2020-11-07T09:20:20Z</time>
   </trkpt>
   <trkpt lat="48.7385780" lon="2.2779580">
    <ele>57.2</ele>
    <time>2020-11-07T09:20:21Z</time>
   </trkpt>
   <trkpt lat="48.7385900" lon="2.2779450">
    <ele>57.1</ele>
    <time>2020-11-07T09:20:22Z</time>
   </trkpt>
   <trkpt lat="48.7386170" lon="2.2779170">
    <ele>57.0</ele>
    <time>2020-11-07T09:20:23Z</time>
   </trkpt>
   <trkpt lat="48.7386430" lon="2.2778890">
    <ele>56.9</ele>
    <time>2020-11-07T09:20:24Z</time>
   </trkpt>
   <trkpt lat="48.7386690" lon="2.2778650">
    <ele>56.9</ele>
    <time>2020-11-07T09:20:25Z</time>
   </trkpt>
   <trkpt lat="48.7386920" lon="2.2778420">
    <ele>56.8</ele>
    <time>2020-11-07T09:20:26Z</time>
   </trkpt>
   <trkpt lat="48.7387180" lon="2.2778190">
    <ele>56.8</ele>
    <time>2020-11-07T09:20:27Z</time>
   </trkpt>
   <trkpt lat="48.7387480" lon="2.2777910">
    <ele>56.7</ele>
    <time>2020-11-07T09:20:28Z</time>
   </trkpt>
   <trkpt lat="48.7387710" lon="2.2777660">
    <ele>56.7</ele>
    <time>2020-11-07T09:20:30Z</time>
   </trkpt>
   <trkpt lat="48.7387970" lon="2.2777450">
    <ele>56.7</ele>
    <time>2020-11-07T09:20:31Z</time>
   </trkpt>
   <trkpt lat="48.7388270" lon="2.2777250">
    <ele>56.7</ele>
    <time>2020-11-07T09:20:32Z</time>
   </trkpt>
   <trkpt lat="48.7388530" lon="2.2777030">
    <ele>56.7</ele>
    <time>2020-11-07T09:20:33Z</time>
   </trkpt>
   <trkpt lat="48.7388810" lon="2.2776750">
    <ele>56.7</ele>
    <time>2020-11-07T09:20:34Z</time>
   </trkpt>
   <trkpt lat="48.7389070" lon="2.2776470">
    <ele>56.7</ele>
    <time>2020-11-07T09:20:35Z</time>
   </trkpt>
   <trkpt lat="48.7389320" lon="2.2776160">
    <ele>56.8</ele>
    <time>2020-11-07T09:20:36Z</time>
   </trkpt>
   <trkpt lat="48.7389570" lon="2.2775830">
    <ele>56.9</ele>
    <time>2020-11-07T09:20:37Z</time>
   </trkpt>
   <trkpt lat="48.7389780" lon="2.2775440">
    <ele>56.9</ele>
    <time>2020-11-07T09:20:39Z</time>
   </trkpt>
   <trkpt lat="48.7389830" lon="2.2775030">
    <ele>57.0</ele>
    <time>2020-11-07T09:20:40Z</time>
   </trkpt>
   <trkpt lat="48.7389790" lon="2.2774610">
    <ele>57.1</ele>
    <time>2020-11-07T09:20:41Z</time>
   </trkpt>
   <trkpt lat="48.7389600" lon="2.2774090">
    <ele>57.4</ele>
    <time>2020-11-07T09:20:42Z</time>
   </trkpt>
   <trkpt lat="48.7389530" lon="2.2773930">
    <ele>57.4</ele>
    <time>2020-11-07T09:20:43Z</time>
   </trkpt>
   <trkpt lat="48.7389400" lon="2.2773700">
    <ele>57.5</ele>
    <time>2020-11-07T09:20:44Z</time>
   </trkpt>
   <trkpt lat="48.7389320" lon="2.2773340">
    <ele>57.5</ele>
    <time>2020-11-07T09:20:46Z</time>
   </trkpt>
   <trkpt lat="48.7389240" lon="2.2772840">
    <ele>57.5</ele>
    <time>2020-11-07T09:20:47Z</time>
   </trkpt>
   <trkpt lat="48.7389190" lon="2.2772630">
    <ele>57.5</ele>
    <time>2020-11-07T09:20:48Z</time>
   </trkpt>
   <trkpt lat="48.7388950" lon="2.2772030">
    <ele>57.6</ele>
    <time>2020-11-07T09:20:50Z</time>
   </trkpt>
   <trkpt lat="48.7388710" lon="2.2771490">
    <ele>57.6</ele>
    <time>2020-11-07T09:20:51Z</time>
   </trkpt>
   <trkpt lat="48.7388570" lon="2.2771070">
    <ele>57.6</ele>
    <time>2020-11-07T09:20:52Z</time>
   </trkpt>
   <trkpt lat="48.7388420" lon="2.2770650">
    <ele>57.7</ele>
    <time>2020-11-07T09:20:53Z</time>
   </trkpt>
   <trkpt lat="48.7388150" lon="2.2770120">
    <ele>57.7</ele>
    <time>2020-11-07T09:20:55Z</time>
   </trkpt>
   <trkpt lat="48.7388000" lon="2.2769750">
    <ele>57.7</ele>
    <time>2020-11-07T09:20:56Z</time>
   </trkpt>
   <trkpt lat="48.7387810" lon="2.2769300">
    <ele>57.8</ele>
    <time>2020-11-07T09:20:57Z</time>
   </trkpt>
   <trkpt lat="48.7387740" lon="2.2769170">
    <ele>57.8</ele>
    <time>2020-11-07T09:20:58Z</time>
   </trkpt>
   <trkpt lat="48.7387550" lon="2.2768730">
    <ele>57.8</ele>
    <time>2020-11-07T09:20:59Z</time>
   </trkpt>
   <trkpt lat="48.7387470" lon="2.2768590">
    <ele>57.8</ele>
    <time>2020-11-07T09:21:00Z</time>
   </trkpt>
   <trkpt lat="48.7387280" lon="2.2768240">
    <ele>57.9</ele>
    <time>2020-11-07T09:21:01Z</time>
   </trkpt>
   <trkpt lat="48.7387210" lon="2.2768080">
    <ele>57.9</ele>
    <time>2020-11-07T09:21:02Z</time>
   </trkpt>
   <trkpt lat="48.7387140" lon="2.2767670">
    <ele>57.9</ele>
    <time>2020-11-07T09:21:03Z</time>
   </trkpt>
   <trkpt lat="48.7386990" lon="2.2767100">
    <ele>57.9</ele>
    <time>2020-11-07T09:21:05Z</time>
   </trkpt>
   <trkpt lat="48.7386880" lon="2.2766630">
    <ele>58.0</ele>
    <time>2020-11-07T09:21:06Z</time>
   </trkpt>
   <trkpt lat="48.7386750" lon="2.2766090">
    <ele>58.0</ele>
    <time>2020-11-07T09:21:07Z</time>
   </trkpt>
   <trkpt lat="48.7386630" lon="2.2765560">
    <ele>58.0</ele>
    <time>2020-11-07T09:21:08Z</time>
   </trkpt>
   <trkpt lat="48.7386480" lon="2.2765040">
    <ele>58.1</ele>
    <time>2020-11-07T09:21:09Z</time>
   </trkpt>
   <trkpt lat="48.7386320" lon="2.2764500">
    <ele>58.1</ele>
    <time>2020-11-07T09:21:10Z</time>
   </trkpt>
   <trkpt lat="48.7386190" lon="2.2763890">
    <ele>58.2</ele>
    <time>2020-11-07T09:21:12Z</time>
   </trkpt>
   <trkpt lat="48.7386090" lon="2.2763380">
    <ele>58.2</ele>
    <time>2020-11-07T09:21:13Z</time>
   </trkpt>
   <trkpt lat="48.7385990" lon="2.2762900">
    <ele>58.2</ele>
    <time>2020-11-07T09:21:14Z</time>
   </trkpt>
   <trkpt lat="48.7385850" lon="2.2762360">
    <ele>58.3</ele>
    <time>2020-11-07T09:21:15Z</time>
   </trkpt>
   <trkpt lat="48.7385790" lon="2.2762190">
    <ele>58.3</ele>
    <time>2020-11-07T09:21:16Z</time>
   </trkpt>
   <trkpt lat="48.7385640" lon="2.2761930">
    <ele>58.3</ele>
    <time>2020-11-07T09:21:17Z</time>
   </trkpt>
   <trkpt lat="48.7385610" lon="2.2761760">
    <ele>58.3</ele>
    <time>2020-11-07T09:21:18Z</time>
   </trkpt>
   <trkpt lat="48.7385440" lon="2.2761400">
    <ele>58.3</ele>
    <time>2020-11-07T09:21:19Z</time>
   </trkpt>
   <trkpt lat="48.7385380" lon="2.2761300">
    <ele>58.3</ele>
    <time>2020-11-07T09:21:20Z</time>
   </trkpt>
   <trkpt lat="48.7385170" lon="2.2761030">
    <ele>58.4</ele>
    <time>2020-11-07T09:21:22Z</time>
   </trkpt>
   <trkpt lat="48.7385110" lon="2.2760900">
    <ele>58.4</ele>
    <time>2020-11-07T09:21:23Z</time>
   </trkpt>
   <trkpt lat="48.7385010" lon="2.2760420">
    <ele>58.4</ele>
    <time>2020-11-07T09:21:24Z</time>
   </trkpt>
   <trkpt lat="48.7384990" lon="2.2760270">
    <ele>58.4</ele>
    <time>2020-11-07T09:21:25Z</time>
   </trkpt>
   <trkpt lat="48.7384970" lon="2.2759950">
    <ele>58.4</ele>
    <time>2020-11-07T09:21:26Z</time>
   </trkpt>
   <trkpt lat="48.7385040" lon="2.2759470">
    <ele>58.5</ele>
    <time>2020-11-07T09:21:28Z</time>
   </trkpt>
   <trkpt lat="48.7385160" lon="2.2758940">
    <ele>58.5</ele>
    <time>2020-11-07T09:21:29Z</time>
   </trkpt>
   <trkpt lat="48.7385220" lon="2.2758690">
    <ele>58.5</ele>
    <time>2020-11-07T09:21:30Z</time>
   </trkpt>
   <trkpt lat="48.7385410" lon="2.2758200">
    <ele>58.6</ele>
    <time>2020-11-07T09:21:31Z</time>
   </trkpt>
   <trkpt lat="48.7385720" lon="2.2757410">
    <ele>58.6</ele>
    <time>2020-11-07T09:21:33Z</time>
   </trkpt>
   <trkpt lat="48.7385830" lon="2.2756870">
    <ele>58.3</ele>
    <time>2020-11-07T09:21:34Z</time>
   </trkpt>
   <trkpt lat="48.7385900" lon="2.2756320">
    <ele>58.3</ele>
    <time>2020-11-07T09:21:35Z</time>
   </trkpt>
   <trkpt lat="48.7385970" lon="2.2755920">
    <ele>58.3</ele>
    <time>2020-11-07T09:21:36Z</time>
   </trkpt>
   <trkpt lat="48.7386040" lon="2.2755510">
    <ele>58.5</ele>
    <time>2020-11-07T09:21:37Z</time>
   </trkpt>
   <trkpt lat="48.7386200" lon="2.2755160">
    <ele>58.5</ele>
    <time>2020-11-07T09:21:38Z</time>
   </trkpt>
   <trkpt lat="48.7386610" lon="2.2754700">
    <ele>58.7</ele>
    <time>2020-11-07T09:21:40Z</time>
   </trkpt>
   <trkpt lat="48.7386780" lon="2.2754580">
    <ele>58.7</ele>
    <time>2020-11-07T09:21:41Z</time>
   </trkpt>
   <trkpt lat="48.7386940" lon="2.2754460">
    <ele>58.5</ele>
    <time>2020-11-07T09:21:42Z</time>
   </trkpt>
   <trkpt lat="48.7387220" lon="2.2754310">
    <ele>58.5</ele>
    <time>2020-11-07T09:21:43Z</time>
   </trkpt>
   <trkpt lat="48.7387620" lon="2.2753990">
    <ele>58.4</ele>
    <time>2020-11-07T09:21:44Z</time>
   </trkpt>
   <trkpt lat="48.7387770" lon="2.2753820">
    <ele>58.3</ele>
    <time>2020-11-07T09:21:45Z</time>
   </trkpt>
   <trkpt lat="48.7388030" lon="2.2753460">
    <ele>58.3</ele>
    <time>2020-11-07T09:21:46Z</time>
   </trkpt>
   <trkpt lat="48.7388320" lon="2.2753220">
    <ele>58.3</ele>
    <time>2020-11-07T09:21:47Z</time>
   </trkpt>
   <trkpt lat="48.7388650" lon="2.2753060">
    <ele>58.2</ele>
    <time>2020-11-07T09:21:48Z</time>
   </trkpt>
   <trkpt lat="48.7389080" lon="2.2752890">
    <ele>58.2</ele>
    <time>2020-11-07T09:21:50Z</time>
   </trkpt>
   <trkpt lat="48.7389380" lon="2.2752800">
    <ele>58.2</ele>
    <time>2020-11-07T09:21:51Z</time>
   </trkpt>
   <trkpt lat="48.7389660" lon="2.2752760">
    <ele>58.2</ele>
    <time>2020-11-07T09:21:52Z</time>
   </trkpt>
   <trkpt lat="48.7389950" lon="2.2752700">
    <ele>58.2</ele>
    <time>2020-11-07T09:21:53Z</time>
   </trkpt>
   <trkpt lat="48.7390250" lon="2.2752700">
    <ele>58.2</ele>
    <time>2020-11-07T09:21:54Z</time>
   </trkpt>
   <trkpt lat="48.7390540" lon="2.2752700">
    <ele>58.2</ele>
    <time>2020-11-07T09:21:55Z</time>
   </trkpt>
   <trkpt lat="48.7390820" lon="2.2752650">
    <ele>58.2</ele>
    <time>2020-11-07T09:21:56Z</time>
   </trkpt>
   <trkpt lat="48.7391100" lon="2.2752680">
    <ele>58.2</ele>
    <time>2020-11-07T09:21:57Z</time>
   </trkpt>
   <trkpt lat="48.7391340" lon="2.2752660">
    <ele>58.2</ele>
    <time>2020-11-07T09:21:58Z</time>
   </trkpt>
   <trkpt lat="48.7391640" lon="2.2752700">
    <ele>58.2</ele>
    <time>2020-11-07T09:22:00Z</time>
   </trkpt>
   <trkpt lat="48.7392010" lon="2.2752800">
    <ele>58.2</ele>
    <time>2020-11-07T09:22:01Z</time>
   </trkpt>
   <trkpt lat="48.7392130" lon="2.2752840">
    <ele>58.2</ele>
    <time>2020-11-07T09:22:02Z</time>
   </trkpt>
   <trkpt lat="48.7392490" lon="2.2752920">
    <ele>58.2</ele>
    <time>2020-11-07T09:22:03Z</time>
   </trkpt>
   <trkpt lat="48.7392610" lon="2.2752910">
    <ele>58.2</ele>
    <time>2020-11-07T09:22:04Z</time>
   </trkpt>
   <trkpt lat="48.7393050" lon="2.2752990">
    <ele>58.2</ele>
    <time>2020-11-07T09:22:06Z</time>
   </trkpt>
   <trkpt lat="48.7393220" lon="2.2753050">
    <ele>58.2</ele>
    <time>2020-11-07T09:22:07Z</time>
   </trkpt>
   <trkpt lat="48.7393380" lon="2.2753110">
    <ele>58.2</ele>
    <time>2020-11-07T09:22:08Z</time>
   </trkpt>
   <trkpt lat="48.7393730" lon="2.2753200">
    <ele>58.2</ele>
    <time>2020-11-07T09:22:09Z</time>
   </trkpt>
   <trkpt lat="48.7393860" lon="2.2753240">
    <ele>58.3</ele>
    <time>2020-11-07T09:22:10Z</time>
   </trkpt>
   <trkpt lat="48.7394220" lon="2.2753410">
    <ele>58.3</ele>
    <time>2020-11-07T09:22:11Z</time>
   </trkpt>
   <trkpt lat="48.7394710" lon="2.2753680">
    <ele>58.3</ele>
    <time>2020-11-07T09:22:13Z</time>
   </trkpt>
   <trkpt lat="48.7395030" lon="2.2753860">
    <ele>58.3</ele>
    <time>2020-11-07T09:22:14Z</time>
   </trkpt>
   <trkpt lat="48.7395280" lon="2.2754110">
    <ele>58.4</ele>
    <time>2020-11-07T09:22:15Z</time>
   </trkpt>
   <trkpt lat="48.7395500" lon="2.2754450">
    <ele>58.4</ele>
    <time>2020-11-07T09:22:16Z</time>
   </trkpt>
   <trkpt lat="48.7395660" lon="2.2754790">
    <ele>58.4</ele>
    <time>2020-11-07T09:22:17Z</time>
   </trkpt>
   <trkpt lat="48.7395860" lon="2.2755110">
    <ele>58.5</ele>
    <time>2020-11-07T09:22:18Z</time>
   </trkpt>
   <trkpt lat="48.7396080" lon="2.2755450">
    <ele>58.5</ele>
    <time>2020-11-07T09:22:19Z</time>
   </trkpt>
   <trkpt lat="48.7396300" lon="2.2755720">
    <ele>58.5</ele>
    <time>2020-11-07T09:22:20Z</time>
   </trkpt>
   <trkpt lat="48.7396570" lon="2.2756000">
    <ele>58.5</ele>
    <time>2020-11-07T09:22:21Z</time>
   </trkpt>
   <trkpt lat="48.7396960" lon="2.2756380">
    <ele>58.6</ele>
    <time>2020-11-07T09:22:23Z</time>
   </trkpt>
   <trkpt lat="48.7397220" lon="2.2756670">
    <ele>58.7</ele>
    <time>2020-11-07T09:22:24Z</time>
   </trkpt>
   <trkpt lat="48.7397470" lon="2.2756930">
    <ele>58.8</ele>
    <time>2020-11-07T09:22:25Z</time>
   </trkpt>
   <trkpt lat="48.7397720" lon="2.2757180">
    <ele>58.9</ele>
    <time>2020-11-07T09:22:26Z</time>
   </trkpt>
   <trkpt lat="48.7397990" lon="2.2757420">
    <ele>58.9</ele>
    <time>2020-11-07T09:22:27Z</time>
   </trkpt>
   <trkpt lat="48.7398280" lon="2.2757660">
    <ele>59.0</ele>
    <time>2020-11-07T09:22:28Z</time>
   </trkpt>
   <trkpt lat="48.7398560" lon="2.2757940">
    <ele>59.1</ele>
    <time>2020-11-07T09:22:29Z</time>
   </trkpt>
   <trkpt lat="48.7398810" lon="2.2758190">
    <ele>59.2</ele>
    <time>2020-11-07T09:22:31Z</time>
   </trkpt>
   <trkpt lat="48.7399070" lon="2.2758450">
    <ele>59.2</ele>
    <time>2020-11-07T09:22:32Z</time>
   </trkpt>
   <trkpt lat="48.7399390" lon="2.2758810">
    <ele>59.3</ele>
    <time>2020-11-07T09:22:33Z</time>
   </trkpt>
   <trkpt lat="48.7399720" lon="2.2759160">
    <ele>59.3</ele>
    <time>2020-11-07T09:22:34Z</time>
   </trkpt>
   <trkpt lat="48.7399830" lon="2.2759280">
    <ele>59.3</ele>
    <time>2020-11-07T09:22:35Z</time>
   </trkpt>
   <trkpt lat="48.7400060" lon="2.2759520">
    <ele>59.3</ele>
    <time>2020-11-07T09:22:36Z</time>
   </trkpt>
   <trkpt lat="48.7400320" lon="2.2759750">
    <ele>59.3</ele>
    <time>2020-11-07T09:22:37Z</time>
   </trkpt>
   <trkpt lat="48.7400570" lon="2.2759970">
    <ele>59.3</ele>
    <time>2020-11-07T09:22:38Z</time>
   </trkpt>
   <trkpt lat="48.7400840" lon="2.2760230">
    <ele>59.3</ele>
    <time>2020-11-07T09:22:40Z</time>
   </trkpt>
   <trkpt lat="48.7401050" lon="2.2760520">
    <ele>59.3</ele>
    <time>2020-11-07T09:22:41Z</time>
   </trkpt>
   <trkpt lat="48.7401280" lon="2.2760810">
    <ele>59.3</ele>
    <time>2020-11-07T09:22:42Z</time>
   </trkpt>
   <trkpt lat="48.7401550" lon="2.2761140">
    <ele>59.3</ele>
    <time>2020-11-07T09:22:43Z</time>
   </trkpt>
   <trkpt lat="48.7401780" lon="2.2761400">
    <ele>59.3</ele>
    <time>2020-11-07T09:22:44Z</time>
   </trkpt>
   <trkpt lat="48.7402010" lon="2.2761640">
    <ele>59.3</ele>
    <time>2020-11-07T09:22:45Z</time>
   </trkpt>
   <trkpt lat="48.7402270" lon="2.2761910">
    <ele>59.3</ele>
    <time>2020-11-07T09:22:46Z</time>
   </trkpt>
   <trkpt lat="48.7402520" lon="2.2762220">
    <ele>59.3</ele>
    <time>2020-11-07T09:22:47Z</time>
   </trkpt>
   <trkpt lat="48.7402760" lon="2.2762530">
    <ele>59.3</ele>
    <time>2020-11-07T09:22:48Z</time>
   </trkpt>
   <trkpt lat="48.7403060" lon="2.2762790">
    <ele>59.4</ele>
    <time>2020-11-07T09:22:50Z</time>
   </trkpt>
   <trkpt lat="48.7403300" lon="2.2763050">
    <ele>59.4</ele>
    <time>2020-11-07T09:22:51Z</time>
   </trkpt>
   <trkpt lat="48.7403550" lon="2.2763340">
    <ele>59.4</ele>
    <time>2020-11-07T09:22:52Z</time>
   </trkpt>
   <trkpt lat="48.7403780" lon="2.2763680">
    <ele>59.4</ele>
    <time>2020-11-07T09:22:53Z</time>
   </trkpt>
   <trkpt lat="48.7404080" lon="2.2764080">
    <ele>59.4</ele>
    <time>2020-11-07T09:22:54Z</time>
   </trkpt>
   <trkpt lat="48.7404170" lon="2.2764230">
    <ele>59.4</ele>
    <time>2020-11-07T09:22:55Z</time>
   </trkpt>
   <trkpt lat="48.7404380" lon="2.2764520">
    <ele>59.4</ele>
    <time>2020-11-07T09:22:56Z</time>
   </trkpt>
   <trkpt lat="48.7404600" lon="2.2764790">
    <ele>59.3</ele>
    <time>2020-11-07T09:22:57Z</time>
   </trkpt>
   <trkpt lat="48.7404900" lon="2.2765220">
    <ele>59.3</ele>
    <time>2020-11-07T09:22:59Z</time>
   </trkpt>
   <trkpt lat="48.7405190" lon="2.2765570">
    <ele>59.3</ele>
    <time>2020-11-07T09:23:00Z</time>
   </trkpt>
   <trkpt lat="48.7405300" lon="2.2765710">
    <ele>59.3</ele>
    <time>2020-11-07T09:23:01Z</time>
   </trkpt>
   <trkpt lat="48.7405520" lon="2.2765990">
    <ele>59.3</ele>
    <time>2020-11-07T09:23:02Z</time>
   </trkpt>
   <trkpt lat="48.7405730" lon="2.2766260">
    <ele>59.3</ele>
    <time>2020-11-07T09:23:03Z</time>
   </trkpt>
   <trkpt lat="48.7406000" lon="2.2766700">
    <ele>59.3</ele>
    <time>2020-11-07T09:23:04Z</time>
   </trkpt>
   <trkpt lat="48.7406090" lon="2.2766860">
    <ele>59.3</ele>
    <time>2020-11-07T09:23:05Z</time>
   </trkpt>
   <trkpt lat="48.7406420" lon="2.2767440">
    <ele>59.3</ele>
    <time>2020-11-07T09:23:07Z</time>
   </trkpt>
   <trkpt lat="48.7406560" lon="2.2767680">
    <ele>59.2</ele>
    <time>2020-11-07T09:23:08Z</time>
   </trkpt>
   <trkpt lat="48.7406710" lon="2.2767930">
    <ele>59.2</ele>
    <time>2020-11-07T09:23:09Z</time>
   </trkpt>
   <trkpt lat="48.7406920" lon="2.2768340">
    <ele>59.1</ele>
    <time>2020-11-07T09:23:10Z</time>
   </trkpt>
   <trkpt lat="48.7407140" lon="2.2768720">
    <ele>59.1</ele>
    <time>2020-11-07T09:23:11Z</time>
   </trkpt>
   <trkpt lat="48.7407470" lon="2.2769240">
    <ele>59.0</ele>
    <time>2020-11-07T09:23:13Z</time>
   </trkpt>
   <trkpt lat="48.7407770" lon="2.2769720">
    <ele>58.8</ele>
    <time>2020-11-07T09:23:14Z</time>
   </trkpt>
   <trkpt lat="48.7409200" lon="2.2771760">
    <ele>58.1</ele>
    <time>2020-11-07T09:23:20Z</time>
   </trkpt>
   <trkpt lat="48.7409720" lon="2.2772350">
    <ele>57.9</ele>
    <time>2020-11-07T09:23:22Z</time>
   </trkpt>
   <trkpt lat="48.7409980" lon="2.2772640">
    <ele>57.8</ele>
    <time>2020-11-07T09:23:23Z</time>
   </trkpt>
   <trkpt lat="48.7410450" lon="2.2773160">
    <ele>57.7</ele>
    <time>2020-11-07T09:23:25Z</time>
   </trkpt>
   <trkpt lat="48.7410710" lon="2.2773380">
    <ele>57.7</ele>
    <time>2020-11-07T09:23:26Z</time>
   </trkpt>
   <trkpt lat="48.7411180" lon="2.2773810">
    <ele>57.6</ele>
    <time>2020-11-07T09:23:28Z</time>
   </trkpt>
   <trkpt lat="48.7411670" lon="2.2774400">
    <ele>57.6</ele>
    <time>2020-11-07T09:23:30Z</time>
   </trkpt>
   <trkpt lat="48.7412090" lon="2.2774910">
    <ele>57.6</ele>
    <time>2020-11-07T09:23:32Z</time>
   </trkpt>
   <trkpt lat="48.7412290" lon="2.2775230">
    <ele>57.6</ele>
    <time>2020-11-07T09:23:33Z</time>
   </trkpt>
   <trkpt lat="48.7412710" lon="2.2776120">
    <ele>57.6</ele>
    <time>2020-11-07T09:23:35Z</time>
   </trkpt>
   <trkpt lat="48.7412890" lon="2.2776440">
    <ele>57.6</ele>
    <time>2020-11-07T09:23:36Z</time>
   </trkpt>
   <trkpt lat="48.7413080" lon="2.2776720">
    <ele>57.6</ele>
    <time>2020-11-07T09:23:37Z</time>
   </trkpt>
   <trkpt lat="48.7413230" lon="2.2777010">
    <ele>57.6</ele>
    <time>2020-11-07T09:23:38Z</time>
   </trkpt>
   <trkpt lat="48.7413430" lon="2.2777560">
    <ele>57.6</ele>
    <time>2020-11-07T09:23:40Z</time>
   </trkpt>
   <trkpt lat="48.7413590" lon="2.2777960">
    <ele>57.5</ele>
    <time>2020-11-07T09:23:41Z</time>
   </trkpt>
   <trkpt lat="48.7413840" lon="2.2778460">
    <ele>57.5</ele>
    <time>2020-11-07T09:23:42Z</time>
   </trkpt>
   <trkpt lat="48.7414100" lon="2.2778740">
    <ele>57.4</ele>
    <time>2020-11-07T09:23:44Z</time>
   </trkpt>
   <trkpt lat="48.7414340" lon="2.2778990">
    <ele>57.4</ele>
    <time>2020-11-07T09:23:45Z</time>
   </trkpt>
   <trkpt lat="48.7414610" lon="2.2779310">
    <ele>57.4</ele>
    <time>2020-11-07T09:23:46Z</time>
   </trkpt>
   <trkpt lat="48.7414830" lon="2.2779790">
    <ele>57.3</ele>
    <time>2020-11-07T09:23:48Z</time>
   </trkpt>
   <trkpt lat="48.7415000" lon="2.2780190">
    <ele>57.3</ele>
    <time>2020-11-07T09:23:49Z</time>
   </trkpt>
   <trkpt lat="48.7415200" lon="2.2780640">
    <ele>57.3</ele>
    <time>2020-11-07T09:23:50Z</time>
   </trkpt>
   <trkpt lat="48.7415380" lon="2.2781110">
    <ele>57.3</ele>
    <time>2020-11-07T09:23:51Z</time>
   </trkpt>
   <trkpt lat="48.7415710" lon="2.2781980">
    <ele>57.3</ele>
    <time>2020-11-07T09:23:53Z</time>
   </trkpt>
   <trkpt lat="48.7415930" lon="2.2782500">
    <ele>57.3</ele>
    <time>2020-11-07T09:23:54Z</time>
   </trkpt>
   <trkpt lat="48.7416190" lon="2.2783030">
    <ele>57.3</ele>
    <time>2020-11-07T09:23:56Z</time>
   </trkpt>
   <trkpt lat="48.7416390" lon="2.2783440">
    <ele>57.3</ele>
    <time>2020-11-07T09:23:57Z</time>
   </trkpt>
   <trkpt lat="48.7416550" lon="2.2783870">
    <ele>57.3</ele>
    <time>2020-11-07T09:23:58Z</time>
   </trkpt>
   <trkpt lat="48.7416720" lon="2.2784290">
    <ele>57.3</ele>
    <time>2020-11-07T09:23:59Z</time>
   </trkpt>
   <trkpt lat="48.7416930" lon="2.2784810">
    <ele>57.3</ele>
    <time>2020-11-07T09:24:00Z</time>
   </trkpt>
   <trkpt lat="48.7417130" lon="2.2785220">
    <ele>57.4</ele>
    <time>2020-11-07T09:24:01Z</time>
   </trkpt>
   <trkpt lat="48.7417320" lon="2.2785690">
    <ele>57.4</ele>
    <time>2020-11-07T09:24:02Z</time>
   </trkpt>
   <trkpt lat="48.7417500" lon="2.2786180">
    <ele>57.4</ele>
    <time>2020-11-07T09:24:04Z</time>
   </trkpt>
   <trkpt lat="48.7417690" lon="2.2786740">
    <ele>57.4</ele>
    <time>2020-11-07T09:24:05Z</time>
   </trkpt>
   <trkpt lat="48.7417980" lon="2.2787370">
    <ele>57.4</ele>
    <time>2020-11-07T09:24:07Z</time>
   </trkpt>
   <trkpt lat="48.7418130" lon="2.2787730">
    <ele>57.4</ele>
    <time>2020-11-07T09:24:08Z</time>
   </trkpt>
   <trkpt lat="48.7418360" lon="2.2788190">
    <ele>57.4</ele>
    <time>2020-11-07T09:24:09Z</time>
   </trkpt>
   <trkpt lat="48.7418680" lon="2.2788870">
    <ele>57.4</ele>
    <time>2020-11-07T09:24:11Z</time>
   </trkpt>
   <trkpt lat="48.7418910" lon="2.2789320">
    <ele>57.4</ele>
    <time>2020-11-07T09:24:12Z</time>
   </trkpt>
   <trkpt lat="48.7418990" lon="2.2789470">
    <ele>57.4</ele>
    <time>2020-11-07T09:24:13Z</time>
   </trkpt>
   <trkpt lat="48.7419300" lon="2.2790140">
    <ele>57.4</ele>
    <time>2020-11-07T09:24:15Z</time>
   </trkpt>
   <trkpt lat="48.7419500" lon="2.2790560">
    <ele>57.4</ele>
    <time>2020-11-07T09:24:16Z</time>
   </trkpt>
   <trkpt lat="48.7419750" lon="2.2791040">
    <ele>57.4</ele>
    <time>2020-11-07T09:24:18Z</time>
   </trkpt>
   <trkpt lat="48.7419970" lon="2.2791390">
    <ele>57.4</ele>
    <time>2020-11-07T09:24:19Z</time>
   </trkpt>
   <trkpt lat="48.7420170" lon="2.2791750">
    <ele>57.4</ele>
    <time>2020-11-07T09:24:20Z</time>
   </trkpt>
   <trkpt lat="48.7420350" lon="2.2792110">
    <ele>57.4</ele>
    <time>2020-11-07T09:24:21Z</time>
   </trkpt>
   <trkpt lat="48.7420520" lon="2.2792460">
    <ele>57.4</ele>
    <time>2020-11-07T09:24:22Z</time>
   </trkpt>
   <trkpt lat="48.7420660" lon="2.2792830">
    <ele>57.4</ele>
    <time>2020-11-07T09:24:23Z</time>
   </trkpt>
   <trkpt lat="48.7420840" lon="2.2793320">
    <ele>57.4</ele>
    <time>2020-11-07T09:24:25Z</time>
   </trkpt>
   <trkpt lat="48.7421030" lon="2.2793770">
    <ele>57.3</ele>
    <time>2020-11-07T09:24:26Z</time>
   </trkpt>
   <trkpt lat="48.7421200" lon="2.2794260">
    <ele>57.3</ele>
    <time>2020-11-07T09:24:27Z</time>
   </trkpt>
   <trkpt lat="48.7421380" lon="2.2794600">
    <ele>57.3</ele>
    <time>2020-11-07T09:24:28Z</time>
   </trkpt>
   <trkpt lat="48.7421560" lon="2.2794940">
    <ele>57.3</ele>
    <time>2020-11-07T09:24:30Z</time>
   </trkpt>
   <trkpt lat="48.7421760" lon="2.2795310">
    <ele>57.3</ele>
    <time>2020-11-07T09:24:31Z</time>
   </trkpt>
   <trkpt lat="48.7421950" lon="2.2795700">
    <ele>57.3</ele>
    <time>2020-11-07T09:24:32Z</time>
   </trkpt>
   <trkpt lat="48.7422190" lon="2.2796420">
    <ele>57.3</ele>
    <time>2020-11-07T09:24:34Z</time>
   </trkpt>
   <trkpt lat="48.7422440" lon="2.2797050">
    <ele>57.3</ele>
    <time>2020-11-07T09:24:35Z</time>
   </trkpt>
   <trkpt lat="48.7422660" lon="2.2797680">
    <ele>57.3</ele>
    <time>2020-11-07T09:24:37Z</time>
   </trkpt>
   <trkpt lat="48.7422870" lon="2.2798260">
    <ele>57.3</ele>
    <time>2020-11-07T09:24:38Z</time>
   </trkpt>
   <trkpt lat="48.7423090" lon="2.2798880">
    <ele>57.3</ele>
    <time>2020-11-07T09:24:39Z</time>
   </trkpt>
   <trkpt lat="48.7423300" lon="2.2799530">
    <ele>57.3</ele>
    <time>2020-11-07T09:24:41Z</time>
   </trkpt>
   <trkpt lat="48.7423530" lon="2.2800080">
    <ele>57.3</ele>
    <time>2020-11-07T09:24:42Z</time>
   </trkpt>
   <trkpt lat="48.7423710" lon="2.2800460">
    <ele>57.3</ele>
    <time>2020-11-07T09:24:43Z</time>
   </trkpt>
   <trkpt lat="48.7423890" lon="2.2800810">
    <ele>57.3</ele>
    <time>2020-11-07T09:24:44Z</time>
   </trkpt>
   <trkpt lat="48.7424100" lon="2.2801230">
    <ele>57.3</ele>
    <time>2020-11-07T09:24:46Z</time>
   </trkpt>
   <trkpt lat="48.7424320" lon="2.2801700">
    <ele>57.3</ele>
    <time>2020-11-07T09:24:47Z</time>
   </trkpt>
   <trkpt lat="48.7424530" lon="2.2802160">
    <ele>57.3</ele>
    <time>2020-11-07T09:24:48Z</time>
   </trkpt>
   <trkpt lat="48.7424690" lon="2.2802520">
    <ele>57.3</ele>
    <time>2020-11-07T09:24:49Z</time>
   </trkpt>
   <trkpt lat="48.7424830" lon="2.2802910">
    <ele>57.3</ele>
    <time>2020-11-07T09:24:50Z</time>
   </trkpt>
   <trkpt lat="48.7425000" lon="2.2803260">
    <ele>57.3</ele>
    <time>2020-11-07T09:24:51Z</time>
   </trkpt>
   <trkpt lat="48.7425130" lon="2.2803700">
    <ele>57.3</ele>
    <time>2020-11-07T09:24:52Z</time>
   </trkpt>
   <trkpt lat="48.7425260" lon="2.2804100">
    <ele>57.3</ele>
    <time>2020-11-07T09:24:53Z</time>
   </trkpt>
   <trkpt lat="48.7425510" lon="2.2804940">
    <ele>57.3</ele>
    <time>2020-11-07T09:24:55Z</time>
   </trkpt>
   <trkpt lat="48.7425620" lon="2.2805330">
    <ele>57.3</ele>
    <time>2020-11-07T09:24:56Z</time>
   </trkpt>
   <trkpt lat="48.7425730" lon="2.2805730">
    <ele>57.3</ele>
    <time>2020-11-07T09:24:57Z</time>
   </trkpt>
   <trkpt lat="48.7425800" lon="2.2806200">
    <ele>57.3</ele>
    <time>2020-11-07T09:24:58Z</time>
   </trkpt>
   <trkpt lat="48.7425900" lon="2.2806860">
    <ele>57.3</ele>
    <time>2020-11-07T09:25:00Z</time>
   </trkpt>
   <trkpt lat="48.7425960" lon="2.2807080">
    <ele>57.3</ele>
    <time>2020-11-07T09:25:01Z</time>
   </trkpt>
   <trkpt lat="48.7426010" lon="2.2807290">
    <ele>57.3</ele>
    <time>2020-11-07T09:25:02Z</time>
   </trkpt>
   <trkpt lat="48.7426130" lon="2.2807700">
    <ele>57.3</ele>
    <time>2020-11-07T09:25:03Z</time>
   </trkpt>
   <trkpt lat="48.7426280" lon="2.2808210">
    <ele>57.3</ele>
    <time>2020-11-07T09:25:04Z</time>
   </trkpt>
   <trkpt lat="48.7426410" lon="2.2808600">
    <ele>57.3</ele>
    <time>2020-11-07T09:25:05Z</time>
   </trkpt>
   <trkpt lat="48.7426660" lon="2.2809220">
    <ele>57.3</ele>
    <time>2020-11-07T09:25:07Z</time>
   </trkpt>
   <trkpt lat="48.7426810" lon="2.2809610">
    <ele>57.3</ele>
    <time>2020-11-07T09:25:08Z</time>
   </trkpt>
   <trkpt lat="48.7426980" lon="2.2809990">
    <ele>57.3</ele>
    <time>2020-11-07T09:25:09Z</time>
   </trkpt>
   <trkpt lat="48.7427210" lon="2.2810490">
    <ele>57.3</ele>
    <time>2020-11-07T09:25:11Z</time>
   </trkpt>
   <trkpt lat="48.7427410" lon="2.2810850">
    <ele>57.3</ele>
    <time>2020-11-07T09:25:12Z</time>
   </trkpt>
   <trkpt lat="48.7427570" lon="2.2811240">
    <ele>57.3</ele>
    <time>2020-11-07T09:25:13Z</time>
   </trkpt>
   <trkpt lat="48.7427720" lon="2.2811630">
    <ele>57.3</ele>
    <time>2020-11-07T09:25:14Z</time>
   </trkpt>
   <trkpt lat="48.7427940" lon="2.2812110">
    <ele>57.3</ele>
    <time>2020-11-07T09:25:15Z</time>
   </trkpt>
   <trkpt lat="48.7428130" lon="2.2812530">
    <ele>57.3</ele>
    <time>2020-11-07T09:25:16Z</time>
   </trkpt>
   <trkpt lat="48.7428310" lon="2.2812930">
    <ele>57.3</ele>
    <time>2020-11-07T09:25:17Z</time>
   </trkpt>
   <trkpt lat="48.7428460" lon="2.2813260">
    <ele>57.3</ele>
    <time>2020-11-07T09:25:18Z</time>
   </trkpt>
   <trkpt lat="48.7428700" lon="2.2813840">
    <ele>57.3</ele>
    <time>2020-11-07T09:25:20Z</time>
   </trkpt>
   <trkpt lat="48.7428790" lon="2.2814050">
    <ele>57.3</ele>
    <time>2020-11-07T09:25:21Z</time>
   </trkpt>
   <trkpt lat="48.7428870" lon="2.2814270">
    <ele>57.3</ele>
    <time>2020-11-07T09:25:22Z</time>
   </trkpt>
   <trkpt lat="48.7429050" lon="2.2814630">
    <ele>57.3</ele>
    <time>2020-11-07T09:25:23Z</time>
   </trkpt>
   <trkpt lat="48.7429190" lon="2.2814980">
    <ele>57.3</ele>
    <time>2020-11-07T09:25:24Z</time>
   </trkpt>
   <trkpt lat="48.7429330" lon="2.2815360">
    <ele>57.3</ele>
    <time>2020-11-07T09:25:25Z</time>
   </trkpt>
   <trkpt lat="48.7429380" lon="2.2815480">
    <ele>57.3</ele>
    <time>2020-11-07T09:25:26Z</time>
   </trkpt>
   <trkpt lat="48.7429560" lon="2.2815900">
    <ele>57.3</ele>
    <time>2020-11-07T09:25:27Z</time>
   </trkpt>
   <trkpt lat="48.7429620" lon="2.2816060">
    <ele>57.3</ele>
    <time>2020-11-07T09:25:28Z</time>
   </trkpt>
   <trkpt lat="48.7429750" lon="2.2816530">
    <ele>57.3</ele>
    <time>2020-11-07T09:25:29Z</time>
   </trkpt>
   <trkpt lat="48.7429790" lon="2.2816680">
    <ele>57.3</ele>
    <time>2020-11-07T09:25:30Z</time>
   </trkpt>
   <trkpt lat="48.7429950" lon="2.2817030">
    <ele>57.3</ele>
    <time>2020-11-07T09:25:31Z</time>
   </trkpt>
   <trkpt lat="48.7430000" lon="2.2817170">
    <ele>57.3</ele>
    <time>2020-11-07T09:25:32Z</time>
   </trkpt>
   <trkpt lat="48.7430160" lon="2.2817610">
    <ele>57.4</ele>
    <time>2020-11-07T09:25:34Z</time>
   </trkpt>
   <trkpt lat="48.7430310" lon="2.2818030">
    <ele>57.4</ele>
    <time>2020-11-07T09:25:35Z</time>
   </trkpt>
   <trkpt lat="48.7430470" lon="2.2818390">
    <ele>57.4</ele>
    <time>2020-11-07T09:25:36Z</time>
   </trkpt>
   <trkpt lat="48.7430670" lon="2.2818890">
    <ele>57.4</ele>
    <time>2020-11-07T09:25:37Z</time>
   </trkpt>
   <trkpt lat="48.7430870" lon="2.2819320">
    <ele>57.4</ele>
    <time>2020-11-07T09:25:38Z</time>
   </trkpt>
   <trkpt lat="48.7431040" lon="2.2819750">
    <ele>57.3</ele>
    <time>2020-11-07T09:25:39Z</time>
   </trkpt>
   <trkpt lat="48.7431250" lon="2.2820190">
    <ele>57.3</ele>
    <time>2020-11-07T09:25:41Z</time>
   </trkpt>
   <trkpt lat="48.7431480" lon="2.2820590">
    <ele>57.3</ele>
    <time>2020-11-07T09:25:42Z</time>
   </trkpt>
   <trkpt lat="48.7431610" lon="2.2820980">
    <ele>57.3</ele>
    <time>2020-11-07T09:25:43Z</time>
   </trkpt>
   <trkpt lat="48.7431740" lon="2.2821370">
    <ele>57.2</ele>
    <time>2020-11-07T09:25:44Z</time>
   </trkpt>
   <trkpt lat="48.7431860" lon="2.2821770">
    <ele>57.2</ele>
    <time>2020-11-07T09:25:45Z</time>
   </trkpt>
   <trkpt lat="48.7431980" lon="2.2822180">
    <ele>57.2</ele>
    <time>2020-11-07T09:25:46Z</time>
   </trkpt>
   <trkpt lat="48.7432120" lon="2.2822570">
    <ele>57.2</ele>
    <time>2020-11-07T09:25:47Z</time>
   </trkpt>
   <trkpt lat="48.7432270" lon="2.2822980">
    <ele>57.2</ele>
    <time>2020-11-07T09:25:48Z</time>
   </trkpt>
   <trkpt lat="48.7432420" lon="2.2823380">
    <ele>57.1</ele>
    <time>2020-11-07T09:25:49Z</time>
   </trkpt>
   <trkpt lat="48.7432620" lon="2.2823870">
    <ele>57.1</ele>
    <time>2020-11-07T09:25:51Z</time>
   </trkpt>
   <trkpt lat="48.7432780" lon="2.2824240">
    <ele>57.1</ele>
    <time>2020-11-07T09:25:52Z</time>
   </trkpt>
   <trkpt lat="48.7432960" lon="2.2824660">
    <ele>57.1</ele>
    <time>2020-11-07T09:25:53Z</time>
   </trkpt>
   <trkpt lat="48.7433100" lon="2.2825050">
    <ele>57.1</ele>
    <time>2020-11-07T09:25:54Z</time>
   </trkpt>
   <trkpt lat="48.7433250" lon="2.2825450">
    <ele>57.1</ele>
    <time>2020-11-07T09:25:56Z</time>
   </trkpt>
   <trkpt lat="48.7433420" lon="2.2825820">
    <ele>57.1</ele>
    <time>2020-11-07T09:25:57Z</time>
   </trkpt>
   <trkpt lat="48.7433590" lon="2.2826170">
    <ele>57.1</ele>
    <time>2020-11-07T09:25:58Z</time>
   </trkpt>
   <trkpt lat="48.7433810" lon="2.2826700">
    <ele>57.2</ele>
    <time>2020-11-07T09:25:59Z</time>
   </trkpt>
   <trkpt lat="48.7433970" lon="2.2827090">
    <ele>57.2</ele>
    <time>2020-11-07T09:26:00Z</time>
   </trkpt>
   <trkpt lat="48.7434140" lon="2.2827480">
    <ele>57.2</ele>
    <time>2020-11-07T09:26:01Z</time>
   </trkpt>
   <trkpt lat="48.7434300" lon="2.2827910">
    <ele>57.2</ele>
    <time>2020-11-07T09:26:02Z</time>
   </trkpt>
   <trkpt lat="48.7434520" lon="2.2828460">
    <ele>57.2</ele>
    <time>2020-11-07T09:26:04Z</time>
   </trkpt>
   <trkpt lat="48.7434720" lon="2.2828880">
    <ele>57.2</ele>
    <time>2020-11-07T09:26:05Z</time>
   </trkpt>
   <trkpt lat="48.7434960" lon="2.2829380">
    <ele>57.2</ele>
    <time>2020-11-07T09:26:06Z</time>
   </trkpt>
   <trkpt lat="48.7435020" lon="2.2829580">
    <ele>57.2</ele>
    <time>2020-11-07T09:26:07Z</time>
   </trkpt>
   <trkpt lat="48.7435180" lon="2.2829960">
    <ele>57.2</ele>
    <time>2020-11-07T09:26:08Z</time>
   </trkpt>
   <trkpt lat="48.7435350" lon="2.2830360">
    <ele>57.2</ele>
    <time>2020-11-07T09:26:09Z</time>
   </trkpt>
   <trkpt lat="48.7435500" lon="2.2830750">
    <ele>57.2</ele>
    <time>2020-11-07T09:26:10Z</time>
   </trkpt>
   <trkpt lat="48.7435680" lon="2.2831140">
    <ele>57.2</ele>
    <time>2020-11-07T09:26:11Z</time>
   </trkpt>
   <trkpt lat="48.7435920" lon="2.2831560">
    <ele>57.2</ele>
    <time>2020-11-07T09:26:12Z</time>
   </trkpt>
   <trkpt lat="48.7436120" lon="2.2831940">
    <ele>57.2</ele>
    <time>2020-11-07T09:26:13Z</time>
   </trkpt>
   <trkpt lat="48.7436360" lon="2.2832350">
    <ele>57.1</ele>
    <time>2020-11-07T09:26:14Z</time>
   </trkpt>
   <trkpt lat="48.7436580" lon="2.2832720">
    <ele>57.1</ele>
    <time>2020-11-07T09:26:15Z</time>
   </trkpt>
   <trkpt lat="48.7436850" lon="2.2833260">
    <ele>57.1</ele>
    <time>2020-11-07T09:26:17Z</time>
   </trkpt>
   <trkpt lat="48.7437010" lon="2.2833690">
    <ele>57.1</ele>
    <time>2020-11-07T09:26:18Z</time>
   </trkpt>
   <trkpt lat="48.7437220" lon="2.2834110">
    <ele>57.1</ele>
    <time>2020-11-07T09:26:19Z</time>
   </trkpt>
   <trkpt lat="48.7437280" lon="2.2834260">
    <ele>57.1</ele>
    <time>2020-11-07T09:26:20Z</time>
   </trkpt>
   <trkpt lat="48.7437400" lon="2.2834830">
    <ele>57.1</ele>
    <time>2020-11-07T09:26:21Z</time>
   </trkpt>
   <trkpt lat="48.7437420" lon="2.2835050">
    <ele>57.1</ele>
    <time>2020-11-07T09:26:22Z</time>
   </trkpt>
   <trkpt lat="48.7437520" lon="2.2835790">
    <ele>57.1</ele>
    <time>2020-11-07T09:26:24Z</time>
   </trkpt>
   <trkpt lat="48.7437560" lon="2.2836010">
    <ele>57.1</ele>
    <time>2020-11-07T09:26:25Z</time>
   </trkpt>
   <trkpt lat="48.7437600" lon="2.2836240">
    <ele>57.1</ele>
    <time>2020-11-07T09:26:26Z</time>
   </trkpt>
   <trkpt lat="48.7437740" lon="2.2836760">
    <ele>57.1</ele>
    <time>2020-11-07T09:26:27Z</time>
   </trkpt>
   <trkpt lat="48.7437900" lon="2.2837340">
    <ele>57.0</ele>
    <time>2020-11-07T09:26:28Z</time>
   </trkpt>
   <trkpt lat="48.7437960" lon="2.2837550">
    <ele>57.0</ele>
    <time>2020-11-07T09:26:29Z</time>
   </trkpt>
   <trkpt lat="48.7438110" lon="2.2837970">
    <ele>57.0</ele>
    <time>2020-11-07T09:26:30Z</time>
   </trkpt>
   <trkpt lat="48.7438220" lon="2.2838350">
    <ele>56.9</ele>
    <time>2020-11-07T09:26:31Z</time>
   </trkpt>
   <trkpt lat="48.7438340" lon="2.2838690">
    <ele>56.9</ele>
    <time>2020-11-07T09:26:32Z</time>
   </trkpt>
   <trkpt lat="48.7438490" lon="2.2839060">
    <ele>56.8</ele>
    <time>2020-11-07T09:26:34Z</time>
   </trkpt>
   <trkpt lat="48.7438620" lon="2.2839700">
    <ele>56.7</ele>
    <time>2020-11-07T09:26:35Z</time>
   </trkpt>
   <trkpt lat="48.7438670" lon="2.2840310">
    <ele>56.6</ele>
    <time>2020-11-07T09:26:37Z</time>
   </trkpt>
   <trkpt lat="48.7438770" lon="2.2840740">
    <ele>56.6</ele>
    <time>2020-11-07T09:26:38Z</time>
   </trkpt>
   <trkpt lat="48.7438920" lon="2.2841090">
    <ele>56.5</ele>
    <time>2020-11-07T09:26:39Z</time>
   </trkpt>
   <trkpt lat="48.7439090" lon="2.2841440">
    <ele>56.4</ele>
    <time>2020-11-07T09:26:40Z</time>
   </trkpt>
   <trkpt lat="48.7439320" lon="2.2841670">
    <ele>56.3</ele>
    <time>2020-11-07T09:26:41Z</time>
   </trkpt>
   <trkpt lat="48.7439660" lon="2.2841890">
    <ele>56.3</ele>
    <time>2020-11-07T09:26:42Z</time>
   </trkpt>
   <trkpt lat="48.7439760" lon="2.2841910">
    <ele>56.1</ele>
    <time>2020-11-07T09:26:43Z</time>
   </trkpt>
   <trkpt lat="48.7440060" lon="2.2841810">
    <ele>56.1</ele>
    <time>2020-11-07T09:26:44Z</time>
   </trkpt>
   <trkpt lat="48.7440160" lon="2.2841770">
    <ele>56.2</ele>
    <time>2020-11-07T09:26:45Z</time>
   </trkpt>
   <trkpt lat="48.7440340" lon="2.2841690">
    <ele>56.2</ele>
    <time>2020-11-07T09:26:46Z</time>
   </trkpt>
   <trkpt lat="48.7440500" lon="2.2841560">
    <ele>56.2</ele>
    <time>2020-11-07T09:26:47Z</time>
   </trkpt>
   <trkpt lat="48.7440650" lon="2.2841460">
    <ele>56.2</ele>
    <time>2020-11-07T09:26:48Z</time>
   </trkpt>
   <trkpt lat="48.7440860" lon="2.2841320">
    <ele>56.2</ele>
    <time>2020-11-07T09:26:50Z</time>
   </trkpt>
   <trkpt lat="48.7441130" lon="2.2841100">
    <ele>56.3</ele>
    <time>2020-11-07T09:26:51Z</time>
   </trkpt>
   <trkpt lat="48.7441230" lon="2.2841000">
    <ele>56.3</ele>
    <time>2020-11-07T09:26:52Z</time>
   </trkpt>
   <trkpt lat="48.7441480" lon="2.2840760">
    <ele>56.3</ele>
    <time>2020-11-07T09:26:53Z</time>
   </trkpt>
   <trkpt lat="48.7441560" lon="2.2840670">
    <ele>56.4</ele>
    <time>2020-11-07T09:26:54Z</time>
   </trkpt>
   <trkpt lat="48.7441830" lon="2.2840330">
    <ele>56.4</ele>
    <time>2020-11-07T09:26:55Z</time>
   </trkpt>
   <trkpt lat="48.7441920" lon="2.2840220">
    <ele>56.4</ele>
    <time>2020-11-07T09:26:56Z</time>
   </trkpt>
   <trkpt lat="48.7442120" lon="2.2840010">
    <ele>56.5</ele>
    <time>2020-11-07T09:26:57Z</time>
   </trkpt>
   <trkpt lat="48.7442400" lon="2.2839770">
    <ele>56.5</ele>
    <time>2020-11-07T09:26:59Z</time>
   </trkpt>
   <trkpt lat="48.7442770" lon="2.2839530">
    <ele>56.6</ele>
    <time>2020-11-07T09:27:00Z</time>
   </trkpt>
   <trkpt lat="48.7442890" lon="2.2839440">
    <ele>56.6</ele>
    <time>2020-11-07T09:27:01Z</time>
   </trkpt>
   <trkpt lat="48.7443130" lon="2.2839260">
    <ele>56.6</ele>
    <time>2020-11-07T09:27:02Z</time>
   </trkpt>
   <trkpt lat="48.7443380" lon="2.2839060">
    <ele>56.7</ele>
    <time>2020-11-07T09:27:03Z</time>
   </trkpt>
   <trkpt lat="48.7443640" lon="2.2838850">
    <ele>56.7</ele>
    <time>2020-11-07T09:27:04Z</time>
   </trkpt>
   <trkpt lat="48.7443880" lon="2.2838620">
    <ele>56.7</ele>
    <time>2020-11-07T09:27:05Z</time>
   </trkpt>
   <trkpt lat="48.7444230" lon="2.2838290">
    <ele>56.8</ele>
    <time>2020-11-07T09:27:06Z</time>
   </trkpt>
   <trkpt lat="48.7444350" lon="2.2838170">
    <ele>56.8</ele>
    <time>2020-11-07T09:27:07Z</time>
   </trkpt>
   <trkpt lat="48.7444640" lon="2.2837930">
    <ele>56.9</ele>
    <time>2020-11-07T09:27:08Z</time>
   </trkpt>
   <trkpt lat="48.7444970" lon="2.2837700">
    <ele>56.9</ele>
    <time>2020-11-07T09:27:09Z</time>
   </trkpt>
   <trkpt lat="48.7445370" lon="2.2837450">
    <ele>57.0</ele>
    <time>2020-11-07T09:27:10Z</time>
   </trkpt>
   <trkpt lat="48.7445730" lon="2.2837240">
    <ele>57.1</ele>
    <time>2020-11-07T09:27:11Z</time>
   </trkpt>
   <trkpt lat="48.7446180" lon="2.2837000">
    <ele>57.1</ele>
    <time>2020-11-07T09:27:13Z</time>
   </trkpt>
   <trkpt lat="48.7446520" lon="2.2836770">
    <ele>57.2</ele>
    <time>2020-11-07T09:27:14Z</time>
   </trkpt>
   <trkpt lat="48.7446850" lon="2.2836520">
    <ele>57.3</ele>
    <time>2020-11-07T09:27:15Z</time>
   </trkpt>
   <trkpt lat="48.7447270" lon="2.2836200">
    <ele>57.3</ele>
    <time>2020-11-07T09:27:16Z</time>
   </trkpt>
   <trkpt lat="48.7447570" lon="2.2835970">
    <ele>57.4</ele>
    <time>2020-11-07T09:27:17Z</time>
   </trkpt>
   <trkpt lat="48.7447900" lon="2.2835770">
    <ele>57.5</ele>
    <time>2020-11-07T09:27:18Z</time>
   </trkpt>
   <trkpt lat="48.7448210" lon="2.2835530">
    <ele>57.5</ele>
    <time>2020-11-07T09:27:19Z</time>
   </trkpt>
   <trkpt lat="48.7448600" lon="2.2835180">
    <ele>57.6</ele>
    <time>2020-11-07T09:27:21Z</time>
   </trkpt>
   <trkpt lat="48.7448890" lon="2.2834920">
    <ele>57.7</ele>
    <time>2020-11-07T09:27:22Z</time>
   </trkpt>
   <trkpt lat="48.7449130" lon="2.2834630">
    <ele>57.7</ele>
    <time>2020-11-07T09:27:23Z</time>
   </trkpt>
   <trkpt lat="48.7449450" lon="2.2834270">
    <ele>57.8</ele>
    <time>2020-11-07T09:27:24Z</time>
   </trkpt>
   <trkpt lat="48.7449560" lon="2.2834140">
    <ele>57.9</ele>
    <time>2020-11-07T09:27:25Z</time>
   </trkpt>
   <trkpt lat="48.7449790" lon="2.2833910">
    <ele>57.9</ele>
    <time>2020-11-07T09:27:26Z</time>
   </trkpt>
   <trkpt lat="48.7450120" lon="2.2833640">
    <ele>58.0</ele>
    <time>2020-11-07T09:27:27Z</time>
   </trkpt>
   <trkpt lat="48.7450220" lon="2.2833540">
    <ele>58.1</ele>
    <time>2020-11-07T09:27:28Z</time>
   </trkpt>
   <trkpt lat="48.7450480" lon="2.2833320">
    <ele>58.2</ele>
    <time>2020-11-07T09:27:29Z</time>
   </trkpt>
   <trkpt lat="48.7450720" lon="2.2833230">
    <ele>58.2</ele>
    <time>2020-11-07T09:27:30Z</time>
   </trkpt>
   <trkpt lat="48.7451070" lon="2.2833210">
    <ele>58.4</ele>
    <time>2020-11-07T09:27:32Z</time>
   </trkpt>
   <trkpt lat="48.7451400" lon="2.2833270">
    <ele>58.5</ele>
    <time>2020-11-07T09:27:33Z</time>
   </trkpt>
   <trkpt lat="48.7451730" lon="2.2833410">
    <ele>58.6</ele>
    <time>2020-11-07T09:27:34Z</time>
   </trkpt>
   <trkpt lat="48.7452090" lon="2.2833530">
    <ele>58.7</ele>
    <time>2020-11-07T09:27:36Z</time>
   </trkpt>
   <trkpt lat="48.7452420" lon="2.2833610">
    <ele>59.1</ele>
    <time>2020-11-07T09:27:37Z</time>
   </trkpt>
   <trkpt lat="48.7452720" lon="2.2833710">
    <ele>59.2</ele>
    <time>2020-11-07T09:27:38Z</time>
   </trkpt>
   <trkpt lat="48.7453060" lon="2.2833870">
    <ele>59.2</ele>
    <time>2020-11-07T09:27:39Z</time>
   </trkpt>
   <trkpt lat="48.7453380" lon="2.2834060">
    <ele>59.3</ele>
    <time>2020-11-07T09:27:40Z</time>
   </trkpt>
   <trkpt lat="48.7453710" lon="2.2834300">
    <ele>59.4</ele>
    <time>2020-11-07T09:27:41Z</time>
   </trkpt>
   <trkpt lat="48.7454000" lon="2.2834500">
    <ele>59.5</ele>
    <time>2020-11-07T09:27:42Z</time>
   </trkpt>
   <trkpt lat="48.7454260" lon="2.2834730">
    <ele>59.5</ele>
    <time>2020-11-07T09:27:43Z</time>
   </trkpt>
   <trkpt lat="48.7454590" lon="2.2835080">
    <ele>59.6</ele>
    <time>2020-11-07T09:27:45Z</time>
   </trkpt>
   <trkpt lat="48.7454850" lon="2.2835300">
    <ele>59.6</ele>
    <time>2020-11-07T09:27:46Z</time>
   </trkpt>
   <trkpt lat="48.7455080" lon="2.2835550">
    <ele>59.7</ele>
    <time>2020-11-07T09:27:47Z</time>
   </trkpt>
   <trkpt lat="48.7455310" lon="2.2835770">
    <ele>59.7</ele>
    <time>2020-11-07T09:27:48Z</time>
   </trkpt>
   <trkpt lat="48.7455650" lon="2.2836140">
    <ele>59.8</ele>
    <time>2020-11-07T09:27:49Z</time>
   </trkpt>
   <trkpt lat="48.7455770" lon="2.2836290">
    <ele>59.9</ele>
    <time>2020-11-07T09:27:50Z</time>
   </trkpt>
   <trkpt lat="48.7455990" lon="2.2836540">
    <ele>59.9</ele>
    <time>2020-11-07T09:27:51Z</time>
   </trkpt>
   <trkpt lat="48.7456240" lon="2.2836750">
    <ele>60.0</ele>
    <time>2020-11-07T09:27:52Z</time>
   </trkpt>
   <trkpt lat="48.7456490" lon="2.2836960">
    <ele>60.0</ele>
    <time>2020-11-07T09:27:53Z</time>
   </trkpt>
   <trkpt lat="48.7456730" lon="2.2837200">
    <ele>60.1</ele>
    <time>2020-11-07T09:27:54Z</time>
   </trkpt>
   <trkpt lat="48.7457020" lon="2.2837530">
    <ele>60.2</ele>
    <time>2020-11-07T09:27:56Z</time>
   </trkpt>
   <trkpt lat="48.7457340" lon="2.2837860">
    <ele>60.3</ele>
    <time>2020-11-07T09:27:57Z</time>
   </trkpt>
   <trkpt lat="48.7457460" lon="2.2838000">
    <ele>60.3</ele>
    <time>2020-11-07T09:27:58Z</time>
   </trkpt>
   <trkpt lat="48.7457710" lon="2.2838260">
    <ele>60.4</ele>
    <time>2020-11-07T09:27:59Z</time>
   </trkpt>
   <trkpt lat="48.7457950" lon="2.2838480">
    <ele>60.4</ele>
    <time>2020-11-07T09:28:00Z</time>
   </trkpt>
   <trkpt lat="48.7458290" lon="2.2838710">
    <ele>60.5</ele>
    <time>2020-11-07T09:28:01Z</time>
   </trkpt>
   <trkpt lat="48.7458400" lon="2.2838790">
    <ele>60.5</ele>
    <time>2020-11-07T09:28:02Z</time>
   </trkpt>
   <trkpt lat="48.7458720" lon="2.2839070">
    <ele>60.6</ele>
    <time>2020-11-07T09:28:04Z</time>
   </trkpt>
   <trkpt lat="48.7458970" lon="2.2839320">
    <ele>60.6</ele>
    <time>2020-11-07T09:28:05Z</time>
   </trkpt>
   <trkpt lat="48.7459220" lon="2.2839500">
    <ele>60.7</ele>
    <time>2020-11-07T09:28:06Z</time>
   </trkpt>
   <trkpt lat="48.7459560" lon="2.2839630">
    <ele>60.7</ele>
    <time>2020-11-07T09:28:07Z</time>
   </trkpt>
   <trkpt lat="48.7459680" lon="2.2839690">
    <ele>60.7</ele>
    <time>2020-11-07T09:28:08Z</time>
   </trkpt>
   <trkpt lat="48.7460020" lon="2.2839830">
    <ele>60.8</ele>
    <time>2020-11-07T09:28:09Z</time>
   </trkpt>
   <trkpt lat="48.7460110" lon="2.2839880">
    <ele>60.8</ele>
    <time>2020-11-07T09:28:10Z</time>
   </trkpt>
   <trkpt lat="48.7460410" lon="2.2840180">
    <ele>60.8</ele>
    <time>2020-11-07T09:28:11Z</time>
   </trkpt>
   <trkpt lat="48.7460520" lon="2.2840320">
    <ele>60.9</ele>
    <time>2020-11-07T09:28:12Z</time>
   </trkpt>
   <trkpt lat="48.7460810" lon="2.2840710">
    <ele>60.9</ele>
    <time>2020-11-07T09:28:13Z</time>
   </trkpt>
   <trkpt lat="48.7460910" lon="2.2840850">
    <ele>60.9</ele>
    <time>2020-11-07T09:28:14Z</time>
   </trkpt>
   <trkpt lat="48.7461220" lon="2.2841230">
    <ele>61.0</ele>
    <time>2020-11-07T09:28:16Z</time>
   </trkpt>
   <trkpt lat="48.7461480" lon="2.2841630">
    <ele>61.1</ele>
    <time>2020-11-07T09:28:17Z</time>
   </trkpt>
   <trkpt lat="48.7461760" lon="2.2842040">
    <ele>61.1</ele>
    <time>2020-11-07T09:28:18Z</time>
   </trkpt>
   <trkpt lat="48.7462010" lon="2.2842420">
    <ele>61.2</ele>
    <time>2020-11-07T09:28:19Z</time>
   </trkpt>
   <trkpt lat="48.7462210" lon="2.2842760">
    <ele>61.2</ele>
    <time>2020-11-07T09:28:20Z</time>
   </trkpt>
   <trkpt lat="48.7462480" lon="2.2843120">
    <ele>61.2</ele>
    <time>2020-11-07T09:28:22Z</time>
   </trkpt>
   <trkpt lat="48.7462720" lon="2.2843420">
    <ele>61.3</ele>
    <time>2020-11-07T09:28:23Z</time>
   </trkpt>
   <trkpt lat="48.7462940" lon="2.2843690">
    <ele>61.3</ele>
    <time>2020-11-07T09:28:24Z</time>
   </trkpt>
   <trkpt lat="48.7463170" lon="2.2843950">
    <ele>61.3</ele>
    <time>2020-11-07T09:28:25Z</time>
   </trkpt>
   <trkpt lat="48.7463410" lon="2.2844190">
    <ele>61.4</ele>
    <time>2020-11-07T09:28:26Z</time>
   </trkpt>
   <trkpt lat="48.7463760" lon="2.2844480">
    <ele>61.5</ele>
    <time>2020-11-07T09:28:28Z</time>
   </trkpt>
   <trkpt lat="48.7464010" lon="2.2844700">
    <ele>61.5</ele>
    <time>2020-11-07T09:28:29Z</time>
   </trkpt>
   <trkpt lat="48.7464310" lon="2.2845000">
    <ele>61.6</ele>
    <time>2020-11-07T09:28:30Z</time>
   </trkpt>
   <trkpt lat="48.7464800" lon="2.2845390">
    <ele>61.6</ele>
    <time>2020-11-07T09:28:32Z</time>
   </trkpt>
   <trkpt lat="48.7465120" lon="2.2845710">
    <ele>61.6</ele>
    <time>2020-11-07T09:28:33Z</time>
   </trkpt>
   <trkpt lat="48.7465230" lon="2.2845820">
    <ele>61.6</ele>
    <time>2020-11-07T09:28:34Z</time>
   </trkpt>
   <trkpt lat="48.7465460" lon="2.2846060">
    <ele>61.6</ele>
    <time>2020-11-07T09:28:35Z</time>
   </trkpt>
   <trkpt lat="48.7465690" lon="2.2846270">
    <ele>61.7</ele>
    <time>2020-11-07T09:28:36Z</time>
   </trkpt>
   <trkpt lat="48.7465930" lon="2.2846500">
    <ele>61.7</ele>
    <time>2020-11-07T09:28:37Z</time>
   </trkpt>
   <trkpt lat="48.7466270" lon="2.2846810">
    <ele>61.7</ele>
    <time>2020-11-07T09:28:38Z</time>
   </trkpt>
   <trkpt lat="48.7466380" lon="2.2846920">
    <ele>61.7</ele>
    <time>2020-11-07T09:28:39Z</time>
   </trkpt>
   <trkpt lat="48.7466710" lon="2.2847170">
    <ele>61.7</ele>
    <time>2020-11-07T09:28:41Z</time>
   </trkpt>
   <trkpt lat="48.7466960" lon="2.2847420">
    <ele>61.7</ele>
    <time>2020-11-07T09:28:42Z</time>
   </trkpt>
   <trkpt lat="48.7467280" lon="2.2847750">
    <ele>61.7</ele>
    <time>2020-11-07T09:28:43Z</time>
   </trkpt>
   <trkpt lat="48.7467390" lon="2.2847850">
    <ele>61.7</ele>
    <time>2020-11-07T09:28:44Z</time>
   </trkpt>
   <trkpt lat="48.7467730" lon="2.2848160">
    <ele>61.8</ele>
    <time>2020-11-07T09:28:45Z</time>
   </trkpt>
   <trkpt lat="48.7467840" lon="2.2848260">
    <ele>61.8</ele>
    <time>2020-11-07T09:28:46Z</time>
   </trkpt>
   <trkpt lat="48.7468070" lon="2.2848340">
    <ele>61.8</ele>
    <time>2020-11-07T09:28:47Z</time>
   </trkpt>
   <trkpt lat="48.7468190" lon="2.2848320">
    <ele>61.8</ele>
    <time>2020-11-07T09:28:48Z</time>
   </trkpt>
   <trkpt lat="48.7468380" lon="2.2848330">
    <ele>61.8</ele>
    <time>2020-11-07T09:28:49Z</time>
   </trkpt>
   <trkpt lat="48.7468680" lon="2.2848390">
    <ele>61.8</ele>
    <time>2020-11-07T09:28:51Z</time>
   </trkpt>
   <trkpt lat="48.7469000" lon="2.2848410">
    <ele>61.8</ele>
    <time>2020-11-07T09:28:52Z</time>
   </trkpt>
   <trkpt lat="48.7469100" lon="2.2848420">
    <ele>61.8</ele>
    <time>2020-11-07T09:28:53Z</time>
   </trkpt>
   <trkpt lat="48.7469370" lon="2.2848530">
    <ele>61.8</ele>
    <time>2020-11-07T09:28:54Z</time>
   </trkpt>
   <trkpt lat="48.7469670" lon="2.2848630">
    <ele>61.8</ele>
    <time>2020-11-07T09:28:55Z</time>
   </trkpt>
   <trkpt lat="48.7470040" lon="2.2848720">
    <ele>61.8</ele>
    <time>2020-11-07T09:28:57Z</time>
   </trkpt>
   <trkpt lat="48.7470350" lon="2.2848830">
    <ele>61.8</ele>
    <time>2020-11-07T09:28:58Z</time>
   </trkpt>
   <trkpt lat="48.7470700" lon="2.2849080">
    <ele>61.8</ele>
    <time>2020-11-07T09:28:59Z</time>
   </trkpt>
   <trkpt lat="48.7470950" lon="2.2849380">
    <ele>61.8</ele>
    <time>2020-11-07T09:29:00Z</time>
   </trkpt>
   <trkpt lat="48.7471200" lon="2.2849770">
    <ele>61.8</ele>
    <time>2020-11-07T09:29:01Z</time>
   </trkpt>
   <trkpt lat="48.7471430" lon="2.2850070">
    <ele>61.8</ele>
    <time>2020-11-07T09:29:02Z</time>
   </trkpt>
   <trkpt lat="48.7471620" lon="2.2850390">
    <ele>61.8</ele>
    <time>2020-11-07T09:29:03Z</time>
   </trkpt>
   <trkpt lat="48.7471840" lon="2.2850700">
    <ele>61.7</ele>
    <time>2020-11-07T09:29:05Z</time>
   </trkpt>
   <trkpt lat="48.7472070" lon="2.2850960">
    <ele>61.7</ele>
    <time>2020-11-07T09:29:06Z</time>
   </trkpt>
   <trkpt lat="48.7472320" lon="2.2851250">
    <ele>61.7</ele>
    <time>2020-11-07T09:29:07Z</time>
   </trkpt>
   <trkpt lat="48.7472580" lon="2.2851530">
    <ele>61.7</ele>
    <time>2020-11-07T09:29:08Z</time>
   </trkpt>
   <trkpt lat="48.7472860" lon="2.2851790">
    <ele>61.8</ele>
    <time>2020-11-07T09:29:09Z</time>
   </trkpt>
   <trkpt lat="48.7473130" lon="2.2852000">
    <ele>61.8</ele>
    <time>2020-11-07T09:29:10Z</time>
   </trkpt>
   <trkpt lat="48.7473390" lon="2.2852250">
    <ele>61.8</ele>
    <time>2020-11-07T09:29:11Z</time>
   </trkpt>
   <trkpt lat="48.7473670" lon="2.2852580">
    <ele>61.8</ele>
    <time>2020-11-07T09:29:12Z</time>
   </trkpt>
   <trkpt lat="48.7473970" lon="2.2852930">
    <ele>61.8</ele>
    <time>2020-11-07T09:29:14Z</time>
   </trkpt>
   <trkpt lat="48.7474060" lon="2.2853050">
    <ele>61.8</ele>
    <time>2020-11-07T09:29:15Z</time>
   </trkpt>
   <trkpt lat="48.7474320" lon="2.2853330">
    <ele>61.9</ele>
    <time>2020-11-07T09:29:16Z</time>
   </trkpt>
   <trkpt lat="48.7474530" lon="2.2853550">
    <ele>61.9</ele>
    <time>2020-11-07T09:29:17Z</time>
   </trkpt>
   <trkpt lat="48.7474750" lon="2.2853810">
    <ele>61.9</ele>
    <time>2020-11-07T09:29:19Z</time>
   </trkpt>
   <trkpt lat="48.7474570" lon="2.2854040">
    <ele>61.9</ele>
    <time>2020-11-07T09:29:20Z</time>
   </trkpt>
   <trkpt lat="48.7474410" lon="2.2854090">
    <ele>61.3</ele>
    <time>2020-11-07T09:29:21Z</time>
   </trkpt>
   <trkpt lat="48.7474140" lon="2.2854120">
    <ele>61.2</ele>
    <time>2020-11-07T09:29:23Z</time>
   </trkpt>
   <trkpt lat="48.7474080" lon="2.2854210">
    <ele>61.2</ele>
    <time>2020-11-07T09:29:24Z</time>
   </trkpt>
   <trkpt lat="48.7474030" lon="2.2854650">
    <ele>61.1</ele>
    <time>2020-11-07T09:29:25Z</time>
   </trkpt>
   <trkpt lat="48.7474000" lon="2.2854850">
    <ele>61.0</ele>
    <time>2020-11-07T09:29:26Z</time>
   </trkpt>
   <trkpt lat="48.7473890" lon="2.2855300">
    <ele>60.9</ele>
    <time>2020-11-07T09:29:27Z</time>
   </trkpt>
   <trkpt lat="48.7473720" lon="2.2855730">
    <ele>60.7</ele>
    <time>2020-11-07T09:29:28Z</time>
   </trkpt>
   <trkpt lat="48.7473530" lon="2.2856180">
    <ele>60.6</ele>
    <time>2020-11-07T09:29:29Z</time>
   </trkpt>
   <trkpt lat="48.7473250" lon="2.2856650">
    <ele>60.4</ele>
    <time>2020-11-07T09:29:31Z</time>
   </trkpt>
   <trkpt lat="48.7473060" lon="2.2857000">
    <ele>60.3</ele>
    <time>2020-11-07T09:29:32Z</time>
   </trkpt>
   <trkpt lat="48.7472880" lon="2.2857340">
    <ele>60.2</ele>
    <time>2020-11-07T09:29:33Z</time>
   </trkpt>
   <trkpt lat="48.7472680" lon="2.2857660">
    <ele>60.1</ele>
    <time>2020-11-07T09:29:34Z</time>
   </trkpt>
   <trkpt lat="48.7472450" lon="2.2858010">
    <ele>60.0</ele>
    <time>2020-11-07T09:29:35Z</time>
   </trkpt>
   <trkpt lat="48.7472080" lon="2.2858430">
    <ele>59.9</ele>
    <time>2020-11-07T09:29:37Z</time>
   </trkpt>
   <trkpt lat="48.7471950" lon="2.2858570">
    <ele>59.9</ele>
    <time>2020-11-07T09:29:38Z</time>
   </trkpt>
   <trkpt lat="48.7471820" lon="2.2858710">
    <ele>59.9</ele>
    <time>2020-11-07T09:29:39Z</time>
   </trkpt>
   <trkpt lat="48.7471590" lon="2.2859210">
    <ele>59.8</ele>
    <time>2020-11-07T09:29:40Z</time>
   </trkpt>
   <trkpt lat="48.7471510" lon="2.2859410">
    <ele>59.8</ele>
    <time>2020-11-07T09:29:41Z</time>
   </trkpt>
   <trkpt lat="48.7471290" lon="2.2859730">
    <ele>59.7</ele>
    <time>2020-11-07T09:29:42Z</time>
   </trkpt>
   <trkpt lat="48.7471220" lon="2.2859820">
    <ele>59.7</ele>
    <time>2020-11-07T09:29:43Z</time>
   </trkpt>
   <trkpt lat="48.7471000" lon="2.2860160">
    <ele>59.6</ele>
    <time>2020-11-07T09:29:44Z</time>
   </trkpt>
   <trkpt lat="48.7470930" lon="2.2860290">
    <ele>59.6</ele>
    <time>2020-11-07T09:29:45Z</time>
   </trkpt>
   <trkpt lat="48.7470740" lon="2.2860740">
    <ele>59.6</ele>
    <time>2020-11-07T09:29:46Z</time>
   </trkpt>
   <trkpt lat="48.7470670" lon="2.2860900">
    <ele>59.5</ele>
    <time>2020-11-07T09:29:47Z</time>
   </trkpt>
   <trkpt lat="48.7470460" lon="2.2861230">
    <ele>59.5</ele>
    <time>2020-11-07T09:29:48Z</time>
   </trkpt>
   <trkpt lat="48.7470240" lon="2.2861700">
    <ele>59.5</ele>
    <time>2020-11-07T09:29:50Z</time>
   </trkpt>
   <trkpt lat="48.7470080" lon="2.2862110">
    <ele>59.4</ele>
    <time>2020-11-07T09:29:51Z</time>
   </trkpt>
   <trkpt lat="48.7469930" lon="2.2862500">
    <ele>59.4</ele>
    <time>2020-11-07T09:29:52Z</time>
   </trkpt>
   <trkpt lat="48.7469790" lon="2.2862850">
    <ele>59.4</ele>
    <time>2020-11-07T09:29:53Z</time>
   </trkpt>
   <trkpt lat="48.7469500" lon="2.2863260">
    <ele>59.4</ele>
    <time>2020-11-07T09:29:54Z</time>
   </trkpt>
   <trkpt lat="48.7469390" lon="2.2863380">
    <ele>59.4</ele>
    <time>2020-11-07T09:29:55Z</time>
   </trkpt>
   <trkpt lat="48.7469150" lon="2.2863600">
    <ele>59.4</ele>
    <time>2020-11-07T09:29:56Z</time>
   </trkpt>
   <trkpt lat="48.7468850" lon="2.2863780">
    <ele>59.3</ele>
    <time>2020-11-07T09:29:57Z</time>
   </trkpt>
   <trkpt lat="48.7468630" lon="2.2863840">
    <ele>59.3</ele>
    <time>2020-11-07T09:29:58Z</time>
   </trkpt>
   <trkpt lat="48.7468390" lon="2.2863990">
    <ele>59.3</ele>
    <time>2020-11-07T09:30:00Z</time>
   </trkpt>
   <trkpt lat="48.7468120" lon="2.2864270">
    <ele>59.2</ele>
    <time>2020-11-07T09:30:01Z</time>
   </trkpt>
   <trkpt lat="48.7468010" lon="2.2864390">
    <ele>59.2</ele>
    <time>2020-11-07T09:30:02Z</time>
   </trkpt>
   <trkpt lat="48.7467670" lon="2.2864770">
    <ele>59.1</ele>
    <time>2020-11-07T09:30:03Z</time>
   </trkpt>
   <trkpt lat="48.7467530" lon="2.2864880">
    <ele>59.0</ele>
    <time>2020-11-07T09:30:04Z</time>
   </trkpt>
   <trkpt lat="48.7467120" lon="2.2864960">
    <ele>58.9</ele>
    <time>2020-11-07T09:30:05Z</time>
   </trkpt>
   <trkpt lat="48.7466930" lon="2.2864960">
    <ele>58.8</ele>
    <time>2020-11-07T09:30:06Z</time>
   </trkpt>
   <trkpt lat="48.7466620" lon="2.2864970">
    <ele>58.7</ele>
    <time>2020-11-07T09:30:07Z</time>
   </trkpt>
   <trkpt lat="48.7466350" lon="2.2865030">
    <ele>58.6</ele>
    <time>2020-11-07T09:30:08Z</time>
   </trkpt>
   <trkpt lat="48.7466040" lon="2.2865100">
    <ele>58.5</ele>
    <time>2020-11-07T09:30:10Z</time>
   </trkpt>
   <trkpt lat="48.7465690" lon="2.2865180">
    <ele>58.3</ele>
    <time>2020-11-07T09:30:11Z</time>
   </trkpt>
   <trkpt lat="48.7465420" lon="2.2865280">
    <ele>58.2</ele>
    <time>2020-11-07T09:30:12Z</time>
   </trkpt>
   <trkpt lat="48.7465070" lon="2.2865880">
    <ele>58.1</ele>
    <time>2020-11-07T09:30:13Z</time>
   </trkpt>
   <trkpt lat="48.7464750" lon="2.2866510">
    <ele>57.9</ele>
    <time>2020-11-07T09:30:15Z</time>
   </trkpt>
   <trkpt lat="48.7464470" lon="2.2867080">
    <ele>57.7</ele>
    <time>2020-11-07T09:30:16Z</time>
   </trkpt>
   <trkpt lat="48.7464170" lon="2.2867460">
    <ele>57.6</ele>
    <time>2020-11-07T09:30:17Z</time>
   </trkpt>
   <trkpt lat="48.7463880" lon="2.2867850">
    <ele>57.4</ele>
    <time>2020-11-07T09:30:18Z</time>
   </trkpt>
   <trkpt lat="48.7463580" lon="2.2868210">
    <ele>57.3</ele>
    <time>2020-11-07T09:30:19Z</time>
   </trkpt>
   <trkpt lat="48.7463210" lon="2.2868600">
    <ele>57.2</ele>
    <time>2020-11-07T09:30:20Z</time>
   </trkpt>
   <trkpt lat="48.7462880" lon="2.2868960">
    <ele>57.1</ele>
    <time>2020-11-07T09:30:21Z</time>
   </trkpt>
   <trkpt lat="48.7462600" lon="2.2869320">
    <ele>57.1</ele>
    <time>2020-11-07T09:30:22Z</time>
   </trkpt>
   <trkpt lat="48.7462300" lon="2.2869700">
    <ele>57.1</ele>
    <time>2020-11-07T09:30:23Z</time>
   </trkpt>
   <trkpt lat="48.7462030" lon="2.2870090">
    <ele>57.0</ele>
    <time>2020-11-07T09:30:25Z</time>
   </trkpt>
   <trkpt lat="48.7461690" lon="2.2870610">
    <ele>57.0</ele>
    <time>2020-11-07T09:30:26Z</time>
   </trkpt>
   <trkpt lat="48.7461410" lon="2.2870910">
    <ele>57.0</ele>
    <time>2020-11-07T09:30:27Z</time>
   </trkpt>
   <trkpt lat="48.7461130" lon="2.2871210">
    <ele>56.9</ele>
    <time>2020-11-07T09:30:28Z</time>
   </trkpt>
   <trkpt lat="48.7460890" lon="2.2871510">
    <ele>56.9</ele>
    <time>2020-11-07T09:30:29Z</time>
   </trkpt>
   <trkpt lat="48.7460610" lon="2.2871790">
    <ele>56.9</ele>
    <time>2020-11-07T09:30:30Z</time>
   </trkpt>
   <trkpt lat="48.7460280" lon="2.2872060">
    <ele>56.8</ele>
    <time>2020-11-07T09:30:31Z</time>
   </trkpt>
   <trkpt lat="48.7460030" lon="2.2872300">
    <ele>56.8</ele>
    <time>2020-11-07T09:30:32Z</time>
   </trkpt>
   <trkpt lat="48.7459810" lon="2.2872570">
    <ele>56.8</ele>
    <time>2020-11-07T09:30:33Z</time>
   </trkpt>
   <trkpt lat="48.7459530" lon="2.2872970">
    <ele>56.8</ele>
    <time>2020-11-07T09:30:35Z</time>
   </trkpt>
   <trkpt lat="48.7459340" lon="2.2873400">
    <ele>56.8</ele>
    <time>2020-11-07T09:30:36Z</time>
   </trkpt>
   <trkpt lat="48.7459270" lon="2.2873710">
    <ele>56.7</ele>
    <time>2020-11-07T09:30:37Z</time>
   </trkpt>
   <trkpt lat="48.7459160" lon="2.2874170">
    <ele>56.7</ele>
    <time>2020-11-07T09:30:39Z</time>
   </trkpt>
   <trkpt lat="48.7459150" lon="2.2874600">
    <ele>56.7</ele>
    <time>2020-11-07T09:30:40Z</time>
   </trkpt>
   <trkpt lat="48.7459150" lon="2.2875060">
    <ele>56.7</ele>
    <time>2020-11-07T09:30:41Z</time>
   </trkpt>
   <trkpt lat="48.7459130" lon="2.2875530">
    <ele>56.7</ele>
    <time>2020-11-07T09:30:42Z</time>
   </trkpt>
   <trkpt lat="48.7459150" lon="2.2875970">
    <ele>56.7</ele>
    <time>2020-11-07T09:30:43Z</time>
   </trkpt>
   <trkpt lat="48.7459160" lon="2.2876430">
    <ele>56.7</ele>
    <time>2020-11-07T09:30:44Z</time>
   </trkpt>
   <trkpt lat="48.7459160" lon="2.2876970">
    <ele>56.7</ele>
    <time>2020-11-07T09:30:45Z</time>
   </trkpt>
   <trkpt lat="48.7459150" lon="2.2877530">
    <ele>56.7</ele>
    <time>2020-11-07T09:30:46Z</time>
   </trkpt>
   <trkpt lat="48.7459110" lon="2.2878010">
    <ele>56.7</ele>
    <time>2020-11-07T09:30:48Z</time>
   </trkpt>
   <trkpt lat="48.7459100" lon="2.2878450">
    <ele>56.7</ele>
    <time>2020-11-07T09:30:49Z</time>
   </trkpt>
   <trkpt lat="48.7459140" lon="2.2878910">
    <ele>56.7</ele>
    <time>2020-11-07T09:30:50Z</time>
   </trkpt>
   <trkpt lat="48.7459160" lon="2.2879390">
    <ele>56.7</ele>
    <time>2020-11-07T09:30:51Z</time>
   </trkpt>
   <trkpt lat="48.7459230" lon="2.2879910">
    <ele>56.7</ele>
    <time>2020-11-07T09:30:53Z</time>
   </trkpt>
   <trkpt lat="48.7459330" lon="2.2880320">
    <ele>56.7</ele>
    <time>2020-11-07T09:30:54Z</time>
   </trkpt>
   <trkpt lat="48.7459460" lon="2.2880850">
    <ele>56.7</ele>
    <time>2020-11-07T09:30:55Z</time>
   </trkpt>
   <trkpt lat="48.7459510" lon="2.2881040">
    <ele>56.7</ele>
    <time>2020-11-07T09:30:56Z</time>
   </trkpt>
   <trkpt lat="48.7459600" lon="2.2881440">
    <ele>56.7</ele>
    <time>2020-11-07T09:30:57Z</time>
   </trkpt>
   <trkpt lat="48.7459680" lon="2.2881910">
    <ele>56.7</ele>
    <time>2020-11-07T09:30:58Z</time>
   </trkpt>
   <trkpt lat="48.7459790" lon="2.2882390">
    <ele>56.7</ele>
    <time>2020-11-07T09:30:59Z</time>
   </trkpt>
   <trkpt lat="48.7459910" lon="2.2882840">
    <ele>56.7</ele>
    <time>2020-11-07T09:31:00Z</time>
   </trkpt>
   <trkpt lat="48.7460020" lon="2.2883370">
    <ele>56.7</ele>
    <time>2020-11-07T09:31:02Z</time>
   </trkpt>
   <trkpt lat="48.7460120" lon="2.2883910">
    <ele>56.7</ele>
    <time>2020-11-07T09:31:03Z</time>
   </trkpt>
   <trkpt lat="48.7460210" lon="2.2884340">
    <ele>56.7</ele>
    <time>2020-11-07T09:31:04Z</time>
   </trkpt>
   <trkpt lat="48.7460280" lon="2.2884800">
    <ele>56.7</ele>
    <time>2020-11-07T09:31:05Z</time>
   </trkpt>
   <trkpt lat="48.7460330" lon="2.2885240">
    <ele>56.7</ele>
    <time>2020-11-07T09:31:06Z</time>
   </trkpt>
   <trkpt lat="48.7460370" lon="2.2885530">
    <ele>56.7</ele>
    <time>2020-11-07T09:31:07Z</time>
   </trkpt>
   <trkpt lat="48.7460480" lon="2.2885850">
    <ele>56.7</ele>
    <time>2020-11-07T09:31:09Z</time>
   </trkpt>
   <trkpt lat="48.7460660" lon="2.2886340">
    <ele>56.7</ele>
    <time>2020-11-07T09:31:10Z</time>
   </trkpt>
   <trkpt lat="48.7460720" lon="2.2886520">
    <ele>56.7</ele>
    <time>2020-11-07T09:31:11Z</time>
   </trkpt>
   <trkpt lat="48.7460960" lon="2.2887010">
    <ele>56.7</ele>
    <time>2020-11-07T09:31:12Z</time>
   </trkpt>
   <trkpt lat="48.7461030" lon="2.2887170">
    <ele>56.8</ele>
    <time>2020-11-07T09:31:13Z</time>
   </trkpt>
   <trkpt lat="48.7461260" lon="2.2887690">
    <ele>56.8</ele>
    <time>2020-11-07T09:31:14Z</time>
   </trkpt>
   <trkpt lat="48.7461330" lon="2.2887880">
    <ele>56.8</ele>
    <time>2020-11-07T09:31:15Z</time>
   </trkpt>
   <trkpt lat="48.7461480" lon="2.2888320">
    <ele>56.8</ele>
    <time>2020-11-07T09:31:16Z</time>
   </trkpt>
   <trkpt lat="48.7461630" lon="2.2888810">
    <ele>56.8</ele>
    <time>2020-11-07T09:31:18Z</time>
   </trkpt>
   <trkpt lat="48.7461790" lon="2.2889250">
    <ele>56.8</ele>
    <time>2020-11-07T09:31:19Z</time>
   </trkpt>
   <trkpt lat="48.7461930" lon="2.2889610">
    <ele>56.8</ele>
    <time>2020-11-07T09:31:20Z</time>
   </trkpt>
   <trkpt lat="48.7461980" lon="2.2890140">
    <ele>56.8</ele>
    <time>2020-11-07T09:31:21Z</time>
   </trkpt>
   <trkpt lat="48.7461980" lon="2.2890340">
    <ele>56.8</ele>
    <time>2020-11-07T09:31:22Z</time>
   </trkpt>
   <trkpt lat="48.7462020" lon="2.2891000">
    <ele>56.8</ele>
    <time>2020-11-07T09:31:24Z</time>
   </trkpt>
   <trkpt lat="48.7462040" lon="2.2891200">
    <ele>56.8</ele>
    <time>2020-11-07T09:31:25Z</time>
   </trkpt>
   <trkpt lat="48.7462070" lon="2.2891410">
    <ele>56.8</ele>
    <time>2020-11-07T09:31:26Z</time>
   </trkpt>
   <trkpt lat="48.7462190" lon="2.2891930">
    <ele>56.7</ele>
    <time>2020-11-07T09:31:27Z</time>
   </trkpt>
   <trkpt lat="48.7462340" lon="2.2892360">
    <ele>56.7</ele>
    <time>2020-11-07T09:31:28Z</time>
   </trkpt>
   <trkpt lat="48.7462510" lon="2.2892710">
    <ele>56.7</ele>
    <time>2020-11-07T09:31:29Z</time>
   </trkpt>
   <trkpt lat="48.7462660" lon="2.2892970">
    <ele>56.5</ele>
    <time>2020-11-07T09:31:30Z</time>
   </trkpt>
   <trkpt lat="48.7462810" lon="2.2893320">
    <ele>56.5</ele>
    <time>2020-11-07T09:31:32Z</time>
   </trkpt>
   <trkpt lat="48.7463060" lon="2.2893790">
    <ele>56.4</ele>
    <time>2020-11-07T09:31:33Z</time>
   </trkpt>
   <trkpt lat="48.7463240" lon="2.2894150">
    <ele>56.4</ele>
    <time>2020-11-07T09:31:34Z</time>
   </trkpt>
   <trkpt lat="48.7463370" lon="2.2894330">
    <ele>56.3</ele>
    <time>2020-11-07T09:31:36Z</time>
   </trkpt>
   <trkpt lat="48.7463440" lon="2.2894580">
    <ele>56.3</ele>
    <time>2020-11-07T09:31:37Z</time>
   </trkpt>
   <trkpt lat="48.7463520" lon="2.2894920">
    <ele>56.3</ele>
    <time>2020-11-07T09:31:38Z</time>
   </trkpt>
   <trkpt lat="48.7463530" lon="2.2895020">
    <ele>56.3</ele>
    <time>2020-11-07T09:31:39Z</time>
   </trkpt>
   <trkpt lat="48.7463540" lon="2.2895130">
    <ele>56.3</ele>
    <time>2020-11-07T09:31:40Z</time>
   </trkpt>
   <trkpt lat="48.7463560" lon="2.2895620">
    <ele>56.3</ele>
    <time>2020-11-07T09:31:41Z</time>
   </trkpt>
   <trkpt lat="48.7463560" lon="2.2895770">
    <ele>56.3</ele>
    <time>2020-11-07T09:31:42Z</time>
   </trkpt>
   <trkpt lat="48.7463560" lon="2.2896440">
    <ele>56.3</ele>
    <time>2020-11-07T09:31:43Z</time>
   </trkpt>
   <trkpt lat="48.7463560" lon="2.2896710">
    <ele>56.2</ele>
    <time>2020-11-07T09:31:44Z</time>
   </trkpt>
   <trkpt lat="48.7463550" lon="2.2897140">
    <ele>56.2</ele>
    <time>2020-11-07T09:31:46Z</time>
   </trkpt>
   <trkpt lat="48.7463630" lon="2.2897590">
    <ele>56.2</ele>
    <time>2020-11-07T09:31:47Z</time>
   </trkpt>
   <trkpt lat="48.7463800" lon="2.2898070">
    <ele>56.2</ele>
    <time>2020-11-07T09:31:48Z</time>
   </trkpt>
   <trkpt lat="48.7463990" lon="2.2898520">
    <ele>56.2</ele>
    <time>2020-11-07T09:31:49Z</time>
   </trkpt>
   <trkpt lat="48.7464180" lon="2.2898950">
    <ele>56.2</ele>
    <time>2020-11-07T09:31:50Z</time>
   </trkpt>
   <trkpt lat="48.7464390" lon="2.2899330">
    <ele>56.2</ele>
    <time>2020-11-07T09:31:51Z</time>
   </trkpt>
   <trkpt lat="48.7464630" lon="2.2899680">
    <ele>56.2</ele>
    <time>2020-11-07T09:31:52Z</time>
   </trkpt>
   <trkpt lat="48.7464890" lon="2.2900050">
    <ele>56.3</ele>
    <time>2020-11-07T09:31:53Z</time>
   </trkpt>
   <trkpt lat="48.7465120" lon="2.2900330">
    <ele>56.3</ele>
    <time>2020-11-07T09:31:54Z</time>
   </trkpt>
   <trkpt lat="48.7465410" lon="2.2900640">
    <ele>56.3</ele>
    <time>2020-11-07T09:31:56Z</time>
   </trkpt>
   <trkpt lat="48.7465730" lon="2.2900880">
    <ele>56.3</ele>
    <time>2020-11-07T09:31:57Z</time>
   </trkpt>
   <trkpt lat="48.7466020" lon="2.2901050">
    <ele>56.3</ele>
    <time>2020-11-07T09:31:58Z</time>
   </trkpt>
   <trkpt lat="48.7466320" lon="2.2901130">
    <ele>56.4</ele>
    <time>2020-11-07T09:31:59Z</time>
   </trkpt>
   <trkpt lat="48.7466400" lon="2.2901150">
    <ele>56.4</ele>
    <time>2020-11-07T09:32:00Z</time>
   </trkpt>
   <trkpt lat="48.7466580" lon="2.2901240">
    <ele>56.4</ele>
    <time>2020-11-07T09:32:01Z</time>
   </trkpt>
   <trkpt lat="48.7466740" lon="2.2901330">
    <ele>56.4</ele>
    <time>2020-11-07T09:32:02Z</time>
   </trkpt>
   <trkpt lat="48.7467000" lon="2.2901500">
    <ele>56.4</ele>
    <time>2020-11-07T09:32:03Z</time>
   </trkpt>
   <trkpt lat="48.7467060" lon="2.2901590">
    <ele>56.4</ele>
    <time>2020-11-07T09:32:04Z</time>
   </trkpt>
   <trkpt lat="48.7467190" lon="2.2902010">
    <ele>56.4</ele>
    <time>2020-11-07T09:32:05Z</time>
   </trkpt>
   <trkpt lat="48.7467250" lon="2.2902150">
    <ele>56.4</ele>
    <time>2020-11-07T09:32:06Z</time>
   </trkpt>
   <trkpt lat="48.7467410" lon="2.2902450">
    <ele>56.5</ele>
    <time>2020-11-07T09:32:07Z</time>
   </trkpt>
   <trkpt lat="48.7467600" lon="2.2902830">
    <ele>56.5</ele>
    <time>2020-11-07T09:32:09Z</time>
   </trkpt>
   <trkpt lat="48.7467700" lon="2.2903270">
    <ele>56.5</ele>
    <time>2020-11-07T09:32:10Z</time>
   </trkpt>
   <trkpt lat="48.7467730" lon="2.2903370">
    <ele>56.5</ele>
    <time>2020-11-07T09:32:11Z</time>
   </trkpt>
   <trkpt lat="48.7468060" lon="2.2903850">
    <ele>56.5</ele>
    <time>2020-11-07T09:32:13Z</time>
   </trkpt>
   <trkpt lat="48.7468320" lon="2.2904220">
    <ele>56.5</ele>
    <time>2020-11-07T09:32:14Z</time>
   </trkpt>
   <trkpt lat="48.7468390" lon="2.2904340">
    <ele>56.5</ele>
    <time>2020-11-07T09:32:15Z</time>
   </trkpt>
   <trkpt lat="48.7468600" lon="2.2904750">
    <ele>56.5</ele>
    <time>2020-11-07T09:32:16Z</time>
   </trkpt>
   <trkpt lat="48.7468650" lon="2.2904860">
    <ele>56.5</ele>
    <time>2020-11-07T09:32:17Z</time>
   </trkpt>
   <trkpt lat="48.7468900" lon="2.2905290">
    <ele>56.5</ele>
    <time>2020-11-07T09:32:18Z</time>
   </trkpt>
   <trkpt lat="48.7469000" lon="2.2905490">
    <ele>56.5</ele>
    <time>2020-11-07T09:32:19Z</time>
   </trkpt>
   <trkpt lat="48.7469270" lon="2.2906000">
    <ele>56.5</ele>
    <time>2020-11-07T09:32:20Z</time>
   </trkpt>
   <trkpt lat="48.7469460" lon="2.2906360">
    <ele>56.5</ele>
    <time>2020-11-07T09:32:21Z</time>
   </trkpt>
   <trkpt lat="48.7469640" lon="2.2906700">
    <ele>56.5</ele>
    <time>2020-11-07T09:32:23Z</time>
   </trkpt>
   <trkpt lat="48.7469810" lon="2.2907090">
    <ele>56.5</ele>
    <time>2020-11-07T09:32:24Z</time>
   </trkpt>
   <trkpt lat="48.7470030" lon="2.2907460">
    <ele>56.5</ele>
    <time>2020-11-07T09:32:25Z</time>
   </trkpt>
   <trkpt lat="48.7470230" lon="2.2907820">
    <ele>56.5</ele>
    <time>2020-11-07T09:32:26Z</time>
   </trkpt>
   <trkpt lat="48.7470520" lon="2.2908330">
    <ele>56.5</ele>
    <time>2020-11-07T09:32:27Z</time>
   </trkpt>
   <trkpt lat="48.7470720" lon="2.2908620">
    <ele>56.5</ele>
    <time>2020-11-07T09:32:28Z</time>
   </trkpt>
   <trkpt lat="48.7471000" lon="2.2909000">
    <ele>56.5</ele>
    <time>2020-11-07T09:32:29Z</time>
   </trkpt>
   <trkpt lat="48.7471090" lon="2.2909140">
    <ele>56.5</ele>
    <time>2020-11-07T09:32:30Z</time>
   </trkpt>
   <trkpt lat="48.7471330" lon="2.2909840">
    <ele>56.5</ele>
    <time>2020-11-07T09:32:32Z</time>
   </trkpt>
   <trkpt lat="48.7471390" lon="2.2910160">
    <ele>56.5</ele>
    <time>2020-11-07T09:32:33Z</time>
   </trkpt>
   <trkpt lat="48.7471450" lon="2.2910490">
    <ele>56.6</ele>
    <time>2020-11-07T09:32:34Z</time>
   </trkpt>
   <trkpt lat="48.7471560" lon="2.2910790">
    <ele>56.6</ele>
    <time>2020-11-07T09:32:35Z</time>
   </trkpt>
   <trkpt lat="48.7471730" lon="2.2911180">
    <ele>56.6</ele>
    <time>2020-11-07T09:32:37Z</time>
   </trkpt>
   <trkpt lat="48.7471880" lon="2.2911530">
    <ele>56.6</ele>
    <time>2020-11-07T09:32:38Z</time>
   </trkpt>
   <trkpt lat="48.7472060" lon="2.2911920">
    <ele>56.7</ele>
    <time>2020-11-07T09:32:39Z</time>
   </trkpt>
   <trkpt lat="48.7472310" lon="2.2912280">
    <ele>56.7</ele>
    <time>2020-11-07T09:32:40Z</time>
   </trkpt>
   <trkpt lat="48.7472510" lon="2.2912520">
    <ele>56.7</ele>
    <time>2020-11-07T09:32:41Z</time>
   </trkpt>
   <trkpt lat="48.7472720" lon="2.2912800">
    <ele>56.7</ele>
    <time>2020-11-07T09:32:43Z</time>
   </trkpt>
   <trkpt lat="48.7472970" lon="2.2913180">
    <ele>56.7</ele>
    <time>2020-11-07T09:32:44Z</time>
   </trkpt>
   <trkpt lat="48.7473190" lon="2.2913620">
    <ele>56.7</ele>
    <time>2020-11-07T09:32:45Z</time>
   </trkpt>
   <trkpt lat="48.7473380" lon="2.2914080">
    <ele>56.7</ele>
    <time>2020-11-07T09:32:46Z</time>
   </trkpt>
   <trkpt lat="48.7473510" lon="2.2914640">
    <ele>56.7</ele>
    <time>2020-11-07T09:32:47Z</time>
   </trkpt>
   <trkpt lat="48.7473630" lon="2.2915210">
    <ele>56.7</ele>
    <time>2020-11-07T09:32:49Z</time>
   </trkpt>
   <trkpt lat="48.7473770" lon="2.2915680">
    <ele>56.7</ele>
    <time>2020-11-07T09:32:50Z</time>
   </trkpt>
   <trkpt lat="48.7473890" lon="2.2916120">
    <ele>56.7</ele>
    <time>2020-11-07T09:32:51Z</time>
   </trkpt>
   <trkpt lat="48.7474010" lon="2.2916490">
    <ele>56.7</ele>
    <time>2020-11-07T09:32:52Z</time>
   </trkpt>
   <trkpt lat="48.7474210" lon="2.2916960">
    <ele>56.7</ele>
    <time>2020-11-07T09:32:54Z</time>
   </trkpt>
   <trkpt lat="48.7474370" lon="2.2917370">
    <ele>56.7</ele>
    <time>2020-11-07T09:32:55Z</time>
   </trkpt>
   <trkpt lat="48.7474630" lon="2.2917870">
    <ele>56.7</ele>
    <time>2020-11-07T09:32:56Z</time>
   </trkpt>
   <trkpt lat="48.7474880" lon="2.2918310">
    <ele>56.6</ele>
    <time>2020-11-07T09:32:57Z</time>
   </trkpt>
   <trkpt lat="48.7475110" lon="2.2918750">
    <ele>56.6</ele>
    <time>2020-11-07T09:32:58Z</time>
   </trkpt>
   <trkpt lat="48.7475320" lon="2.2919150">
    <ele>56.6</ele>
    <time>2020-11-07T09:32:59Z</time>
   </trkpt>
   <trkpt lat="48.7475480" lon="2.2919560">
    <ele>56.6</ele>
    <time>2020-11-07T09:33:00Z</time>
   </trkpt>
   <trkpt lat="48.7475700" lon="2.2920010">
    <ele>56.6</ele>
    <time>2020-11-07T09:33:01Z</time>
   </trkpt>
   <trkpt lat="48.7475880" lon="2.2920370">
    <ele>56.6</ele>
    <time>2020-11-07T09:33:02Z</time>
   </trkpt>
   <trkpt lat="48.7476070" lon="2.2920680">
    <ele>56.6</ele>
    <time>2020-11-07T09:33:03Z</time>
   </trkpt>
   <trkpt lat="48.7476320" lon="2.2921010">
    <ele>56.6</ele>
    <time>2020-11-07T09:33:04Z</time>
   </trkpt>
   <trkpt lat="48.7476590" lon="2.2921320">
    <ele>56.6</ele>
    <time>2020-11-07T09:33:06Z</time>
   </trkpt>
   <trkpt lat="48.7476680" lon="2.2921430">
    <ele>56.6</ele>
    <time>2020-11-07T09:33:07Z</time>
   </trkpt>
   <trkpt lat="48.7476940" lon="2.2921790">
    <ele>56.6</ele>
    <time>2020-11-07T09:33:08Z</time>
   </trkpt>
   <trkpt lat="48.7477010" lon="2.2921930">
    <ele>56.6</ele>
    <time>2020-11-07T09:33:09Z</time>
   </trkpt>
   <trkpt lat="48.7477320" lon="2.2922300">
    <ele>56.6</ele>
    <time>2020-11-07T09:33:10Z</time>
   </trkpt>
   <trkpt lat="48.7477420" lon="2.2922400">
    <ele>56.7</ele>
    <time>2020-11-07T09:33:11Z</time>
   </trkpt>
   <trkpt lat="48.7477720" lon="2.2922570">
    <ele>56.7</ele>
    <time>2020-11-07T09:33:12Z</time>
   </trkpt>
   <trkpt lat="48.7477810" lon="2.2922650">
    <ele>56.7</ele>
    <time>2020-11-07T09:33:13Z</time>
   </trkpt>
   <trkpt lat="48.7478040" lon="2.2922890">
    <ele>56.7</ele>
    <time>2020-11-07T09:33:14Z</time>
   </trkpt>
   <trkpt lat="48.7478230" lon="2.2923270">
    <ele>56.7</ele>
    <time>2020-11-07T09:33:16Z</time>
   </trkpt>
   <trkpt lat="48.7478310" lon="2.2923420">
    <ele>56.7</ele>
    <time>2020-11-07T09:33:17Z</time>
   </trkpt>
   <trkpt lat="48.7478590" lon="2.2923810">
    <ele>56.8</ele>
    <time>2020-11-07T09:33:18Z</time>
   </trkpt>
   <trkpt lat="48.7478670" lon="2.2923930">
    <ele>56.8</ele>
    <time>2020-11-07T09:33:19Z</time>
   </trkpt>
   <trkpt lat="48.7478830" lon="2.2924340">
    <ele>56.8</ele>
    <time>2020-11-07T09:33:20Z</time>
   </trkpt>
   <trkpt lat="48.7478890" lon="2.2924510">
    <ele>56.8</ele>
    <time>2020-11-07T09:33:21Z</time>
   </trkpt>
   <trkpt lat="48.7479100" lon="2.2924950">
    <ele>56.8</ele>
    <time>2020-11-07T09:33:22Z</time>
   </trkpt>
   <trkpt lat="48.7479400" lon="2.2925460">
    <ele>56.8</ele>
    <time>2020-11-07T09:33:24Z</time>
   </trkpt>
   <trkpt lat="48.7479610" lon="2.2925760">
    <ele>56.8</ele>
    <time>2020-11-07T09:33:25Z</time>
   </trkpt>
   <trkpt lat="48.7479850" lon="2.2926080">
    <ele>56.8</ele>
    <time>2020-11-07T09:33:26Z</time>
   </trkpt>
   <trkpt lat="48.7480100" lon="2.2926530">
    <ele>56.7</ele>
    <time>2020-11-07T09:33:28Z</time>
   </trkpt>
   <trkpt lat="48.7480370" lon="2.2926960">
    <ele>56.7</ele>
    <time>2020-11-07T09:33:29Z</time>
   </trkpt>
   <trkpt lat="48.7480580" lon="2.2927320">
    <ele>56.7</ele>
    <time>2020-11-07T09:33:30Z</time>
   </trkpt>
   <trkpt lat="48.7480760" lon="2.2927640">
    <ele>56.6</ele>
    <time>2020-11-07T09:33:31Z</time>
   </trkpt>
   <trkpt lat="48.7480960" lon="2.2928010">
    <ele>56.5</ele>
    <time>2020-11-07T09:33:33Z</time>
   </trkpt>
   <trkpt lat="48.7481150" lon="2.2928310">
    <ele>56.5</ele>
    <time>2020-11-07T09:33:34Z</time>
   </trkpt>
   <trkpt lat="48.7481420" lon="2.2928780">
    <ele>55.7</ele>
    <time>2020-11-07T09:33:35Z</time>
   </trkpt>
   <trkpt lat="48.7481520" lon="2.2928930">
    <ele>55.7</ele>
    <time>2020-11-07T09:33:36Z</time>
   </trkpt>
   <trkpt lat="48.7481760" lon="2.2929220">
    <ele>55.6</ele>
    <time>2020-11-07T09:33:37Z</time>
   </trkpt>
   <trkpt lat="48.7482030" lon="2.2929540">
    <ele>55.5</ele>
    <time>2020-11-07T09:33:38Z</time>
   </trkpt>
   <trkpt lat="48.7482250" lon="2.2929850">
    <ele>55.5</ele>
    <time>2020-11-07T09:33:39Z</time>
   </trkpt>
   <trkpt lat="48.7482570" lon="2.2930250">
    <ele>55.4</ele>
    <time>2020-11-07T09:33:40Z</time>
   </trkpt>
   <trkpt lat="48.7482680" lon="2.2930420">
    <ele>55.4</ele>
    <time>2020-11-07T09:33:41Z</time>
   </trkpt>
   <trkpt lat="48.7482950" lon="2.2930920">
    <ele>55.4</ele>
    <time>2020-11-07T09:33:43Z</time>
   </trkpt>
   <trkpt lat="48.7483040" lon="2.2931100">
    <ele>55.4</ele>
    <time>2020-11-07T09:33:44Z</time>
   </trkpt>
   <trkpt lat="48.7483120" lon="2.2931290">
    <ele>55.3</ele>
    <time>2020-11-07T09:33:45Z</time>
   </trkpt>
   <trkpt lat="48.7483190" lon="2.2931870">
    <ele>55.3</ele>
    <time>2020-11-07T09:33:46Z</time>
   </trkpt>
   <trkpt lat="48.7483180" lon="2.2932080">
    <ele>55.3</ele>
    <time>2020-11-07T09:33:47Z</time>
   </trkpt>
   <trkpt lat="48.7483160" lon="2.2932720">
    <ele>55.2</ele>
    <time>2020-11-07T09:33:48Z</time>
   </trkpt>
   <trkpt lat="48.7483140" lon="2.2932960">
    <ele>55.2</ele>
    <time>2020-11-07T09:33:49Z</time>
   </trkpt>
   <trkpt lat="48.7483060" lon="2.2933480">
    <ele>55.2</ele>
    <time>2020-11-07T09:33:50Z</time>
   </trkpt>
   <trkpt lat="48.7483050" lon="2.2933620">
    <ele>55.1</ele>
    <time>2020-11-07T09:33:51Z</time>
   </trkpt>
   <trkpt lat="48.7483220" lon="2.2934030">
    <ele>55.1</ele>
    <time>2020-11-07T09:33:52Z</time>
   </trkpt>
   <trkpt lat="48.7483200" lon="2.2934250">
    <ele>55.1</ele>
    <time>2020-11-07T09:33:53Z</time>
   </trkpt>
   <trkpt lat="48.7483120" lon="2.2934370">
    <ele>55.1</ele>
    <time>2020-11-07T09:33:54Z</time>
   </trkpt>
   <trkpt lat="48.7483040" lon="2.2934590">
    <ele>55.0</ele>
    <time>2020-11-07T09:33:56Z</time>
   </trkpt>
   <trkpt lat="48.7482960" lon="2.2935080">
    <ele>55.0</ele>
    <time>2020-11-07T09:33:57Z</time>
   </trkpt>
   <trkpt lat="48.7482970" lon="2.2935260">
    <ele>55.0</ele>
    <time>2020-11-07T09:33:58Z</time>
   </trkpt>
   <trkpt lat="48.7482990" lon="2.2935550">
    <ele>54.9</ele>
    <time>2020-11-07T09:33:59Z</time>
   </trkpt>
   <trkpt lat="48.7482950" lon="2.2935780">
    <ele>54.9</ele>
    <time>2020-11-07T09:34:00Z</time>
   </trkpt>
   <trkpt lat="48.7482690" lon="2.2936160">
    <ele>54.8</ele>
    <time>2020-11-07T09:34:01Z</time>
   </trkpt>
   <trkpt lat="48.7482620" lon="2.2936270">
    <ele>54.8</ele>
    <time>2020-11-07T09:34:02Z</time>
   </trkpt>
   <trkpt lat="48.7482430" lon="2.2936740">
    <ele>54.8</ele>
    <time>2020-11-07T09:34:04Z</time>
   </trkpt>
   <trkpt lat="48.7482380" lon="2.2936910">
    <ele>54.8</ele>
    <time>2020-11-07T09:34:05Z</time>
   </trkpt>
   <trkpt lat="48.7482370" lon="2.2937380">
    <ele>54.7</ele>
    <time>2020-11-07T09:34:06Z</time>
   </trkpt>
   <trkpt lat="48.7482400" lon="2.2937520">
    <ele>54.7</ele>
    <time>2020-11-07T09:34:07Z</time>
   </trkpt>
   <trkpt lat="48.7482530" lon="2.2937910">
    <ele>54.7</ele>
    <time>2020-11-07T09:34:08Z</time>
   </trkpt>
   <trkpt lat="48.7482720" lon="2.2938320">
    <ele>54.6</ele>
    <time>2020-11-07T09:34:09Z</time>
   </trkpt>
   <trkpt lat="48.7482940" lon="2.2938730">
    <ele>54.6</ele>
    <time>2020-11-07T09:34:10Z</time>
   </trkpt>
   <trkpt lat="48.7483160" lon="2.2939130">
    <ele>54.5</ele>
    <time>2020-11-07T09:34:11Z</time>
   </trkpt>
   <trkpt lat="48.7483400" lon="2.2939480">
    <ele>54.5</ele>
    <time>2020-11-07T09:34:12Z</time>
   </trkpt>
   <trkpt lat="48.7483630" lon="2.2939870">
    <ele>54.5</ele>
    <time>2020-11-07T09:34:13Z</time>
   </trkpt>
   <trkpt lat="48.7483850" lon="2.2940230">
    <ele>54.5</ele>
    <time>2020-11-07T09:34:14Z</time>
   </trkpt>
   <trkpt lat="48.7484060" lon="2.2940530">
    <ele>54.5</ele>
    <time>2020-11-07T09:34:15Z</time>
   </trkpt>
   <trkpt lat="48.7484400" lon="2.2940960">
    <ele>54.5</ele>
    <time>2020-11-07T09:34:17Z</time>
   </trkpt>
   <trkpt lat="48.7484640" lon="2.2941390">
    <ele>54.5</ele>
    <time>2020-11-07T09:34:18Z</time>
   </trkpt>
   <trkpt lat="48.7484730" lon="2.2941540">
    <ele>54.5</ele>
    <time>2020-11-07T09:34:19Z</time>
   </trkpt>
   <trkpt lat="48.7484950" lon="2.2941980">
    <ele>54.5</ele>
    <time>2020-11-07T09:34:20Z</time>
   </trkpt>
   <trkpt lat="48.7485150" lon="2.2942420">
    <ele>54.5</ele>
    <time>2020-11-07T09:34:21Z</time>
   </trkpt>
   <trkpt lat="48.7485540" lon="2.2943320">
    <ele>54.5</ele>
    <time>2020-11-07T09:34:24Z</time>
   </trkpt>
   <trkpt lat="48.7485750" lon="2.2943960">
    <ele>54.5</ele>
    <time>2020-11-07T09:34:25Z</time>
   </trkpt>
   <trkpt lat="48.7485840" lon="2.2944240">
    <ele>54.5</ele>
    <time>2020-11-07T09:34:26Z</time>
   </trkpt>
   <trkpt lat="48.7486050" lon="2.2944730">
    <ele>54.5</ele>
    <time>2020-11-07T09:34:27Z</time>
   </trkpt>
   <trkpt lat="48.7486130" lon="2.2944880">
    <ele>54.5</ele>
    <time>2020-11-07T09:34:28Z</time>
   </trkpt>
   <trkpt lat="48.7486290" lon="2.2945060">
    <ele>54.5</ele>
    <time>2020-11-07T09:34:29Z</time>
   </trkpt>
   <trkpt lat="48.7486520" lon="2.2945220">
    <ele>54.5</ele>
    <time>2020-11-07T09:34:31Z</time>
   </trkpt>
   <trkpt lat="48.7486790" lon="2.2945270">
    <ele>54.4</ele>
    <time>2020-11-07T09:34:32Z</time>
   </trkpt>
   <trkpt lat="48.7487170" lon="2.2945220">
    <ele>54.3</ele>
    <time>2020-11-07T09:34:33Z</time>
   </trkpt>
   <trkpt lat="48.7487290" lon="2.2945170">
    <ele>54.4</ele>
    <time>2020-11-07T09:34:34Z</time>
   </trkpt>
   <trkpt lat="48.7487580" lon="2.2944970">
    <ele>54.4</ele>
    <time>2020-11-07T09:34:35Z</time>
   </trkpt>
   <trkpt lat="48.7487670" lon="2.2944900">
    <ele>54.4</ele>
    <time>2020-11-07T09:34:36Z</time>
   </trkpt>
   <trkpt lat="48.7487900" lon="2.2944750">
    <ele>54.4</ele>
    <time>2020-11-07T09:34:37Z</time>
   </trkpt>
   <trkpt lat="48.7488190" lon="2.2944640">
    <ele>54.5</ele>
    <time>2020-11-07T09:34:39Z</time>
   </trkpt>
   <trkpt lat="48.7488460" lon="2.2944610">
    <ele>54.5</ele>
    <time>2020-11-07T09:34:40Z</time>
   </trkpt>
   <trkpt lat="48.7488560" lon="2.2944620">
    <ele>54.5</ele>
    <time>2020-11-07T09:34:41Z</time>
   </trkpt>
   <trkpt lat="48.7488970" lon="2.2944610">
    <ele>54.6</ele>
    <time>2020-11-07T09:34:42Z</time>
   </trkpt>
   <trkpt lat="48.7489130" lon="2.2944590">
    <ele>54.6</ele>
    <time>2020-11-07T09:34:43Z</time>
   </trkpt>
   <trkpt lat="48.7489590" lon="2.2944430">
    <ele>54.7</ele>
    <time>2020-11-07T09:34:45Z</time>
   </trkpt>
   <trkpt lat="48.7489960" lon="2.2944220">
    <ele>54.8</ele>
    <time>2020-11-07T09:34:46Z</time>
   </trkpt>
   <trkpt lat="48.7490080" lon="2.2944130">
    <ele>54.8</ele>
    <time>2020-11-07T09:34:47Z</time>
   </trkpt>
   <trkpt lat="48.7490380" lon="2.2943890">
    <ele>54.9</ele>
    <time>2020-11-07T09:34:48Z</time>
   </trkpt>
   <trkpt lat="48.7490470" lon="2.2943840">
    <ele>54.9</ele>
    <time>2020-11-07T09:34:49Z</time>
   </trkpt>
   <trkpt lat="48.7490750" lon="2.2943640">
    <ele>55.0</ele>
    <time>2020-11-07T09:34:50Z</time>
   </trkpt>
   <trkpt lat="48.7490820" lon="2.2943540">
    <ele>55.0</ele>
    <time>2020-11-07T09:34:51Z</time>
   </trkpt>
   <trkpt lat="48.7490930" lon="2.2943310">
    <ele>55.1</ele>
    <time>2020-11-07T09:34:52Z</time>
   </trkpt>
   <trkpt lat="48.7491010" lon="2.2943080">
    <ele>55.1</ele>
    <time>2020-11-07T09:34:54Z</time>
   </trkpt>
   <trkpt lat="48.7491320" lon="2.2942930">
    <ele>55.2</ele>
    <time>2020-11-07T09:34:55Z</time>
   </trkpt>
   <trkpt lat="48.7491450" lon="2.2942940">
    <ele>55.3</ele>
    <time>2020-11-07T09:34:56Z</time>
   </trkpt>
   <trkpt lat="48.7491720" lon="2.2942990">
    <ele>55.3</ele>
    <time>2020-11-07T09:34:57Z</time>
   </trkpt>
   <trkpt lat="48.7492100" lon="2.2943080">
    <ele>55.6</ele>
    <time>2020-11-07T09:34:58Z</time>
   </trkpt>
   <trkpt lat="48.7492560" lon="2.2943250">
    <ele>55.7</ele>
    <time>2020-11-07T09:35:00Z</time>
   </trkpt>
   <trkpt lat="48.7492850" lon="2.2943390">
    <ele>55.7</ele>
    <time>2020-11-07T09:35:01Z</time>
   </trkpt>
   <trkpt lat="48.7493110" lon="2.2943500">
    <ele>55.8</ele>
    <time>2020-11-07T09:35:02Z</time>
   </trkpt>
   <trkpt lat="48.7493450" lon="2.2943670">
    <ele>55.8</ele>
    <time>2020-11-07T09:35:03Z</time>
   </trkpt>
   <trkpt lat="48.7493560" lon="2.2943750">
    <ele>55.8</ele>
    <time>2020-11-07T09:35:04Z</time>
   </trkpt>
   <trkpt lat="48.7493890" lon="2.2943900">
    <ele>55.9</ele>
    <time>2020-11-07T09:35:05Z</time>
   </trkpt>
   <trkpt lat="48.7494000" lon="2.2943930">
    <ele>55.9</ele>
    <time>2020-11-07T09:35:06Z</time>
   </trkpt>
   <trkpt lat="48.7494340" lon="2.2944080">
    <ele>55.9</ele>
    <time>2020-11-07T09:35:07Z</time>
   </trkpt>
   <trkpt lat="48.7494450" lon="2.2944150">
    <ele>55.9</ele>
    <time>2020-11-07T09:35:08Z</time>
   </trkpt>
   <trkpt lat="48.7494690" lon="2.2944350">
    <ele>56.0</ele>
    <time>2020-11-07T09:35:09Z</time>
   </trkpt>
   <trkpt lat="48.7494950" lon="2.2944680">
    <ele>56.0</ele>
    <time>2020-11-07T09:35:10Z</time>
   </trkpt>
   <trkpt lat="48.7495220" lon="2.2945010">
    <ele>56.1</ele>
    <time>2020-11-07T09:35:11Z</time>
   </trkpt>
   <trkpt lat="48.7495480" lon="2.2945210">
    <ele>56.1</ele>
    <time>2020-11-07T09:35:12Z</time>
   </trkpt>
   <trkpt lat="48.7495810" lon="2.2945430">
    <ele>56.2</ele>
    <time>2020-11-07T09:35:14Z</time>
   </trkpt>
   <trkpt lat="48.7496060" lon="2.2945650">
    <ele>56.2</ele>
    <time>2020-11-07T09:35:15Z</time>
   </trkpt>
   <trkpt lat="48.7496260" lon="2.2945940">
    <ele>56.2</ele>
    <time>2020-11-07T09:35:16Z</time>
   </trkpt>
   <trkpt lat="48.7496480" lon="2.2946230">
    <ele>56.3</ele>
    <time>2020-11-07T09:35:17Z</time>
   </trkpt>
   <trkpt lat="48.7496830" lon="2.2946660">
    <ele>56.4</ele>
    <time>2020-11-07T09:35:19Z</time>
   </trkpt>
   <trkpt lat="48.7497190" lon="2.2946900">
    <ele>56.4</ele>
    <time>2020-11-07T09:35:20Z</time>
   </trkpt>
   <trkpt lat="48.7497300" lon="2.2947010">
    <ele>56.4</ele>
    <time>2020-11-07T09:35:21Z</time>
   </trkpt>
   <trkpt lat="48.7497680" lon="2.2947290">
    <ele>56.5</ele>
    <time>2020-11-07T09:35:22Z</time>
   </trkpt>
   <trkpt lat="48.7497820" lon="2.2947400">
    <ele>56.5</ele>
    <time>2020-11-07T09:35:23Z</time>
   </trkpt>
   <trkpt lat="48.7498180" lon="2.2947670">
    <ele>56.5</ele>
    <time>2020-11-07T09:35:24Z</time>
   </trkpt>
   <trkpt lat="48.7498440" lon="2.2947920">
    <ele>56.5</ele>
    <time>2020-11-07T09:35:25Z</time>
   </trkpt>
   <trkpt lat="48.7498680" lon="2.2948180">
    <ele>56.6</ele>
    <time>2020-11-07T09:35:26Z</time>
   </trkpt>
   <trkpt lat="48.7498920" lon="2.2948450">
    <ele>56.6</ele>
    <time>2020-11-07T09:35:27Z</time>
   </trkpt>
   <trkpt lat="48.7499190" lon="2.2948780">
    <ele>56.6</ele>
    <time>2020-11-07T09:35:28Z</time>
   </trkpt>
   <trkpt lat="48.7499440" lon="2.2949040">
    <ele>56.6</ele>
    <time>2020-11-07T09:35:29Z</time>
   </trkpt>
   <trkpt lat="48.7499670" lon="2.2949340">
    <ele>56.6</ele>
    <time>2020-11-07T09:35:30Z</time>
   </trkpt>
   <trkpt lat="48.7499880" lon="2.2949640">
    <ele>56.7</ele>
    <time>2020-11-07T09:35:31Z</time>
   </trkpt>
   <trkpt lat="48.7500080" lon="2.2949940">
    <ele>56.7</ele>
    <time>2020-11-07T09:35:32Z</time>
   </trkpt>
   <trkpt lat="48.7500290" lon="2.2950230">
    <ele>56.7</ele>
    <time>2020-11-07T09:35:34Z</time>
   </trkpt>
   <trkpt lat="48.7500540" lon="2.2950500">
    <ele>56.7</ele>
    <time>2020-11-07T09:35:35Z</time>
   </trkpt>
   <trkpt lat="48.7500790" lon="2.2950730">
    <ele>56.8</ele>
    <time>2020-11-07T09:35:36Z</time>
   </trkpt>
   <trkpt lat="48.7501160" lon="2.2950930">
    <ele>56.8</ele>
    <time>2020-11-07T09:35:37Z</time>
   </trkpt>
   <trkpt lat="48.7501280" lon="2.2951020">
    <ele>56.8</ele>
    <time>2020-11-07T09:35:38Z</time>
   </trkpt>
   <trkpt lat="48.7501520" lon="2.2951200">
    <ele>56.9</ele>
    <time>2020-11-07T09:35:39Z</time>
   </trkpt>
   <trkpt lat="48.7501870" lon="2.2951500">
    <ele>56.9</ele>
    <time>2020-11-07T09:35:40Z</time>
   </trkpt>
   <trkpt lat="48.7502100" lon="2.2951740">
    <ele>56.9</ele>
    <time>2020-11-07T09:35:41Z</time>
   </trkpt>
   <trkpt lat="48.7502540" lon="2.2952160">
    <ele>57.0</ele>
    <time>2020-11-07T09:35:43Z</time>
   </trkpt>
   <trkpt lat="48.7502850" lon="2.2952460">
    <ele>57.0</ele>
    <time>2020-11-07T09:35:44Z</time>
   </trkpt>
   <trkpt lat="48.7502940" lon="2.2952550">
    <ele>57.0</ele>
    <time>2020-11-07T09:35:45Z</time>
   </trkpt>
   <trkpt lat="48.7503130" lon="2.2952690">
    <ele>57.0</ele>
    <time>2020-11-07T09:35:46Z</time>
   </trkpt>
   <trkpt lat="48.7503440" lon="2.2952840">
    <ele>57.1</ele>
    <time>2020-11-07T09:35:48Z</time>
   </trkpt>
   <trkpt lat="48.7503800" lon="2.2953020">
    <ele>57.1</ele>
    <time>2020-11-07T09:35:49Z</time>
   </trkpt>
   <trkpt lat="48.7503910" lon="2.2953090">
    <ele>57.1</ele>
    <time>2020-11-07T09:35:50Z</time>
   </trkpt>
   <trkpt lat="48.7504260" lon="2.2953420">
    <ele>57.1</ele>
    <time>2020-11-07T09:35:51Z</time>
   </trkpt>
   <trkpt lat="48.7504360" lon="2.2953590">
    <ele>57.1</ele>
    <time>2020-11-07T09:35:52Z</time>
   </trkpt>
   <trkpt lat="48.7504580" lon="2.2953930">
    <ele>57.1</ele>
    <time>2020-11-07T09:35:53Z</time>
   </trkpt>
   <trkpt lat="48.7504840" lon="2.2954300">
    <ele>57.1</ele>
    <time>2020-11-07T09:35:54Z</time>
   </trkpt>
   <trkpt lat="48.7505150" lon="2.2954720">
    <ele>57.2</ele>
    <time>2020-11-07T09:35:55Z</time>
   </trkpt>
   <trkpt lat="48.7505560" lon="2.2955290">
    <ele>57.2</ele>
    <time>2020-11-07T09:35:57Z</time>
   </trkpt>
   <trkpt lat="48.7505810" lon="2.2955630">
    <ele>57.2</ele>
    <time>2020-11-07T09:35:58Z</time>
   </trkpt>
   <trkpt lat="48.7506030" lon="2.2955920">
    <ele>57.3</ele>
    <time>2020-11-07T09:35:59Z</time>
   </trkpt>
   <trkpt lat="48.7506270" lon="2.2956220">
    <ele>57.3</ele>
    <time>2020-11-07T09:36:00Z</time>
   </trkpt>
   <trkpt lat="48.7506510" lon="2.2956500">
    <ele>57.3</ele>
    <time>2020-11-07T09:36:01Z</time>
   </trkpt>
   <trkpt lat="48.7506780" lon="2.2956810">
    <ele>57.3</ele>
    <time>2020-11-07T09:36:02Z</time>
   </trkpt>
   <trkpt lat="48.7507180" lon="2.2957260">
    <ele>57.4</ele>
    <time>2020-11-07T09:36:04Z</time>
   </trkpt>
   <trkpt lat="48.7507460" lon="2.2957520">
    <ele>57.4</ele>
    <time>2020-11-07T09:36:05Z</time>
   </trkpt>
   <trkpt lat="48.7507700" lon="2.2957780">
    <ele>57.4</ele>
    <time>2020-11-07T09:36:06Z</time>
   </trkpt>
   <trkpt lat="48.7507960" lon="2.2958030">
    <ele>57.4</ele>
    <time>2020-11-07T09:36:07Z</time>
   </trkpt>
   <trkpt lat="48.7508200" lon="2.2958260">
    <ele>57.5</ele>
    <time>2020-11-07T09:36:08Z</time>
   </trkpt>
   <trkpt lat="48.7508450" lon="2.2958480">
    <ele>57.5</ele>
    <time>2020-11-07T09:36:09Z</time>
   </trkpt>
   <trkpt lat="48.7508810" lon="2.2958800">
    <ele>57.5</ele>
    <time>2020-11-07T09:36:10Z</time>
   </trkpt>
   <trkpt lat="48.7508950" lon="2.2958930">
    <ele>57.5</ele>
    <time>2020-11-07T09:36:11Z</time>
   </trkpt>
   <trkpt lat="48.7509270" lon="2.2959300">
    <ele>57.5</ele>
    <time>2020-11-07T09:36:13Z</time>
   </trkpt>
   <trkpt lat="48.7509530" lon="2.2959520">
    <ele>57.5</ele>
    <time>2020-11-07T09:36:14Z</time>
   </trkpt>
   <trkpt lat="48.7509610" lon="2.2959610">
    <ele>57.6</ele>
    <time>2020-11-07T09:36:15Z</time>
   </trkpt>
   <trkpt lat="48.7509830" lon="2.2960040">
    <ele>57.6</ele>
    <time>2020-11-07T09:36:16Z</time>
   </trkpt>
   <trkpt lat="48.7509870" lon="2.2960250">
    <ele>57.6</ele>
    <time>2020-11-07T09:36:18Z</time>
   </trkpt>
   <trkpt lat="48.7509920" lon="2.2960470">
    <ele>57.6</ele>
    <time>2020-11-07T09:36:19Z</time>
   </trkpt>
   <trkpt lat="48.7509960" lon="2.2960690">
    <ele>57.6</ele>
    <time>2020-11-07T09:36:20Z</time>
   </trkpt>
   <trkpt lat="48.7510170" lon="2.2961200">
    <ele>57.6</ele>
    <time>2020-11-07T09:36:21Z</time>
   </trkpt>
   <trkpt lat="48.7510230" lon="2.2961370">
    <ele>57.6</ele>
    <time>2020-11-07T09:36:22Z</time>
   </trkpt>
   <trkpt lat="48.7510360" lon="2.2961760">
    <ele>57.6</ele>
    <time>2020-11-07T09:36:23Z</time>
   </trkpt>
   <trkpt lat="48.7510450" lon="2.2962230">
    <ele>57.6</ele>
    <time>2020-11-07T09:36:24Z</time>
   </trkpt>
   <trkpt lat="48.7510470" lon="2.2962710">
    <ele>57.5</ele>
    <time>2020-11-07T09:36:25Z</time>
   </trkpt>
   <trkpt lat="48.7510400" lon="2.2963230">
    <ele>57.4</ele>
    <time>2020-11-07T09:36:26Z</time>
   </trkpt>
   <trkpt lat="48.7510240" lon="2.2963720">
    <ele>57.3</ele>
    <time>2020-11-07T09:36:28Z</time>
   </trkpt>
   <trkpt lat="48.7510030" lon="2.2964060">
    <ele>57.0</ele>
    <time>2020-11-07T09:36:29Z</time>
   </trkpt>
   <trkpt lat="48.7509970" lon="2.2964170">
    <ele>57.0</ele>
    <time>2020-11-07T09:36:30Z</time>
   </trkpt>
   <trkpt lat="48.7510010" lon="2.2964590">
    <ele>57.1</ele>
    <time>2020-11-07T09:36:31Z</time>
   </trkpt>
   <trkpt lat="48.7510070" lon="2.2964760">
    <ele>57.1</ele>
    <time>2020-11-07T09:36:32Z</time>
   </trkpt>
   <trkpt lat="48.7510340" lon="2.2965100">
    <ele>57.1</ele>
    <time>2020-11-07T09:36:33Z</time>
   </trkpt>
   <trkpt lat="48.7510440" lon="2.2965220">
    <ele>57.1</ele>
    <time>2020-11-07T09:36:34Z</time>
   </trkpt>
   <trkpt lat="48.7510700" lon="2.2965560">
    <ele>57.1</ele>
    <time>2020-11-07T09:36:36Z</time>
   </trkpt>
   <trkpt lat="48.7510980" lon="2.2965990">
    <ele>57.1</ele>
    <time>2020-11-07T09:36:37Z</time>
   </trkpt>
   <trkpt lat="48.7511280" lon="2.2966440">
    <ele>57.1</ele>
    <time>2020-11-07T09:36:39Z</time>
   </trkpt>
   <trkpt lat="48.7511550" lon="2.2966860">
    <ele>57.1</ele>
    <time>2020-11-07T09:36:40Z</time>
   </trkpt>
   <trkpt lat="48.7511630" lon="2.2967010">
    <ele>57.2</ele>
    <time>2020-11-07T09:36:41Z</time>
   </trkpt>
   <trkpt lat="48.7511820" lon="2.2967300">
    <ele>57.2</ele>
    <time>2020-11-07T09:36:42Z</time>
   </trkpt>
   <trkpt lat="48.7512060" lon="2.2967620">
    <ele>57.2</ele>
    <time>2020-11-07T09:36:43Z</time>
   </trkpt>
   <trkpt lat="48.7512130" lon="2.2967670">
    <ele>57.2</ele>
    <time>2020-11-07T09:36:44Z</time>
   </trkpt>
   <trkpt lat="48.7512310" lon="2.2967810">
    <ele>57.2</ele>
    <time>2020-11-07T09:36:45Z</time>
   </trkpt>
   <trkpt lat="48.7512590" lon="2.2968290">
    <ele>57.3</ele>
    <time>2020-11-07T09:36:47Z</time>
   </trkpt>
   <trkpt lat="48.7512810" lon="2.2968750">
    <ele>57.4</ele>
    <time>2020-11-07T09:36:48Z</time>
   </trkpt>
   <trkpt lat="48.7512990" lon="2.2969220">
    <ele>57.4</ele>
    <time>2020-11-07T09:36:49Z</time>
   </trkpt>
   <trkpt lat="48.7513110" lon="2.2969660">
    <ele>57.5</ele>
    <time>2020-11-07T09:36:50Z</time>
   </trkpt>
   <trkpt lat="48.7513310" lon="2.2970220">
    <ele>57.5</ele>
    <time>2020-11-07T09:36:52Z</time>
   </trkpt>
   <trkpt lat="48.7513370" lon="2.2970430">
    <ele>57.6</ele>
    <time>2020-11-07T09:36:53Z</time>
   </trkpt>
   <trkpt lat="48.7513490" lon="2.2970900">
    <ele>57.6</ele>
    <time>2020-11-07T09:36:54Z</time>
   </trkpt>
   <trkpt lat="48.7513470" lon="2.2971460">
    <ele>57.6</ele>
    <time>2020-11-07T09:36:55Z</time>
   </trkpt>
   <trkpt lat="48.7513450" lon="2.2971630">
    <ele>57.6</ele>
    <time>2020-11-07T09:36:56Z</time>
   </trkpt>
   <trkpt lat="48.7513370" lon="2.2972240">
    <ele>57.6</ele>
    <time>2020-11-07T09:36:57Z</time>
   </trkpt>
   <trkpt lat="48.7513340" lon="2.2972460">
    <ele>56.7</ele>
    <time>2020-11-07T09:36:58Z</time>
   </trkpt>
   <trkpt lat="48.7513220" lon="2.2972840">
    <ele>56.5</ele>
    <time>2020-11-07T09:36:59Z</time>
   </trkpt>
   <trkpt lat="48.7513060" lon="2.2973220">
    <ele>56.3</ele>
    <time>2020-11-07T09:37:00Z</time>
   </trkpt>
   <trkpt lat="48.7512890" lon="2.2973590">
    <ele>56.2</ele>
    <time>2020-11-07T09:37:01Z</time>
   </trkpt>
   <trkpt lat="48.7512650" lon="2.2974010">
    <ele>56.0</ele>
    <time>2020-11-07T09:37:02Z</time>
   </trkpt>
   <trkpt lat="48.7512550" lon="2.2974160">
    <ele>55.9</ele>
    <time>2020-11-07T09:37:03Z</time>
   </trkpt>
   <trkpt lat="48.7512220" lon="2.2974460">
    <ele>55.8</ele>
    <time>2020-11-07T09:37:05Z</time>
   </trkpt>
   <trkpt lat="48.7512100" lon="2.2974580">
    <ele>55.7</ele>
    <time>2020-11-07T09:37:06Z</time>
   </trkpt>
   <trkpt lat="48.7511820" lon="2.2974920">
    <ele>55.6</ele>
    <time>2020-11-07T09:37:07Z</time>
   </trkpt>
   <trkpt lat="48.7511600" lon="2.2975170">
    <ele>55.5</ele>
    <time>2020-11-07T09:37:08Z</time>
   </trkpt>
   <trkpt lat="48.7511310" lon="2.2975500">
    <ele>55.3</ele>
    <time>2020-11-07T09:37:09Z</time>
   </trkpt>
   <trkpt lat="48.7511210" lon="2.2975590">
    <ele>55.3</ele>
    <time>2020-11-07T09:37:10Z</time>
   </trkpt>
   <trkpt lat="48.7510970" lon="2.2975900">
    <ele>55.2</ele>
    <time>2020-11-07T09:37:12Z</time>
   </trkpt>
   <trkpt lat="48.7510730" lon="2.2976180">
    <ele>55.1</ele>
    <time>2020-11-07T09:37:13Z</time>
   </trkpt>
   <trkpt lat="48.7510490" lon="2.2976430">
    <ele>55.0</ele>
    <time>2020-11-07T09:37:14Z</time>
   </trkpt>
   <trkpt lat="48.7510190" lon="2.2976800">
    <ele>54.9</ele>
    <time>2020-11-07T09:37:15Z</time>
   </trkpt>
   <trkpt lat="48.7510080" lon="2.2976930">
    <ele>54.8</ele>
    <time>2020-11-07T09:37:16Z</time>
   </trkpt>
   <trkpt lat="48.7509810" lon="2.2977230">
    <ele>54.7</ele>
    <time>2020-11-07T09:37:17Z</time>
   </trkpt>
   <trkpt lat="48.7509480" lon="2.2977620">
    <ele>54.6</ele>
    <time>2020-11-07T09:37:19Z</time>
   </trkpt>
   <trkpt lat="48.7509250" lon="2.2978110">
    <ele>54.5</ele>
    <time>2020-11-07T09:37:20Z</time>
   </trkpt>
   <trkpt lat="48.7509150" lon="2.2978270">
    <ele>54.4</ele>
    <time>2020-11-07T09:37:21Z</time>
   </trkpt>
   <trkpt lat="48.7508960" lon="2.2978580">
    <ele>54.4</ele>
    <time>2020-11-07T09:37:22Z</time>
   </trkpt>
   <trkpt lat="48.7508550" lon="2.2979120">
    <ele>54.2</ele>
    <time>2020-11-07T09:37:24Z</time>
   </trkpt>
   <trkpt lat="48.7508250" lon="2.2979330">
    <ele>54.1</ele>
    <time>2020-11-07T09:37:25Z</time>
   </trkpt>
   <trkpt lat="48.7507910" lon="2.2979620">
    <ele>54.0</ele>
    <time>2020-11-07T09:37:26Z</time>
   </trkpt>
   <trkpt lat="48.7507810" lon="2.2979710">
    <ele>54.0</ele>
    <time>2020-11-07T09:37:27Z</time>
   </trkpt>
   <trkpt lat="48.7507480" lon="2.2980060">
    <ele>53.9</ele>
    <time>2020-11-07T09:37:28Z</time>
   </trkpt>
   <trkpt lat="48.7507360" lon="2.2980170">
    <ele>53.9</ele>
    <time>2020-11-07T09:37:29Z</time>
   </trkpt>
   <trkpt lat="48.7507090" lon="2.2980450">
    <ele>53.8</ele>
    <time>2020-11-07T09:37:30Z</time>
   </trkpt>
   <trkpt lat="48.7506790" lon="2.2980760">
    <ele>53.7</ele>
    <time>2020-11-07T09:37:31Z</time>
   </trkpt>
   <trkpt lat="48.7506560" lon="2.2980980">
    <ele>53.7</ele>
    <time>2020-11-07T09:37:32Z</time>
   </trkpt>
   <trkpt lat="48.7506320" lon="2.2981300">
    <ele>53.6</ele>
    <time>2020-11-07T09:37:34Z</time>
   </trkpt>
   <trkpt lat="48.7506080" lon="2.2981690">
    <ele>53.5</ele>
    <time>2020-11-07T09:37:35Z</time>
   </trkpt>
   <trkpt lat="48.7505800" lon="2.2982090">
    <ele>53.5</ele>
    <time>2020-11-07T09:37:36Z</time>
   </trkpt>
   <trkpt lat="48.7505470" lon="2.2982520">
    <ele>53.4</ele>
    <time>2020-11-07T09:37:38Z</time>
   </trkpt>
   <trkpt lat="48.7505240" lon="2.2982920">
    <ele>53.4</ele>
    <time>2020-11-07T09:37:39Z</time>
   </trkpt>
   <trkpt lat="48.7505040" lon="2.2983550">
    <ele>53.3</ele>
    <time>2020-11-07T09:37:40Z</time>
   </trkpt>
   <trkpt lat="48.7504990" lon="2.2984090">
    <ele>53.2</ele>
    <time>2020-11-07T09:37:41Z</time>
   </trkpt>
   <trkpt lat="48.7505030" lon="2.2984630">
    <ele>53.2</ele>
    <time>2020-11-07T09:37:42Z</time>
   </trkpt>
   <trkpt lat="48.7505090" lon="2.2985090">
    <ele>53.1</ele>
    <time>2020-11-07T09:37:43Z</time>
   </trkpt>
   <trkpt lat="48.7505160" lon="2.2985680">
    <ele>53.1</ele>
    <time>2020-11-07T09:37:45Z</time>
   </trkpt>
   <trkpt lat="48.7505190" lon="2.2986110">
    <ele>53.0</ele>
    <time>2020-11-07T09:37:46Z</time>
   </trkpt>
   <trkpt lat="48.7505250" lon="2.2986540">
    <ele>53.0</ele>
    <time>2020-11-07T09:37:47Z</time>
   </trkpt>
   <trkpt lat="48.7505330" lon="2.2986960">
    <ele>53.0</ele>
    <time>2020-11-07T09:37:48Z</time>
   </trkpt>
   <trkpt lat="48.7505440" lon="2.2987420">
    <ele>52.9</ele>
    <time>2020-11-07T09:37:49Z</time>
   </trkpt>
   <trkpt lat="48.7505550" lon="2.2987970">
    <ele>52.9</ele>
    <time>2020-11-07T09:37:50Z</time>
   </trkpt>
   <trkpt lat="48.7505680" lon="2.2988580">
    <ele>52.9</ele>
    <time>2020-11-07T09:37:51Z</time>
   </trkpt>
   <trkpt lat="48.7505800" lon="2.2989320">
    <ele>52.9</ele>
    <time>2020-11-07T09:37:53Z</time>
   </trkpt>
   <trkpt lat="48.7505870" lon="2.2989770">
    <ele>52.9</ele>
    <time>2020-11-07T09:37:54Z</time>
   </trkpt>
   <trkpt lat="48.7505900" lon="2.2990320">
    <ele>52.8</ele>
    <time>2020-11-07T09:37:55Z</time>
   </trkpt>
   <trkpt lat="48.7505750" lon="2.2990990">
    <ele>52.8</ele>
    <time>2020-11-07T09:37:57Z</time>
   </trkpt>
   <trkpt lat="48.7505690" lon="2.2991200">
    <ele>52.8</ele>
    <time>2020-11-07T09:37:58Z</time>
   </trkpt>
   <trkpt lat="48.7505630" lon="2.2991420">
    <ele>52.8</ele>
    <time>2020-11-07T09:37:59Z</time>
   </trkpt>
   <trkpt lat="48.7505480" lon="2.2991810">
    <ele>52.8</ele>
    <time>2020-11-07T09:38:00Z</time>
   </trkpt>
   <trkpt lat="48.7505230" lon="2.2992180">
    <ele>52.7</ele>
    <time>2020-11-07T09:38:01Z</time>
   </trkpt>
   <trkpt lat="48.7504880" lon="2.2992520">
    <ele>52.7</ele>
    <time>2020-11-07T09:38:03Z</time>
   </trkpt>
   <trkpt lat="48.7504720" lon="2.2992560">
    <ele>52.7</ele>
    <time>2020-11-07T09:38:04Z</time>
   </trkpt>
   <trkpt lat="48.7504530" lon="2.2992490">
    <ele>52.6</ele>
    <time>2020-11-07T09:38:05Z</time>
   </trkpt>
   <trkpt lat="48.7504250" lon="2.2992390">
    <ele>52.6</ele>
    <time>2020-11-07T09:38:07Z</time>
   </trkpt>
   <trkpt lat="48.7503980" lon="2.2992320">
    <ele>52.6</ele>
    <time>2020-11-07T09:38:08Z</time>
   </trkpt>
   <trkpt lat="48.7503610" lon="2.2992320">
    <ele>52.6</ele>
    <time>2020-11-07T09:38:09Z</time>
   </trkpt>
   <trkpt lat="48.7503500" lon="2.2992340">
    <ele>52.6</ele>
    <time>2020-11-07T09:38:10Z</time>
   </trkpt>
   <trkpt lat="48.7503190" lon="2.2992600">
    <ele>52.6</ele>
    <time>2020-11-07T09:38:11Z</time>
   </trkpt>
   <trkpt lat="48.7503080" lon="2.2992710">
    <ele>52.5</ele>
    <time>2020-11-07T09:38:12Z</time>
   </trkpt>
   <trkpt lat="48.7502840" lon="2.2992950">
    <ele>52.5</ele>
    <time>2020-11-07T09:38:13Z</time>
   </trkpt>
   <trkpt lat="48.7502610" lon="2.2993200">
    <ele>52.5</ele>
    <time>2020-11-07T09:38:14Z</time>
   </trkpt>
   <trkpt lat="48.7502320" lon="2.2993610">
    <ele>52.4</ele>
    <time>2020-11-07T09:38:16Z</time>
   </trkpt>
   <trkpt lat="48.7502150" lon="2.2993960">
    <ele>52.4</ele>
    <time>2020-11-07T09:38:17Z</time>
   </trkpt>
   <trkpt lat="48.7502000" lon="2.2994360">
    <ele>52.3</ele>
    <time>2020-11-07T09:38:18Z</time>
   </trkpt>
   <trkpt lat="48.7501950" lon="2.2994470">
    <ele>52.3</ele>
    <time>2020-11-07T09:38:19Z</time>
   </trkpt>
   <trkpt lat="48.7501770" lon="2.2994850">
    <ele>52.3</ele>
    <time>2020-11-07T09:38:20Z</time>
   </trkpt>
   <trkpt lat="48.7501690" lon="2.2995000">
    <ele>52.3</ele>
    <time>2020-11-07T09:38:21Z</time>
   </trkpt>
   <trkpt lat="48.7501510" lon="2.2995830">
    <ele>52.2</ele>
    <time>2020-11-07T09:38:23Z</time>
   </trkpt>
   <trkpt lat="48.7501460" lon="2.2996420">
    <ele>52.2</ele>
    <time>2020-11-07T09:38:24Z</time>
   </trkpt>
   <trkpt lat="48.7501350" lon="2.2996840">
    <ele>52.2</ele>
    <time>2020-11-07T09:38:25Z</time>
   </trkpt>
   <trkpt lat="48.7501320" lon="2.2996980">
    <ele>52.2</ele>
    <time>2020-11-07T09:38:26Z</time>
   </trkpt>
   <trkpt lat="48.7501340" lon="2.2997600">
    <ele>52.2</ele>
    <time>2020-11-07T09:38:27Z</time>
   </trkpt>
   <trkpt lat="48.7501350" lon="2.2997840">
    <ele>52.2</ele>
    <time>2020-11-07T09:38:28Z</time>
   </trkpt>
   <trkpt lat="48.7501340" lon="2.2998310">
    <ele>52.2</ele>
    <time>2020-11-07T09:38:29Z</time>
   </trkpt>
   <trkpt lat="48.7501340" lon="2.2998860">
    <ele>52.1</ele>
    <time>2020-11-07T09:38:31Z</time>
   </trkpt>
   <trkpt lat="48.7501390" lon="2.2999450">
    <ele>52.1</ele>
    <time>2020-11-07T09:38:32Z</time>
   </trkpt>
   <trkpt lat="48.7501490" lon="2.3000070">
    <ele>52.0</ele>
    <time>2020-11-07T09:38:33Z</time>
   </trkpt>
   <trkpt lat="48.7501620" lon="2.3000490">
    <ele>52.0</ele>
    <time>2020-11-07T09:38:34Z</time>
   </trkpt>
   <trkpt lat="48.7501660" lon="2.3000630">
    <ele>52.0</ele>
    <time>2020-11-07T09:38:35Z</time>
   </trkpt>
   <trkpt lat="48.7501740" lon="2.3000910">
    <ele>52.0</ele>
    <time>2020-11-07T09:38:36Z</time>
   </trkpt>
   <trkpt lat="48.7501770" lon="2.3001140">
    <ele>52.0</ele>
    <time>2020-11-07T09:38:37Z</time>
   </trkpt>
   <trkpt lat="48.7501820" lon="2.3001560">
    <ele>52.0</ele>
    <time>2020-11-07T09:38:38Z</time>
   </trkpt>
   <trkpt lat="48.7501830" lon="2.3001740">
    <ele>51.9</ele>
    <time>2020-11-07T09:38:39Z</time>
   </trkpt>
   <trkpt lat="48.7501890" lon="2.3002320">
    <ele>51.9</ele>
    <time>2020-11-07T09:38:40Z</time>
   </trkpt>
   <trkpt lat="48.7501910" lon="2.3002540">
    <ele>51.9</ele>
    <time>2020-11-07T09:38:41Z</time>
   </trkpt>
   <trkpt lat="48.7501970" lon="2.3003040">
    <ele>51.9</ele>
    <time>2020-11-07T09:38:43Z</time>
   </trkpt>
   <trkpt lat="48.7502050" lon="2.3003620">
    <ele>51.9</ele>
    <time>2020-11-07T09:38:44Z</time>
   </trkpt>
   <trkpt lat="48.7502150" lon="2.3004520">
    <ele>51.8</ele>
    <time>2020-11-07T09:38:45Z</time>
   </trkpt>
   <trkpt lat="48.7502190" lon="2.3005100">
    <ele>51.8</ele>
    <time>2020-11-07T09:38:46Z</time>
   </trkpt>
   <trkpt lat="48.7502170" lon="2.3005620">
    <ele>51.8</ele>
    <time>2020-11-07T09:38:47Z</time>
   </trkpt>
   <trkpt lat="48.7501910" lon="2.3005910">
    <ele>51.8</ele>
    <time>2020-11-07T09:38:49Z</time>
   </trkpt>
   <trkpt lat="48.7501820" lon="2.3005910">
    <ele>51.8</ele>
    <time>2020-11-07T09:38:50Z</time>
   </trkpt>
   <trkpt lat="48.7501640" lon="2.3005910">
    <ele>51.8</ele>
    <time>2020-11-07T09:38:51Z</time>
   </trkpt>
   <trkpt lat="48.7501490" lon="2.3005870">
    <ele>51.8</ele>
    <time>2020-11-07T09:38:52Z</time>
   </trkpt>
   <trkpt lat="48.7501300" lon="2.3005500">
    <ele>51.8</ele>
    <time>2020-11-07T09:38:53Z</time>
   </trkpt>
   <trkpt lat="48.7501160" lon="2.3005440">
    <ele>51.8</ele>
    <time>2020-11-07T09:38:54Z</time>
   </trkpt>
   <trkpt lat="48.7501090" lon="2.3005480">
    <ele>51.8</ele>
    <time>2020-11-07T09:38:55Z</time>
   </trkpt>
   <trkpt lat="48.7501010" lon="2.3005510">
    <ele>51.8</ele>
    <time>2020-11-07T09:38:56Z</time>
   </trkpt>
   <trkpt lat="48.7500930" lon="2.3005540">
    <ele>51.8</ele>
    <time>2020-11-07T09:38:57Z</time>
   </trkpt>
   <trkpt lat="48.7500780" lon="2.3005700">
    <ele>51.8</ele>
    <time>2020-11-07T09:38:58Z</time>
   </trkpt>
   <trkpt lat="48.7500570" lon="2.3005950">
    <ele>51.8</ele>
    <time>2020-11-07T09:39:00Z</time>
   </trkpt>
   <trkpt lat="48.7500490" lon="2.3006070">
    <ele>51.8</ele>
    <time>2020-11-07T09:39:01Z</time>
   </trkpt>
   <trkpt lat="48.7500370" lon="2.3006300">
    <ele>51.7</ele>
    <time>2020-11-07T09:39:02Z</time>
   </trkpt>
   <trkpt lat="48.7500490" lon="2.3006920">
    <ele>51.7</ele>
    <time>2020-11-07T09:39:03Z</time>
   </trkpt>
   <trkpt lat="48.7500620" lon="2.3007230">
    <ele>51.7</ele>
    <time>2020-11-07T09:39:04Z</time>
   </trkpt>
   <trkpt lat="48.7501090" lon="2.3008140">
    <ele>51.7</ele>
    <time>2020-11-07T09:39:06Z</time>
   </trkpt>
   <trkpt lat="48.7501330" lon="2.3008660">
    <ele>51.7</ele>
    <time>2020-11-07T09:39:07Z</time>
   </trkpt>
   <trkpt lat="48.7501670" lon="2.3009290">
    <ele>51.6</ele>
    <time>2020-11-07T09:39:08Z</time>
   </trkpt>
   <trkpt lat="48.7502030" lon="2.3009860">
    <ele>51.5</ele>
    <time>2020-11-07T09:39:10Z</time>
   </trkpt>
   <trkpt lat="48.7502350" lon="2.3010390">
    <ele>51.4</ele>
    <time>2020-11-07T09:39:11Z</time>
   </trkpt>
   <trkpt lat="48.7502660" lon="2.3011010">
    <ele>51.3</ele>
    <time>2020-11-07T09:39:12Z</time>
   </trkpt>
   <trkpt lat="48.7502940" lon="2.3011640">
    <ele>51.3</ele>
    <time>2020-11-07T09:39:13Z</time>
   </trkpt>
   <trkpt lat="48.7503200" lon="2.3012250">
    <ele>51.2</ele>
    <time>2020-11-07T09:39:14Z</time>
   </trkpt>
   <trkpt lat="48.7503500" lon="2.3012970">
    <ele>51.1</ele>
    <time>2020-11-07T09:39:15Z</time>
   </trkpt>
   <trkpt lat="48.7503890" lon="2.3013700">
    <ele>51.1</ele>
    <time>2020-11-07T09:39:16Z</time>
   </trkpt>
   <trkpt lat="48.7504160" lon="2.3014300">
    <ele>51.1</ele>
    <time>2020-11-07T09:39:18Z</time>
   </trkpt>
   <trkpt lat="48.7504480" lon="2.3014850">
    <ele>51.3</ele>
    <time>2020-11-07T09:39:19Z</time>
   </trkpt>
   <trkpt lat="48.7504790" lon="2.3015400">
    <ele>51.5</ele>
    <time>2020-11-07T09:39:20Z</time>
   </trkpt>
   <trkpt lat="48.7505080" lon="2.3015970">
    <ele>51.5</ele>
    <time>2020-11-07T09:39:21Z</time>
   </trkpt>
   <trkpt lat="48.7505380" lon="2.3016550">
    <ele>51.5</ele>
    <time>2020-11-07T09:39:22Z</time>
   </trkpt>
   <trkpt lat="48.7505540" lon="2.3017040">
    <ele>51.5</ele>
    <time>2020-11-07T09:39:23Z</time>
   </trkpt>
   <trkpt lat="48.7505680" lon="2.3017520">
    <ele>51.5</ele>
    <time>2020-11-07T09:39:24Z</time>
   </trkpt>
   <trkpt lat="48.7505810" lon="2.3017950">
    <ele>51.5</ele>
    <time>2020-11-07T09:39:25Z</time>
   </trkpt>
   <trkpt lat="48.7505990" lon="2.3018410">
    <ele>51.4</ele>
    <time>2020-11-07T09:39:26Z</time>
   </trkpt>
   <trkpt lat="48.7506210" lon="2.3018950">
    <ele>51.4</ele>
    <time>2020-11-07T09:39:28Z</time>
   </trkpt>
   <trkpt lat="48.7506410" lon="2.3019370">
    <ele>51.4</ele>
    <time>2020-11-07T09:39:29Z</time>
   </trkpt>
   <trkpt lat="48.7506600" lon="2.3019800">
    <ele>51.4</ele>
    <time>2020-11-07T09:39:30Z</time>
   </trkpt>
   <trkpt lat="48.7506810" lon="2.3020360">
    <ele>51.4</ele>
    <time>2020-11-07T09:39:31Z</time>
   </trkpt>
   <trkpt lat="48.7507080" lon="2.3021030">
    <ele>51.4</ele>
    <time>2020-11-07T09:39:33Z</time>
   </trkpt>
   <trkpt lat="48.7507200" lon="2.3021440">
    <ele>51.4</ele>
    <time>2020-11-07T09:39:34Z</time>
   </trkpt>
   <trkpt lat="48.7507090" lon="2.3022070">
    <ele>51.4</ele>
    <time>2020-11-07T09:39:35Z</time>
   </trkpt>
   <trkpt lat="48.7507000" lon="2.3022300">
    <ele>51.4</ele>
    <time>2020-11-07T09:39:36Z</time>
   </trkpt>
   <trkpt lat="48.7506770" lon="2.3022770">
    <ele>51.3</ele>
    <time>2020-11-07T09:39:37Z</time>
   </trkpt>
   <trkpt lat="48.7506370" lon="2.3023280">
    <ele>51.3</ele>
    <time>2020-11-07T09:39:39Z</time>
   </trkpt>
   <trkpt lat="48.7506230" lon="2.3023420">
    <ele>51.3</ele>
    <time>2020-11-07T09:39:40Z</time>
   </trkpt>
   <trkpt lat="48.7506080" lon="2.3023570">
    <ele>51.3</ele>
    <time>2020-11-07T09:39:41Z</time>
   </trkpt>
   <trkpt lat="48.7505830" lon="2.3023970">
    <ele>51.3</ele>
    <time>2020-11-07T09:39:42Z</time>
   </trkpt>
   <trkpt lat="48.7505740" lon="2.3024100">
    <ele>51.3</ele>
    <time>2020-11-07T09:39:43Z</time>
   </trkpt>
   <trkpt lat="48.7505430" lon="2.3024420">
    <ele>51.3</ele>
    <time>2020-11-07T09:39:44Z</time>
   </trkpt>
   <trkpt lat="48.7505320" lon="2.3024500">
    <ele>51.3</ele>
    <time>2020-11-07T09:39:45Z</time>
   </trkpt>
   <trkpt lat="48.7505070" lon="2.3024710">
    <ele>51.3</ele>
    <time>2020-11-07T09:39:46Z</time>
   </trkpt>
   <trkpt lat="48.7504660" lon="2.3025090">
    <ele>51.3</ele>
    <time>2020-11-07T09:39:48Z</time>
   </trkpt>
   <trkpt lat="48.7504540" lon="2.3025210">
    <ele>51.3</ele>
    <time>2020-11-07T09:39:49Z</time>
   </trkpt>
   <trkpt lat="48.7504420" lon="2.3025330">
    <ele>51.3</ele>
    <time>2020-11-07T09:39:50Z</time>
   </trkpt>
   <trkpt lat="48.7504250" lon="2.3025700">
    <ele>51.3</ele>
    <time>2020-11-07T09:39:51Z</time>
   </trkpt>
   <trkpt lat="48.7504120" lon="2.3026230">
    <ele>51.3</ele>
    <time>2020-11-07T09:39:52Z</time>
   </trkpt>
   <trkpt lat="48.7503980" lon="2.3026760">
    <ele>51.3</ele>
    <time>2020-11-07T09:39:53Z</time>
   </trkpt>
   <trkpt lat="48.7503830" lon="2.3027220">
    <ele>51.3</ele>
    <time>2020-11-07T09:39:54Z</time>
   </trkpt>
   <trkpt lat="48.7503660" lon="2.3027590">
    <ele>51.3</ele>
    <time>2020-11-07T09:39:55Z</time>
   </trkpt>
   <trkpt lat="48.7503490" lon="2.3027920">
    <ele>51.3</ele>
    <time>2020-11-07T09:39:56Z</time>
   </trkpt>
   <trkpt lat="48.7503200" lon="2.3028250">
    <ele>51.4</ele>
    <time>2020-11-07T09:39:57Z</time>
   </trkpt>
   <trkpt lat="48.7503090" lon="2.3028330">
    <ele>51.4</ele>
    <time>2020-11-07T09:39:58Z</time>
   </trkpt>
   <trkpt lat="48.7502820" lon="2.3028540">
    <ele>51.4</ele>
    <time>2020-11-07T09:39:59Z</time>
   </trkpt>
   <trkpt lat="48.7502560" lon="2.3028770">
    <ele>51.4</ele>
    <time>2020-11-07T09:40:00Z</time>
   </trkpt>
   <trkpt lat="48.7502340" lon="2.3028940">
    <ele>51.4</ele>
    <time>2020-11-07T09:40:01Z</time>
   </trkpt>
   <trkpt lat="48.7502140" lon="2.3029140">
    <ele>51.4</ele>
    <time>2020-11-07T09:40:03Z</time>
   </trkpt>
   <trkpt lat="48.7501860" lon="2.3029410">
    <ele>51.3</ele>
    <time>2020-11-07T09:40:04Z</time>
   </trkpt>
   <trkpt lat="48.7501560" lon="2.3029740">
    <ele>51.3</ele>
    <time>2020-11-07T09:40:05Z</time>
   </trkpt>
   <trkpt lat="48.7501450" lon="2.3029840">
    <ele>51.3</ele>
    <time>2020-11-07T09:40:06Z</time>
   </trkpt>
   <trkpt lat="48.7501060" lon="2.3030310">
    <ele>51.3</ele>
    <time>2020-11-07T09:40:08Z</time>
   </trkpt>
   <trkpt lat="48.7500950" lon="2.3030440">
    <ele>51.3</ele>
    <time>2020-11-07T09:40:09Z</time>
   </trkpt>
   <trkpt lat="48.7500830" lon="2.3030580">
    <ele>51.3</ele>
    <time>2020-11-07T09:40:10Z</time>
   </trkpt>
   <trkpt lat="48.7500590" lon="2.3030860">
    <ele>51.3</ele>
    <time>2020-11-07T09:40:11Z</time>
   </trkpt>
   <trkpt lat="48.7500520" lon="2.3030950">
    <ele>51.3</ele>
    <time>2020-11-07T09:40:12Z</time>
   </trkpt>
   <trkpt lat="48.7500360" lon="2.3031290">
    <ele>51.3</ele>
    <time>2020-11-07T09:40:13Z</time>
   </trkpt>
   <trkpt lat="48.7500210" lon="2.3031650">
    <ele>51.3</ele>
    <time>2020-11-07T09:40:14Z</time>
   </trkpt>
   <trkpt lat="48.7500060" lon="2.3032120">
    <ele>51.3</ele>
    <time>2020-11-07T09:40:15Z</time>
   </trkpt>
   <trkpt lat="48.7499910" lon="2.3032770">
    <ele>51.4</ele>
    <time>2020-11-07T09:40:17Z</time>
   </trkpt>
   <trkpt lat="48.7499800" lon="2.3033220">
    <ele>51.4</ele>
    <time>2020-11-07T09:40:18Z</time>
   </trkpt>
   <trkpt lat="48.7499700" lon="2.3033620">
    <ele>51.4</ele>
    <time>2020-11-07T09:40:19Z</time>
   </trkpt>
   <trkpt lat="48.7499500" lon="2.3034130">
    <ele>51.4</ele>
    <time>2020-11-07T09:40:20Z</time>
   </trkpt>
   <trkpt lat="48.7499430" lon="2.3034280">
    <ele>51.5</ele>
    <time>2020-11-07T09:40:21Z</time>
   </trkpt>
   <trkpt lat="48.7499270" lon="2.3034620">
    <ele>51.5</ele>
    <time>2020-11-07T09:40:22Z</time>
   </trkpt>
   <trkpt lat="48.7499110" lon="2.3034970">
    <ele>51.5</ele>
    <time>2020-11-07T09:40:23Z</time>
   </trkpt>
   <trkpt lat="48.7498970" lon="2.3035340">
    <ele>51.5</ele>
    <time>2020-11-07T09:40:24Z</time>
   </trkpt>
   <trkpt lat="48.7498790" lon="2.3035990">
    <ele>51.6</ele>
    <time>2020-11-07T09:40:26Z</time>
   </trkpt>
   <trkpt lat="48.7498610" lon="2.3036440">
    <ele>51.6</ele>
    <time>2020-11-07T09:40:27Z</time>
   </trkpt>
   <trkpt lat="48.7498470" lon="2.3036820">
    <ele>51.7</ele>
    <time>2020-11-07T09:40:28Z</time>
   </trkpt>
   <trkpt lat="48.7498180" lon="2.3037260">
    <ele>51.8</ele>
    <time>2020-11-07T09:40:29Z</time>
   </trkpt>
   <trkpt lat="48.7498050" lon="2.3037430">
    <ele>51.8</ele>
    <time>2020-11-07T09:40:30Z</time>
   </trkpt>
   <trkpt lat="48.7497880" lon="2.3037780">
    <ele>51.8</ele>
    <time>2020-11-07T09:40:31Z</time>
   </trkpt>
   <trkpt lat="48.7497700" lon="2.3038350">
    <ele>51.9</ele>
    <time>2020-11-07T09:40:32Z</time>
   </trkpt>
   <trkpt lat="48.7497650" lon="2.3038550">
    <ele>51.9</ele>
    <time>2020-11-07T09:40:33Z</time>
   </trkpt>
   <trkpt lat="48.7497570" lon="2.3039150">
    <ele>52.0</ele>
    <time>2020-11-07T09:40:35Z</time>
   </trkpt>
   <trkpt lat="48.7497450" lon="2.3039660">
    <ele>52.1</ele>
    <time>2020-11-07T09:40:36Z</time>
   </trkpt>
   <trkpt lat="48.7497380" lon="2.3039820">
    <ele>52.1</ele>
    <time>2020-11-07T09:40:37Z</time>
   </trkpt>
   <trkpt lat="48.7497210" lon="2.3040060">
    <ele>52.2</ele>
    <time>2020-11-07T09:40:38Z</time>
   </trkpt>
   <trkpt lat="48.7497150" lon="2.3040160">
    <ele>52.2</ele>
    <time>2020-11-07T09:40:39Z</time>
   </trkpt>
   <trkpt lat="48.7497070" lon="2.3040280">
    <ele>52.2</ele>
    <time>2020-11-07T09:40:40Z</time>
   </trkpt>
   <trkpt lat="48.7496910" lon="2.3040380">
    <ele>52.5</ele>
    <time>2020-11-07T09:40:41Z</time>
   </trkpt>
   <trkpt lat="48.7496580" lon="2.3040500">
    <ele>52.5</ele>
    <time>2020-11-07T09:40:42Z</time>
   </trkpt>
   <trkpt lat="48.7496460" lon="2.3040550">
    <ele>52.5</ele>
    <time>2020-11-07T09:40:43Z</time>
   </trkpt>
   <trkpt lat="48.7496120" lon="2.3040740">
    <ele>52.5</ele>
    <time>2020-11-07T09:40:45Z</time>
   </trkpt>
   <trkpt lat="48.7495740" lon="2.3040790">
    <ele>52.5</ele>
    <time>2020-11-07T09:40:46Z</time>
   </trkpt>
   <trkpt lat="48.7495600" lon="2.3040790">
    <ele>52.5</ele>
    <time>2020-11-07T09:40:47Z</time>
   </trkpt>
   <trkpt lat="48.7495310" lon="2.3040720">
    <ele>52.5</ele>
    <time>2020-11-07T09:40:48Z</time>
   </trkpt>
   <trkpt lat="48.7495220" lon="2.3040710">
    <ele>52.5</ele>
    <time>2020-11-07T09:40:49Z</time>
   </trkpt>
   <trkpt lat="48.7494860" lon="2.3040730">
    <ele>52.5</ele>
    <time>2020-11-07T09:40:50Z</time>
   </trkpt>
   <trkpt lat="48.7494740" lon="2.3040750">
    <ele>52.5</ele>
    <time>2020-11-07T09:40:51Z</time>
   </trkpt>
   <trkpt lat="48.7494520" lon="2.3040810">
    <ele>52.5</ele>
    <time>2020-11-07T09:40:52Z</time>
   </trkpt>
   <trkpt lat="48.7494190" lon="2.3040830">
    <ele>52.5</ele>
    <time>2020-11-07T09:40:54Z</time>
   </trkpt>
   <trkpt lat="48.7493840" lon="2.3040740">
    <ele>52.5</ele>
    <time>2020-11-07T09:40:55Z</time>
   </trkpt>
   <trkpt lat="48.7493740" lon="2.3040710">
    <ele>52.5</ele>
    <time>2020-11-07T09:40:56Z</time>
   </trkpt>
   <trkpt lat="48.7493520" lon="2.3040760">
    <ele>52.5</ele>
    <time>2020-11-07T09:40:57Z</time>
   </trkpt>
   <trkpt lat="48.7493190" lon="2.3040700">
    <ele>52.5</ele>
    <time>2020-11-07T09:40:59Z</time>
   </trkpt>
   <trkpt lat="48.7492830" lon="2.3040710">
    <ele>52.5</ele>
    <time>2020-11-07T09:41:00Z</time>
   </trkpt>
   <trkpt lat="48.7492710" lon="2.3040750">
    <ele>52.5</ele>
    <time>2020-11-07T09:41:01Z</time>
   </trkpt>
   <trkpt lat="48.7492310" lon="2.3040780">
    <ele>52.6</ele>
    <time>2020-11-07T09:41:02Z</time>
   </trkpt>
   <trkpt lat="48.7492150" lon="2.3040790">
    <ele>52.6</ele>
    <time>2020-11-07T09:41:03Z</time>
   </trkpt>
   <trkpt lat="48.7491860" lon="2.3040810">
    <ele>52.6</ele>
    <time>2020-11-07T09:41:04Z</time>
   </trkpt>
   <trkpt lat="48.7491500" lon="2.3040840">
    <ele>52.7</ele>
    <time>2020-11-07T09:41:06Z</time>
   </trkpt>
   <trkpt lat="48.7491410" lon="2.3041000">
    <ele>52.7</ele>
    <time>2020-11-07T09:41:07Z</time>
   </trkpt>
   <trkpt lat="48.7491270" lon="2.3041190">
    <ele>52.7</ele>
    <time>2020-11-07T09:41:08Z</time>
   </trkpt>
   <trkpt lat="48.7490940" lon="2.3041200">
    <ele>52.7</ele>
    <time>2020-11-07T09:41:09Z</time>
   </trkpt>
   <trkpt lat="48.7490820" lon="2.3041110">
    <ele>52.7</ele>
    <time>2020-11-07T09:41:10Z</time>
   </trkpt>
   <trkpt lat="48.7490670" lon="2.3040840">
    <ele>52.8</ele>
    <time>2020-11-07T09:41:11Z</time>
   </trkpt>
   <trkpt lat="48.7490300" lon="2.3039790">
    <ele>52.9</ele>
    <time>2020-11-07T09:41:13Z</time>
   </trkpt>
   <trkpt lat="48.7490280" lon="2.3039320">
    <ele>52.9</ele>
    <time>2020-11-07T09:41:14Z</time>
   </trkpt>
   <trkpt lat="48.7490220" lon="2.3038850">
    <ele>52.9</ele>
    <time>2020-11-07T09:41:15Z</time>
   </trkpt>
   <trkpt lat="48.7490140" lon="2.3038420">
    <ele>53.0</ele>
    <time>2020-11-07T09:41:16Z</time>
   </trkpt>
   <trkpt lat="48.7490040" lon="2.3037980">
    <ele>52.9</ele>
    <time>2020-11-07T09:41:17Z</time>
   </trkpt>
   <trkpt lat="48.7489910" lon="2.3037430">
    <ele>52.8</ele>
    <time>2020-11-07T09:41:18Z</time>
   </trkpt>
   <trkpt lat="48.7489860" lon="2.3037220">
    <ele>52.8</ele>
    <time>2020-11-07T09:41:19Z</time>
   </trkpt>
   <trkpt lat="48.7489720" lon="2.3036820">
    <ele>52.7</ele>
    <time>2020-11-07T09:41:20Z</time>
   </trkpt>
   <trkpt lat="48.7489560" lon="2.3036230">
    <ele>52.7</ele>
    <time>2020-11-07T09:41:21Z</time>
   </trkpt>
   <trkpt lat="48.7489490" lon="2.3035960">
    <ele>52.6</ele>
    <time>2020-11-07T09:41:22Z</time>
   </trkpt>
   <trkpt lat="48.7489410" lon="2.3035460">
    <ele>52.6</ele>
    <time>2020-11-07T09:41:23Z</time>
   </trkpt>
   <trkpt lat="48.7489330" lon="2.3034910">
    <ele>52.5</ele>
    <time>2020-11-07T09:41:25Z</time>
   </trkpt>
   <trkpt lat="48.7489280" lon="2.3034510">
    <ele>52.5</ele>
    <time>2020-11-07T09:41:26Z</time>
   </trkpt>
   <trkpt lat="48.7489180" lon="2.3033960">
    <ele>52.4</ele>
    <time>2020-11-07T09:41:27Z</time>
   </trkpt>
   <trkpt lat="48.7489130" lon="2.3033810">
    <ele>52.4</ele>
    <time>2020-11-07T09:41:28Z</time>
   </trkpt>
   <trkpt lat="48.7489080" lon="2.3033310">
    <ele>52.4</ele>
    <time>2020-11-07T09:41:29Z</time>
   </trkpt>
   <trkpt lat="48.7489060" lon="2.3033130">
    <ele>52.4</ele>
    <time>2020-11-07T09:41:30Z</time>
   </trkpt>
   <trkpt lat="48.7489040" lon="2.3032530">
    <ele>52.3</ele>
    <time>2020-11-07T09:41:31Z</time>
   </trkpt>
   <trkpt lat="48.7489040" lon="2.3032320">
    <ele>52.3</ele>
    <time>2020-11-07T09:41:32Z</time>
   </trkpt>
   <trkpt lat="48.7489020" lon="2.3031880">
    <ele>52.3</ele>
    <time>2020-11-07T09:41:33Z</time>
   </trkpt>
   <trkpt lat="48.7489030" lon="2.3031250">
    <ele>52.2</ele>
    <time>2020-11-07T09:41:34Z</time>
   </trkpt>
   <trkpt lat="48.7489040" lon="2.3031020">
    <ele>52.2</ele>
    <time>2020-11-07T09:41:35Z</time>
   </trkpt>
   <trkpt lat="48.7489070" lon="2.3030580">
    <ele>52.2</ele>
    <time>2020-11-07T09:41:36Z</time>
   </trkpt>
   <trkpt lat="48.7489120" lon="2.3029880">
    <ele>52.2</ele>
    <time>2020-11-07T09:41:38Z</time>
   </trkpt>
   <trkpt lat="48.7489160" lon="2.3029460">
    <ele>52.2</ele>
    <time>2020-11-07T09:41:39Z</time>
   </trkpt>
   <trkpt lat="48.7489220" lon="2.3028990">
    <ele>52.1</ele>
    <time>2020-11-07T09:41:40Z</time>
   </trkpt>
   <trkpt lat="48.7489240" lon="2.3028830">
    <ele>52.1</ele>
    <time>2020-11-07T09:41:41Z</time>
   </trkpt>
   <trkpt lat="48.7489290" lon="2.3028300">
    <ele>52.1</ele>
    <time>2020-11-07T09:41:42Z</time>
   </trkpt>
   <trkpt lat="48.7489360" lon="2.3027670">
    <ele>52.1</ele>
    <time>2020-11-07T09:41:44Z</time>
   </trkpt>
   <trkpt lat="48.7489390" lon="2.3027130">
    <ele>52.1</ele>
    <time>2020-11-07T09:41:45Z</time>
   </trkpt>
   <trkpt lat="48.7489380" lon="2.3026960">
    <ele>52.1</ele>
    <time>2020-11-07T09:41:46Z</time>
   </trkpt>
   <trkpt lat="48.7489400" lon="2.3026400">
    <ele>52.1</ele>
    <time>2020-11-07T09:41:47Z</time>
   </trkpt>
   <trkpt lat="48.7489410" lon="2.3026200">
    <ele>52.1</ele>
    <time>2020-11-07T09:41:48Z</time>
   </trkpt>
   <trkpt lat="48.7489410" lon="2.3025690">
    <ele>52.0</ele>
    <time>2020-11-07T09:41:49Z</time>
   </trkpt>
   <trkpt lat="48.7489420" lon="2.3025560">
    <ele>52.0</ele>
    <time>2020-11-07T09:41:50Z</time>
   </trkpt>
   <trkpt lat="48.7489480" lon="2.3025110">
    <ele>52.0</ele>
    <time>2020-11-07T09:41:51Z</time>
   </trkpt>
   <trkpt lat="48.7489500" lon="2.3024940">
    <ele>52.0</ele>
    <time>2020-11-07T09:41:52Z</time>
   </trkpt>
   <trkpt lat="48.7489430" lon="2.3024460">
    <ele>52.0</ele>
    <time>2020-11-07T09:41:53Z</time>
   </trkpt>
   <trkpt lat="48.7489400" lon="2.3024240">
    <ele>52.0</ele>
    <time>2020-11-07T09:41:55Z</time>
   </trkpt>
   <trkpt lat="48.7489360" lon="2.3024020">
    <ele>52.0</ele>
    <time>2020-11-07T09:41:56Z</time>
   </trkpt>
   <trkpt lat="48.7489320" lon="2.3023800">
    <ele>52.0</ele>
    <time>2020-11-07T09:41:57Z</time>
   </trkpt>
   <trkpt lat="48.7489340" lon="2.3023230">
    <ele>52.0</ele>
    <time>2020-11-07T09:41:58Z</time>
   </trkpt>
   <trkpt lat="48.7489350" lon="2.3023030">
    <ele>52.0</ele>
    <time>2020-11-07T09:41:59Z</time>
   </trkpt>
   <trkpt lat="48.7489340" lon="2.3022580">
    <ele>51.9</ele>
    <time>2020-11-07T09:42:00Z</time>
   </trkpt>
   <trkpt lat="48.7489280" lon="2.3022070">
    <ele>51.9</ele>
    <time>2020-11-07T09:42:01Z</time>
   </trkpt>
   <trkpt lat="48.7489240" lon="2.3021960">
    <ele>51.9</ele>
    <time>2020-11-07T09:42:02Z</time>
   </trkpt>
   <trkpt lat="48.7489180" lon="2.3021750">
    <ele>51.9</ele>
    <time>2020-11-07T09:42:03Z</time>
   </trkpt>
   <trkpt lat="48.7489050" lon="2.3021470">
    <ele>51.9</ele>
    <time>2020-11-07T09:42:05Z</time>
   </trkpt>
   <trkpt lat="48.7488850" lon="2.3021170">
    <ele>51.9</ele>
    <time>2020-11-07T09:42:06Z</time>
   </trkpt>
   <trkpt lat="48.7488800" lon="2.3021080">
    <ele>51.9</ele>
    <time>2020-11-07T09:42:07Z</time>
   </trkpt>
   <trkpt lat="48.7488690" lon="2.3020900">
    <ele>51.9</ele>
    <time>2020-11-07T09:42:08Z</time>
   </trkpt>
   <trkpt lat="48.7488600" lon="2.3020720">
    <ele>51.9</ele>
    <time>2020-11-07T09:42:09Z</time>
   </trkpt>
   <trkpt lat="48.7488550" lon="2.3020080">
    <ele>51.8</ele>
    <time>2020-11-07T09:42:10Z</time>
   </trkpt>
   <trkpt lat="48.7488540" lon="2.3019790">
    <ele>51.8</ele>
    <time>2020-11-07T09:42:11Z</time>
   </trkpt>
   <trkpt lat="48.7488520" lon="2.3019260">
    <ele>51.8</ele>
    <time>2020-11-07T09:42:13Z</time>
   </trkpt>
   <trkpt lat="48.7488400" lon="2.3018770">
    <ele>51.8</ele>
    <time>2020-11-07T09:42:14Z</time>
   </trkpt>
   <trkpt lat="48.7488290" lon="2.3018080">
    <ele>51.8</ele>
    <time>2020-11-07T09:42:15Z</time>
   </trkpt>
   <trkpt lat="48.7488150" lon="2.3017270">
    <ele>51.8</ele>
    <time>2020-11-07T09:42:16Z</time>
   </trkpt>
   <trkpt lat="48.7488000" lon="2.3016290">
    <ele>51.8</ele>
    <time>2020-11-07T09:42:17Z</time>
   </trkpt>
   <trkpt lat="48.7487850" lon="2.3015780">
    <ele>51.8</ele>
    <time>2020-11-07T09:42:18Z</time>
   </trkpt>
   <trkpt lat="48.7487680" lon="2.3015430">
    <ele>51.8</ele>
    <time>2020-11-07T09:42:19Z</time>
   </trkpt>
   <trkpt lat="48.7487450" lon="2.3015050">
    <ele>51.8</ele>
    <time>2020-11-07T09:42:20Z</time>
   </trkpt>
   <trkpt lat="48.7487370" lon="2.3014950">
    <ele>51.8</ele>
    <time>2020-11-07T09:42:21Z</time>
   </trkpt>
   <trkpt lat="48.7487030" lon="2.3014470">
    <ele>51.8</ele>
    <time>2020-11-07T09:42:23Z</time>
   </trkpt>
   <trkpt lat="48.7486910" lon="2.3014310">
    <ele>51.8</ele>
    <time>2020-11-07T09:42:24Z</time>
   </trkpt>
   <trkpt lat="48.7486800" lon="2.3014140">
    <ele>51.8</ele>
    <time>2020-11-07T09:42:25Z</time>
   </trkpt>
   <trkpt lat="48.7486690" lon="2.3013870">
    <ele>51.8</ele>
    <time>2020-11-07T09:42:26Z</time>
   </trkpt>
   <trkpt lat="48.7486510" lon="2.3013470">
    <ele>51.8</ele>
    <time>2020-11-07T09:42:28Z</time>
   </trkpt>
   <trkpt lat="48.7486310" lon="2.3013010">
    <ele>51.8</ele>
    <time>2020-11-07T09:42:29Z</time>
   </trkpt>
   <trkpt lat="48.7486240" lon="2.3012870">
    <ele>51.8</ele>
    <time>2020-11-07T09:42:30Z</time>
   </trkpt>
   <trkpt lat="48.7486080" lon="2.3012410">
    <ele>51.7</ele>
    <time>2020-11-07T09:42:31Z</time>
   </trkpt>
   <trkpt lat="48.7486030" lon="2.3012270">
    <ele>51.7</ele>
    <time>2020-11-07T09:42:32Z</time>
   </trkpt>
   <trkpt lat="48.7485860" lon="2.3011680">
    <ele>51.7</ele>
    <time>2020-11-07T09:42:33Z</time>
   </trkpt>
   <trkpt lat="48.7485610" lon="2.3010970">
    <ele>51.7</ele>
    <time>2020-11-07T09:42:35Z</time>
   </trkpt>
   <trkpt lat="48.7485430" lon="2.3010570">
    <ele>51.7</ele>
    <time>2020-11-07T09:42:36Z</time>
   </trkpt>
   <trkpt lat="48.7485250" lon="2.3010140">
    <ele>51.7</ele>
    <time>2020-11-07T09:42:37Z</time>
   </trkpt>
   <trkpt lat="48.7485040" lon="2.3009770">
    <ele>51.7</ele>
    <time>2020-11-07T09:42:38Z</time>
   </trkpt>
   <trkpt lat="48.7484750" lon="2.3009290">
    <ele>51.7</ele>
    <time>2020-11-07T09:42:39Z</time>
   </trkpt>
   <trkpt lat="48.7484640" lon="2.3009070">
    <ele>51.7</ele>
    <time>2020-11-07T09:42:40Z</time>
   </trkpt>
   <trkpt lat="48.7484440" lon="2.3008560">
    <ele>51.7</ele>
    <time>2020-11-07T09:42:41Z</time>
   </trkpt>
   <trkpt lat="48.7484370" lon="2.3008380">
    <ele>51.7</ele>
    <time>2020-11-07T09:42:42Z</time>
   </trkpt>
   <trkpt lat="48.7484210" lon="2.3008130">
    <ele>51.7</ele>
    <time>2020-11-07T09:42:43Z</time>
   </trkpt>
   <trkpt lat="48.7484050" lon="2.3007830">
    <ele>51.7</ele>
    <time>2020-11-07T09:42:45Z</time>
   </trkpt>
   <trkpt lat="48.7483780" lon="2.3007400">
    <ele>51.7</ele>
    <time>2020-11-07T09:42:46Z</time>
   </trkpt>
   <trkpt lat="48.7483680" lon="2.3007260">
    <ele>51.7</ele>
    <time>2020-11-07T09:42:47Z</time>
   </trkpt>
   <trkpt lat="48.7483470" lon="2.3006980">
    <ele>51.7</ele>
    <time>2020-11-07T09:42:48Z</time>
   </trkpt>
   <trkpt lat="48.7483250" lon="2.3006610">
    <ele>51.7</ele>
    <time>2020-11-07T09:42:49Z</time>
   </trkpt>
   <trkpt lat="48.7483010" lon="2.3005990">
    <ele>51.6</ele>
    <time>2020-11-07T09:42:51Z</time>
   </trkpt>
   <trkpt lat="48.7482830" lon="2.3005510">
    <ele>51.6</ele>
    <time>2020-11-07T09:42:52Z</time>
   </trkpt>
   <trkpt lat="48.7482650" lon="2.3005090">
    <ele>51.6</ele>
    <time>2020-11-07T09:42:53Z</time>
   </trkpt>
   <trkpt lat="48.7482480" lon="2.3004760">
    <ele>51.6</ele>
    <time>2020-11-07T09:42:54Z</time>
   </trkpt>
   <trkpt lat="48.7482240" lon="2.3004380">
    <ele>51.6</ele>
    <time>2020-11-07T09:42:55Z</time>
   </trkpt>
   <trkpt lat="48.7482150" lon="2.3004250">
    <ele>51.6</ele>
    <time>2020-11-07T09:42:56Z</time>
   </trkpt>
   <trkpt lat="48.7481780" lon="2.3003730">
    <ele>51.6</ele>
    <time>2020-11-07T09:42:58Z</time>
   </trkpt>
   <trkpt lat="48.7481660" lon="2.3003550">
    <ele>51.6</ele>
    <time>2020-11-07T09:42:59Z</time>
   </trkpt>
   <trkpt lat="48.7481540" lon="2.3003360">
    <ele>51.6</ele>
    <time>2020-11-07T09:43:00Z</time>
   </trkpt>
   <trkpt lat="48.7481330" lon="2.3002930">
    <ele>51.6</ele>
    <time>2020-11-07T09:43:01Z</time>
   </trkpt>
   <trkpt lat="48.7481260" lon="2.3002810">
    <ele>51.6</ele>
    <time>2020-11-07T09:43:02Z</time>
   </trkpt>
   <trkpt lat="48.7481050" lon="2.3002480">
    <ele>51.6</ele>
    <time>2020-11-07T09:43:03Z</time>
   </trkpt>
   <trkpt lat="48.7480980" lon="2.3002360">
    <ele>51.6</ele>
    <time>2020-11-07T09:43:04Z</time>
   </trkpt>
   <trkpt lat="48.7480880" lon="2.3001960">
    <ele>51.6</ele>
    <time>2020-11-07T09:43:05Z</time>
   </trkpt>
   <trkpt lat="48.7480740" lon="2.3001400">
    <ele>51.6</ele>
    <time>2020-11-07T09:43:06Z</time>
   </trkpt>
   <trkpt lat="48.7480680" lon="2.3001210">
    <ele>51.6</ele>
    <time>2020-11-07T09:43:07Z</time>
   </trkpt>
   <trkpt lat="48.7480610" lon="2.3000750">
    <ele>51.7</ele>
    <time>2020-11-07T09:43:08Z</time>
   </trkpt>
   <trkpt lat="48.7480560" lon="2.3000270">
    <ele>51.7</ele>
    <time>2020-11-07T09:43:09Z</time>
   </trkpt>
   <trkpt lat="48.7480460" lon="2.2999880">
    <ele>51.7</ele>
    <time>2020-11-07T09:43:10Z</time>
   </trkpt>
   <trkpt lat="48.7480330" lon="2.2999530">
    <ele>51.7</ele>
    <time>2020-11-07T09:43:12Z</time>
   </trkpt>
   <trkpt lat="48.7480150" lon="2.2999350">
    <ele>51.7</ele>
    <time>2020-11-07T09:43:13Z</time>
   </trkpt>
   <trkpt lat="48.7479890" lon="2.2999210">
    <ele>51.7</ele>
    <time>2020-11-07T09:43:15Z</time>
   </trkpt>
   <trkpt lat="48.7479650" lon="2.2998880">
    <ele>51.7</ele>
    <time>2020-11-07T09:43:16Z</time>
   </trkpt>
   <trkpt lat="48.7479590" lon="2.2998710">
    <ele>51.7</ele>
    <time>2020-11-07T09:43:17Z</time>
   </trkpt>
   <trkpt lat="48.7479430" lon="2.2998200">
    <ele>51.7</ele>
    <time>2020-11-07T09:43:18Z</time>
   </trkpt>
   <trkpt lat="48.7479300" lon="2.2997630">
    <ele>51.8</ele>
    <time>2020-11-07T09:43:19Z</time>
   </trkpt>
   <trkpt lat="48.7479160" lon="2.2997040">
    <ele>51.8</ele>
    <time>2020-11-07T09:43:20Z</time>
   </trkpt>
   <trkpt lat="48.7479010" lon="2.2996440">
    <ele>51.8</ele>
    <time>2020-11-07T09:43:21Z</time>
   </trkpt>
   <trkpt lat="48.7478850" lon="2.2995890">
    <ele>51.9</ele>
    <time>2020-11-07T09:43:22Z</time>
   </trkpt>
   <trkpt lat="48.7478660" lon="2.2995400">
    <ele>51.9</ele>
    <time>2020-11-07T09:43:23Z</time>
   </trkpt>
   <trkpt lat="48.7478530" lon="2.2994990">
    <ele>51.9</ele>
    <time>2020-11-07T09:43:24Z</time>
   </trkpt>
   <trkpt lat="48.7478380" lon="2.2994510">
    <ele>51.9</ele>
    <time>2020-11-07T09:43:25Z</time>
   </trkpt>
   <trkpt lat="48.7478200" lon="2.2993960">
    <ele>52.0</ele>
    <time>2020-11-07T09:43:26Z</time>
   </trkpt>
   <trkpt lat="48.7477950" lon="2.2993370">
    <ele>52.0</ele>
    <time>2020-11-07T09:43:28Z</time>
   </trkpt>
   <trkpt lat="48.7477800" lon="2.2992840">
    <ele>52.1</ele>
    <time>2020-11-07T09:43:29Z</time>
   </trkpt>
   <trkpt lat="48.7477630" lon="2.2992250">
    <ele>52.1</ele>
    <time>2020-11-07T09:43:30Z</time>
   </trkpt>
   <trkpt lat="48.7477490" lon="2.2991770">
    <ele>52.1</ele>
    <time>2020-11-07T09:43:31Z</time>
   </trkpt>
   <trkpt lat="48.7477310" lon="2.2991440">
    <ele>52.1</ele>
    <time>2020-11-07T09:43:32Z</time>
   </trkpt>
   <trkpt lat="48.7477080" lon="2.2991020">
    <ele>52.2</ele>
    <time>2020-11-07T09:43:33Z</time>
   </trkpt>
   <trkpt lat="48.7476860" lon="2.2990820">
    <ele>52.2</ele>
    <time>2020-11-07T09:43:34Z</time>
   </trkpt>
   <trkpt lat="48.7476680" lon="2.2990720">
    <ele>52.2</ele>
    <time>2020-11-07T09:43:36Z</time>
   </trkpt>
   <trkpt lat="48.7476470" lon="2.2990370">
    <ele>52.2</ele>
    <time>2020-11-07T09:43:37Z</time>
   </trkpt>
   <trkpt lat="48.7476430" lon="2.2990190">
    <ele>52.2</ele>
    <time>2020-11-07T09:43:38Z</time>
   </trkpt>
   <trkpt lat="48.7476410" lon="2.2989800">
    <ele>52.2</ele>
    <time>2020-11-07T09:43:39Z</time>
   </trkpt>
   <trkpt lat="48.7476520" lon="2.2989680">
    <ele>52.3</ele>
    <time>2020-11-07T09:43:40Z</time>
   </trkpt>
   <trkpt lat="48.7476790" lon="2.2989610">
    <ele>52.3</ele>
    <time>2020-11-07T09:43:41Z</time>
   </trkpt>
   <trkpt lat="48.7477060" lon="2.2989500">
    <ele>52.3</ele>
    <time>2020-11-07T09:43:42Z</time>
   </trkpt>
   <trkpt lat="48.7477270" lon="2.2988980">
    <ele>52.3</ele>
    <time>2020-11-07T09:43:43Z</time>
   </trkpt>
   <trkpt lat="48.7477280" lon="2.2988750">
    <ele>52.3</ele>
    <time>2020-11-07T09:43:44Z</time>
   </trkpt>
   <trkpt lat="48.7477150" lon="2.2988240">
    <ele>52.3</ele>
    <time>2020-11-07T09:43:46Z</time>
   </trkpt>
   <trkpt lat="48.7477080" lon="2.2988110">
    <ele>52.3</ele>
    <time>2020-11-07T09:43:47Z</time>
   </trkpt>
   <trkpt lat="48.7476990" lon="2.2987890">
    <ele>52.4</ele>
    <time>2020-11-07T09:43:48Z</time>
   </trkpt>
   <trkpt lat="48.7476880" lon="2.2987700">
    <ele>52.4</ele>
    <time>2020-11-07T09:43:49Z</time>
   </trkpt>
   <trkpt lat="48.7476780" lon="2.2987310">
    <ele>52.6</ele>
    <time>2020-11-07T09:43:50Z</time>
   </trkpt>
   <trkpt lat="48.7476760" lon="2.2987150">
    <ele>52.6</ele>
    <time>2020-11-07T09:43:51Z</time>
   </trkpt>
   <trkpt lat="48.7476790" lon="2.2986630">
    <ele>52.6</ele>
    <time>2020-11-07T09:43:52Z</time>
   </trkpt>
   <trkpt lat="48.7476810" lon="2.2986450">
    <ele>52.6</ele>
    <time>2020-11-07T09:43:53Z</time>
   </trkpt>
   <trkpt lat="48.7476900" lon="2.2985970">
    <ele>52.6</ele>
    <time>2020-11-07T09:43:54Z</time>
   </trkpt>
   <trkpt lat="48.7476910" lon="2.2985540">
    <ele>52.6</ele>
    <time>2020-11-07T09:43:55Z</time>
   </trkpt>
   <trkpt lat="48.7476910" lon="2.2984940">
    <ele>52.6</ele>
    <time>2020-11-07T09:43:57Z</time>
   </trkpt>
   <trkpt lat="48.7476900" lon="2.2984440">
    <ele>52.6</ele>
    <time>2020-11-07T09:43:58Z</time>
   </trkpt>
   <trkpt lat="48.7476940" lon="2.2983890">
    <ele>52.7</ele>
    <time>2020-11-07T09:43:59Z</time>
   </trkpt>
   <trkpt lat="48.7476970" lon="2.2983360">
    <ele>52.7</ele>
    <time>2020-11-07T09:44:00Z</time>
   </trkpt>
   <trkpt lat="48.7477010" lon="2.2982930">
    <ele>52.7</ele>
    <time>2020-11-07T09:44:01Z</time>
   </trkpt>
   <trkpt lat="48.7477050" lon="2.2982500">
    <ele>52.7</ele>
    <time>2020-11-07T09:44:02Z</time>
   </trkpt>
   <trkpt lat="48.7477100" lon="2.2982030">
    <ele>52.8</ele>
    <time>2020-11-07T09:44:03Z</time>
   </trkpt>
   <trkpt lat="48.7477150" lon="2.2981570">
    <ele>52.8</ele>
    <time>2020-11-07T09:44:04Z</time>
   </trkpt>
   <trkpt lat="48.7477220" lon="2.2981030">
    <ele>52.8</ele>
    <time>2020-11-07T09:44:06Z</time>
   </trkpt>
   <trkpt lat="48.7477240" lon="2.2980850">
    <ele>52.8</ele>
    <time>2020-11-07T09:44:07Z</time>
   </trkpt>
   <trkpt lat="48.7477310" lon="2.2980370">
    <ele>52.8</ele>
    <time>2020-11-07T09:44:08Z</time>
   </trkpt>
   <trkpt lat="48.7477290" lon="2.2980270">
    <ele>52.8</ele>
    <time>2020-11-07T09:44:09Z</time>
   </trkpt>
   <trkpt lat="48.7477210" lon="2.2980070">
    <ele>52.8</ele>
    <time>2020-11-07T09:44:10Z</time>
   </trkpt>
   <trkpt lat="48.7477150" lon="2.2979810">
    <ele>52.9</ele>
    <time>2020-11-07T09:44:11Z</time>
   </trkpt>
   <trkpt lat="48.7477150" lon="2.2979280">
    <ele>52.9</ele>
    <time>2020-11-07T09:44:13Z</time>
   </trkpt>
   <trkpt lat="48.7477200" lon="2.2979150">
    <ele>52.9</ele>
    <time>2020-11-07T09:44:14Z</time>
   </trkpt>
   <trkpt lat="48.7477540" lon="2.2978600">
    <ele>52.9</ele>
    <time>2020-11-07T09:44:16Z</time>
   </trkpt>
   <trkpt lat="48.7477660" lon="2.2978320">
    <ele>52.9</ele>
    <time>2020-11-07T09:44:17Z</time>
   </trkpt>
   <trkpt lat="48.7477850" lon="2.2977640">
    <ele>52.9</ele>
    <time>2020-11-07T09:44:18Z</time>
   </trkpt>
   <trkpt lat="48.7477890" lon="2.2977250">
    <ele>52.9</ele>
    <time>2020-11-07T09:44:19Z</time>
   </trkpt>
   <trkpt lat="48.7477920" lon="2.2976370">
    <ele>53.0</ele>
    <time>2020-11-07T09:44:21Z</time>
   </trkpt>
   <trkpt lat="48.7477980" lon="2.2975520">
    <ele>53.0</ele>
    <time>2020-11-07T09:44:22Z</time>
   </trkpt>
   <trkpt lat="48.7478130" lon="2.2974880">
    <ele>53.0</ele>
    <time>2020-11-07T09:44:23Z</time>
   </trkpt>
   <trkpt lat="48.7478210" lon="2.2974700">
    <ele>53.0</ele>
    <time>2020-11-07T09:44:24Z</time>
   </trkpt>
   <trkpt lat="48.7478170" lon="2.2974310">
    <ele>53.0</ele>
    <time>2020-11-07T09:44:26Z</time>
   </trkpt>
   <trkpt lat="48.7478160" lon="2.2973740">
    <ele>53.0</ele>
    <time>2020-11-07T09:44:27Z</time>
   </trkpt>
   <trkpt lat="48.7478150" lon="2.2973550">
    <ele>53.0</ele>
    <time>2020-11-07T09:44:28Z</time>
   </trkpt>
   <trkpt lat="48.7478210" lon="2.2973070">
    <ele>53.0</ele>
    <time>2020-11-07T09:44:29Z</time>
   </trkpt>
   <trkpt lat="48.7478230" lon="2.2972920">
    <ele>53.0</ele>
    <time>2020-11-07T09:44:30Z</time>
   </trkpt>
   <trkpt lat="48.7478280" lon="2.2972360">
    <ele>53.0</ele>
    <time>2020-11-07T09:44:31Z</time>
   </trkpt>
   <trkpt lat="48.7478290" lon="2.2972150">
    <ele>53.0</ele>
    <time>2020-11-07T09:44:32Z</time>
   </trkpt>
   <trkpt lat="48.7478330" lon="2.2971730">
    <ele>53.0</ele>
    <time>2020-11-07T09:44:33Z</time>
   </trkpt>
   <trkpt lat="48.7478350" lon="2.2971310">
    <ele>53.0</ele>
    <time>2020-11-07T09:44:34Z</time>
   </trkpt>
   <trkpt lat="48.7478370" lon="2.2970870">
    <ele>53.0</ele>
    <time>2020-11-07T09:44:35Z</time>
   </trkpt>
   <trkpt lat="48.7478400" lon="2.2970350">
    <ele>53.0</ele>
    <time>2020-11-07T09:44:37Z</time>
   </trkpt>
   <trkpt lat="48.7478450" lon="2.2969880">
    <ele>53.0</ele>
    <time>2020-11-07T09:44:38Z</time>
   </trkpt>
   <trkpt lat="48.7478510" lon="2.2969470">
    <ele>53.0</ele>
    <time>2020-11-07T09:44:39Z</time>
   </trkpt>
   <trkpt lat="48.7478610" lon="2.2968920">
    <ele>53.0</ele>
    <time>2020-11-07T09:44:40Z</time>
   </trkpt>
   <trkpt lat="48.7478640" lon="2.2968750">
    <ele>53.0</ele>
    <time>2020-11-07T09:44:41Z</time>
   </trkpt>
   <trkpt lat="48.7478700" lon="2.2968280">
    <ele>53.0</ele>
    <time>2020-11-07T09:44:42Z</time>
   </trkpt>
   <trkpt lat="48.7478770" lon="2.2967710">
    <ele>53.0</ele>
    <time>2020-11-07T09:44:43Z</time>
   </trkpt>
   <trkpt lat="48.7478820" lon="2.2967050">
    <ele>53.1</ele>
    <time>2020-11-07T09:44:44Z</time>
   </trkpt>
   <trkpt lat="48.7478840" lon="2.2966460">
    <ele>53.1</ele>
    <time>2020-11-07T09:44:45Z</time>
   </trkpt>
   <trkpt lat="48.7478880" lon="2.2965910">
    <ele>53.1</ele>
    <time>2020-11-07T09:44:46Z</time>
   </trkpt>
   <trkpt lat="48.7478910" lon="2.2965450">
    <ele>53.1</ele>
    <time>2020-11-07T09:44:48Z</time>
   </trkpt>
   <trkpt lat="48.7478980" lon="2.2965050">
    <ele>53.1</ele>
    <time>2020-11-07T09:44:49Z</time>
   </trkpt>
   <trkpt lat="48.7479070" lon="2.2964660">
    <ele>53.1</ele>
    <time>2020-11-07T09:44:50Z</time>
   </trkpt>
   <trkpt lat="48.7479100" lon="2.2964240">
    <ele>53.1</ele>
    <time>2020-11-07T09:44:51Z</time>
   </trkpt>
   <trkpt lat="48.7479160" lon="2.2963670">
    <ele>53.1</ele>
    <time>2020-11-07T09:44:52Z</time>
   </trkpt>
   <trkpt lat="48.7479190" lon="2.2963490">
    <ele>53.1</ele>
    <time>2020-11-07T09:44:53Z</time>
   </trkpt>
   <trkpt lat="48.7479310" lon="2.2963010">
    <ele>53.1</ele>
    <time>2020-11-07T09:44:55Z</time>
   </trkpt>
   <trkpt lat="48.7479330" lon="2.2962870">
    <ele>53.1</ele>
    <time>2020-11-07T09:44:56Z</time>
   </trkpt>
   <trkpt lat="48.7479440" lon="2.2962490">
    <ele>53.1</ele>
    <time>2020-11-07T09:44:57Z</time>
   </trkpt>
   <trkpt lat="48.7479550" lon="2.2961980">
    <ele>53.1</ele>
    <time>2020-11-07T09:44:58Z</time>
   </trkpt>
   <trkpt lat="48.7479580" lon="2.2961790">
    <ele>53.1</ele>
    <time>2020-11-07T09:44:59Z</time>
   </trkpt>
   <trkpt lat="48.7479640" lon="2.2961350">
    <ele>53.1</ele>
    <time>2020-11-07T09:45:00Z</time>
   </trkpt>
   <trkpt lat="48.7479680" lon="2.2960860">
    <ele>53.1</ele>
    <time>2020-11-07T09:45:01Z</time>
   </trkpt>
   <trkpt lat="48.7479730" lon="2.2960330">
    <ele>53.1</ele>
    <time>2020-11-07T09:45:02Z</time>
   </trkpt>
   <trkpt lat="48.7479750" lon="2.2959670">
    <ele>53.1</ele>
    <time>2020-11-07T09:45:04Z</time>
   </trkpt>
   <trkpt lat="48.7479730" lon="2.2959150">
    <ele>53.1</ele>
    <time>2020-11-07T09:45:05Z</time>
   </trkpt>
   <trkpt lat="48.7479650" lon="2.2958550">
    <ele>53.1</ele>
    <time>2020-11-07T09:45:06Z</time>
   </trkpt>
   <trkpt lat="48.7479690" lon="2.2958090">
    <ele>53.1</ele>
    <time>2020-11-07T09:45:07Z</time>
   </trkpt>
   <trkpt lat="48.7479710" lon="2.2957950">
    <ele>53.1</ele>
    <time>2020-11-07T09:45:08Z</time>
   </trkpt>
   <trkpt lat="48.7479810" lon="2.2957510">
    <ele>53.1</ele>
    <time>2020-11-07T09:45:09Z</time>
   </trkpt>
   <trkpt lat="48.7479840" lon="2.2957320">
    <ele>53.1</ele>
    <time>2020-11-07T09:45:10Z</time>
   </trkpt>
   <trkpt lat="48.7479910" lon="2.2956900">
    <ele>53.2</ele>
    <time>2020-11-07T09:45:11Z</time>
   </trkpt>
   <trkpt lat="48.7479990" lon="2.2956310">
    <ele>53.2</ele>
    <time>2020-11-07T09:45:12Z</time>
   </trkpt>
   <trkpt lat="48.7480100" lon="2.2955890">
    <ele>53.2</ele>
    <time>2020-11-07T09:45:13Z</time>
   </trkpt>
   <trkpt lat="48.7480360" lon="2.2955450">
    <ele>53.3</ele>
    <time>2020-11-07T09:45:15Z</time>
   </trkpt>
   <trkpt lat="48.7480480" lon="2.2955290">
    <ele>53.3</ele>
    <time>2020-11-07T09:45:16Z</time>
   </trkpt>
   <trkpt lat="48.7480640" lon="2.2955120">
    <ele>53.3</ele>
    <time>2020-11-07T09:45:17Z</time>
   </trkpt>
   <trkpt lat="48.7480940" lon="2.2954770">
    <ele>53.3</ele>
    <time>2020-11-07T09:45:18Z</time>
   </trkpt>
   <trkpt lat="48.7481050" lon="2.2954620">
    <ele>53.3</ele>
    <time>2020-11-07T09:45:19Z</time>
   </trkpt>
   <trkpt lat="48.7481240" lon="2.2954350">
    <ele>53.3</ele>
    <time>2020-11-07T09:45:20Z</time>
   </trkpt>
   <trkpt lat="48.7481470" lon="2.2953910">
    <ele>53.4</ele>
    <time>2020-11-07T09:45:22Z</time>
   </trkpt>
   <trkpt lat="48.7481760" lon="2.2953600">
    <ele>53.4</ele>
    <time>2020-11-07T09:45:23Z</time>
   </trkpt>
   <trkpt lat="48.7481860" lon="2.2953520">
    <ele>53.4</ele>
    <time>2020-11-07T09:45:24Z</time>
   </trkpt>
   <trkpt lat="48.7482190" lon="2.2953290">
    <ele>53.4</ele>
    <time>2020-11-07T09:45:25Z</time>
   </trkpt>
   <trkpt lat="48.7482290" lon="2.2953210">
    <ele>53.4</ele>
    <time>2020-11-07T09:45:26Z</time>
   </trkpt>
   <trkpt lat="48.7482400" lon="2.2952810">
    <ele>53.4</ele>
    <time>2020-11-07T09:45:27Z</time>
   </trkpt>
   <trkpt lat="48.7482410" lon="2.2952660">
    <ele>53.4</ele>
    <time>2020-11-07T09:45:28Z</time>
   </trkpt>
   <trkpt lat="48.7482420" lon="2.2952130">
    <ele>53.4</ele>
    <time>2020-11-07T09:45:29Z</time>
   </trkpt>
   <trkpt lat="48.7482420" lon="2.2951940">
    <ele>53.4</ele>
    <time>2020-11-07T09:45:30Z</time>
   </trkpt>
   <trkpt lat="48.7482400" lon="2.2951360">
    <ele>53.5</ele>
    <time>2020-11-07T09:45:32Z</time>
   </trkpt>
   <trkpt lat="48.7482370" lon="2.2950740">
    <ele>53.5</ele>
    <time>2020-11-07T09:45:33Z</time>
   </trkpt>
   <trkpt lat="48.7482330" lon="2.2950540">
    <ele>53.5</ele>
    <time>2020-11-07T09:45:34Z</time>
   </trkpt>
   <trkpt lat="48.7482310" lon="2.2950040">
    <ele>53.6</ele>
    <time>2020-11-07T09:45:35Z</time>
   </trkpt>
   <trkpt lat="48.7482290" lon="2.2948950">
    <ele>53.6</ele>
    <time>2020-11-07T09:45:37Z</time>
   </trkpt>
   <trkpt lat="48.7482240" lon="2.2948270">
    <ele>53.7</ele>
    <time>2020-11-07T09:45:38Z</time>
   </trkpt>
   <trkpt lat="48.7482170" lon="2.2947730">
    <ele>53.7</ele>
    <time>2020-11-07T09:45:39Z</time>
   </trkpt>
   <trkpt lat="48.7482100" lon="2.2947180">
    <ele>53.7</ele>
    <time>2020-11-07T09:45:40Z</time>
   </trkpt>
   <trkpt lat="48.7482090" lon="2.2946700">
    <ele>53.8</ele>
    <time>2020-11-07T09:45:41Z</time>
   </trkpt>
   <trkpt lat="48.7482170" lon="2.2946280">
    <ele>53.8</ele>
    <time>2020-11-07T09:45:42Z</time>
   </trkpt>
   <trkpt lat="48.7482330" lon="2.2945610">
    <ele>53.8</ele>
    <time>2020-11-07T09:45:44Z</time>
   </trkpt>
   <trkpt lat="48.7482360" lon="2.2945400">
    <ele>53.8</ele>
    <time>2020-11-07T09:45:45Z</time>
   </trkpt>
   <trkpt lat="48.7482390" lon="2.2945180">
    <ele>53.8</ele>
    <time>2020-11-07T09:45:46Z</time>
   </trkpt>
   <trkpt lat="48.7482450" lon="2.2944770">
    <ele>53.8</ele>
    <time>2020-11-07T09:45:47Z</time>
   </trkpt>
   <trkpt lat="48.7482480" lon="2.2944250">
    <ele>53.9</ele>
    <time>2020-11-07T09:45:48Z</time>
   </trkpt>
   <trkpt lat="48.7482480" lon="2.2944100">
    <ele>53.9</ele>
    <time>2020-11-07T09:45:49Z</time>
   </trkpt>
   <trkpt lat="48.7482410" lon="2.2943670">
    <ele>53.9</ele>
    <time>2020-11-07T09:45:50Z</time>
   </trkpt>
   <trkpt lat="48.7482370" lon="2.2943520">
    <ele>53.9</ele>
    <time>2020-11-07T09:45:51Z</time>
   </trkpt>
   <trkpt lat="48.7482240" lon="2.2943010">
    <ele>54.0</ele>
    <time>2020-11-07T09:45:52Z</time>
   </trkpt>
   <trkpt lat="48.7482200" lon="2.2942830">
    <ele>54.0</ele>
    <time>2020-11-07T09:45:53Z</time>
   </trkpt>
   <trkpt lat="48.7482300" lon="2.2942220">
    <ele>54.0</ele>
    <time>2020-11-07T09:45:55Z</time>
   </trkpt>
   <trkpt lat="48.7482380" lon="2.2941970">
    <ele>54.1</ele>
    <time>2020-11-07T09:45:56Z</time>
   </trkpt>
   <trkpt lat="48.7482460" lon="2.2941460">
    <ele>54.1</ele>
    <time>2020-11-07T09:45:57Z</time>
   </trkpt>
   <trkpt lat="48.7482460" lon="2.2941310">
    <ele>54.2</ele>
    <time>2020-11-07T09:45:58Z</time>
   </trkpt>
   <trkpt lat="48.7482370" lon="2.2941120">
    <ele>54.2</ele>
    <time>2020-11-07T09:45:59Z</time>
   </trkpt>
   <trkpt lat="48.7482300" lon="2.2940960">
    <ele>54.2</ele>
    <time>2020-11-07T09:46:00Z</time>
   </trkpt>
   <trkpt lat="48.7482220" lon="2.2940520">
    <ele>54.3</ele>
    <time>2020-11-07T09:46:01Z</time>
   </trkpt>
   <trkpt lat="48.7482110" lon="2.2940020">
    <ele>54.3</ele>
    <time>2020-11-07T09:46:02Z</time>
   </trkpt>
   <trkpt lat="48.7481970" lon="2.2939910">
    <ele>54.3</ele>
    <time>2020-11-07T09:46:03Z</time>
   </trkpt>
   <trkpt lat="48.7481670" lon="2.2939650">
    <ele>54.3</ele>
    <time>2020-11-07T09:46:05Z</time>
   </trkpt>
   <trkpt lat="48.7481440" lon="2.2939360">
    <ele>54.4</ele>
    <time>2020-11-07T09:46:06Z</time>
   </trkpt>
   <trkpt lat="48.7481220" lon="2.2938980">
    <ele>54.4</ele>
    <time>2020-11-07T09:46:07Z</time>
   </trkpt>
   <trkpt lat="48.7481010" lon="2.2938610">
    <ele>54.4</ele>
    <time>2020-11-07T09:46:08Z</time>
   </trkpt>
   <trkpt lat="48.7480720" lon="2.2938200">
    <ele>54.4</ele>
    <time>2020-11-07T09:46:09Z</time>
   </trkpt>
   <trkpt lat="48.7480360" lon="2.2937750">
    <ele>54.5</ele>
    <time>2020-11-07T09:46:11Z</time>
   </trkpt>
   <trkpt lat="48.7480080" lon="2.2937500">
    <ele>54.5</ele>
    <time>2020-11-07T09:46:12Z</time>
   </trkpt>
   <trkpt lat="48.7479780" lon="2.2937220">
    <ele>54.5</ele>
    <time>2020-11-07T09:46:13Z</time>
   </trkpt>
   <trkpt lat="48.7479680" lon="2.2937130">
    <ele>54.5</ele>
    <time>2020-11-07T09:46:14Z</time>
   </trkpt>
   <trkpt lat="48.7479420" lon="2.2936890">
    <ele>54.5</ele>
    <time>2020-11-07T09:46:15Z</time>
   </trkpt>
   <trkpt lat="48.7479330" lon="2.2936820">
    <ele>54.5</ele>
    <time>2020-11-07T09:46:16Z</time>
   </trkpt>
   <trkpt lat="48.7479040" lon="2.2936670">
    <ele>54.4</ele>
    <time>2020-11-07T09:46:17Z</time>
   </trkpt>
   <trkpt lat="48.7478950" lon="2.2936600">
    <ele>54.4</ele>
    <time>2020-11-07T09:46:18Z</time>
   </trkpt>
   <trkpt lat="48.7478810" lon="2.2936550">
    <ele>54.4</ele>
    <time>2020-11-07T09:46:19Z</time>
   </trkpt>
   <trkpt lat="48.7478580" lon="2.2936450">
    <ele>54.4</ele>
    <time>2020-11-07T09:46:21Z</time>
   </trkpt>
   <trkpt lat="48.7478220" lon="2.2936330">
    <ele>54.3</ele>
    <time>2020-11-07T09:46:22Z</time>
   </trkpt>
   <trkpt lat="48.7478110" lon="2.2936280">
    <ele>54.3</ele>
    <time>2020-11-07T09:46:23Z</time>
   </trkpt>
   <trkpt lat="48.7477850" lon="2.2936150">
    <ele>54.3</ele>
    <time>2020-11-07T09:46:24Z</time>
   </trkpt>
   <trkpt lat="48.7477580" lon="2.2935860">
    <ele>54.2</ele>
    <time>2020-11-07T09:46:25Z</time>
   </trkpt>
   <trkpt lat="48.7477510" lon="2.2935750">
    <ele>54.2</ele>
    <time>2020-11-07T09:46:26Z</time>
   </trkpt>
   <trkpt lat="48.7477240" lon="2.2935520">
    <ele>54.1</ele>
    <time>2020-11-07T09:46:27Z</time>
   </trkpt>
   <trkpt lat="48.7476980" lon="2.2935190">
    <ele>54.1</ele>
    <time>2020-11-07T09:46:28Z</time>
   </trkpt>
   <trkpt lat="48.7476890" lon="2.2935090">
    <ele>54.1</ele>
    <time>2020-11-07T09:46:29Z</time>
   </trkpt>
   <trkpt lat="48.7476690" lon="2.2934950">
    <ele>54.1</ele>
    <time>2020-11-07T09:46:30Z</time>
   </trkpt>
   <trkpt lat="48.7476470" lon="2.2934720">
    <ele>54.0</ele>
    <time>2020-11-07T09:46:32Z</time>
   </trkpt>
   <trkpt lat="48.7476250" lon="2.2934460">
    <ele>54.0</ele>
    <time>2020-11-07T09:46:33Z</time>
   </trkpt>
   <trkpt lat="48.7475990" lon="2.2934170">
    <ele>54.0</ele>
    <time>2020-11-07T09:46:34Z</time>
   </trkpt>
   <trkpt lat="48.7475480" lon="2.2933790">
    <ele>53.9</ele>
    <time>2020-11-07T09:46:36Z</time>
   </trkpt>
   <trkpt lat="48.7475170" lon="2.2933590">
    <ele>53.9</ele>
    <time>2020-11-07T09:46:37Z</time>
   </trkpt>
   <trkpt lat="48.7474750" lon="2.2933390">
    <ele>53.8</ele>
    <time>2020-11-07T09:46:38Z</time>
   </trkpt>
   <trkpt lat="48.7474570" lon="2.2933300">
    <ele>53.8</ele>
    <time>2020-11-07T09:46:39Z</time>
   </trkpt>
   <trkpt lat="48.7474130" lon="2.2933100">
    <ele>53.8</ele>
    <time>2020-11-07T09:46:40Z</time>
   </trkpt>
   <trkpt lat="48.7473780" lon="2.2932850">
    <ele>53.7</ele>
    <time>2020-11-07T09:46:41Z</time>
   </trkpt>
   <trkpt lat="48.7473670" lon="2.2932760">
    <ele>53.7</ele>
    <time>2020-11-07T09:46:42Z</time>
   </trkpt>
   <trkpt lat="48.7473490" lon="2.2932580">
    <ele>53.7</ele>
    <time>2020-11-07T09:46:43Z</time>
   </trkpt>
   <trkpt lat="48.7473250" lon="2.2932240">
    <ele>53.7</ele>
    <time>2020-11-07T09:46:45Z</time>
   </trkpt>
   <trkpt lat="48.7473000" lon="2.2931780">
    <ele>53.6</ele>
    <time>2020-11-07T09:46:46Z</time>
   </trkpt>
   <trkpt lat="48.7472900" lon="2.2931600">
    <ele>53.6</ele>
    <time>2020-11-07T09:46:47Z</time>
   </trkpt>
   <trkpt lat="48.7472640" lon="2.2931180">
    <ele>53.5</ele>
    <time>2020-11-07T09:46:48Z</time>
   </trkpt>
   <trkpt lat="48.7472540" lon="2.2931030">
    <ele>53.5</ele>
    <time>2020-11-07T09:46:49Z</time>
   </trkpt>
   <trkpt lat="48.7472300" lon="2.2930660">
    <ele>53.5</ele>
    <time>2020-11-07T09:46:50Z</time>
   </trkpt>
   <trkpt lat="48.7472010" lon="2.2930230">
    <ele>53.4</ele>
    <time>2020-11-07T09:46:52Z</time>
   </trkpt>
   <trkpt lat="48.7471810" lon="2.2929860">
    <ele>53.4</ele>
    <time>2020-11-07T09:46:53Z</time>
   </trkpt>
   <trkpt lat="48.7471600" lon="2.2929600">
    <ele>53.3</ele>
    <time>2020-11-07T09:46:54Z</time>
   </trkpt>
   <trkpt lat="48.7471360" lon="2.2929260">
    <ele>53.3</ele>
    <time>2020-11-07T09:46:55Z</time>
   </trkpt>
   <trkpt lat="48.7471050" lon="2.2928920">
    <ele>53.3</ele>
    <time>2020-11-07T09:46:56Z</time>
   </trkpt>
   <trkpt lat="48.7470760" lon="2.2928640">
    <ele>53.3</ele>
    <time>2020-11-07T09:46:57Z</time>
   </trkpt>
   <trkpt lat="48.7470520" lon="2.2928400">
    <ele>53.3</ele>
    <time>2020-11-07T09:46:58Z</time>
   </trkpt>
   <trkpt lat="48.7470270" lon="2.2928140">
    <ele>53.3</ele>
    <time>2020-11-07T09:46:59Z</time>
   </trkpt>
   <trkpt lat="48.7469930" lon="2.2927790">
    <ele>53.3</ele>
    <time>2020-11-07T09:47:00Z</time>
   </trkpt>
   <trkpt lat="48.7469800" lon="2.2927680">
    <ele>53.3</ele>
    <time>2020-11-07T09:47:01Z</time>
   </trkpt>
   <trkpt lat="48.7469430" lon="2.2927450">
    <ele>53.3</ele>
    <time>2020-11-07T09:47:02Z</time>
   </trkpt>
   <trkpt lat="48.7468940" lon="2.2927170">
    <ele>53.3</ele>
    <time>2020-11-07T09:47:04Z</time>
   </trkpt>
   <trkpt lat="48.7468510" lon="2.2926870">
    <ele>53.3</ele>
    <time>2020-11-07T09:47:05Z</time>
   </trkpt>
   <trkpt lat="48.7468080" lon="2.2926610">
    <ele>53.3</ele>
    <time>2020-11-07T09:47:06Z</time>
   </trkpt>
   <trkpt lat="48.7467710" lon="2.2926330">
    <ele>53.3</ele>
    <time>2020-11-07T09:47:07Z</time>
   </trkpt>
   <trkpt lat="48.7467350" lon="2.2925980">
    <ele>53.3</ele>
    <time>2020-11-07T09:47:08Z</time>
   </trkpt>
   <trkpt lat="48.7466990" lon="2.2925610">
    <ele>53.3</ele>
    <time>2020-11-07T09:47:09Z</time>
   </trkpt>
   <trkpt lat="48.7466680" lon="2.2925250">
    <ele>53.2</ele>
    <time>2020-11-07T09:47:10Z</time>
   </trkpt>
   <trkpt lat="48.7466370" lon="2.2924840">
    <ele>53.2</ele>
    <time>2020-11-07T09:47:11Z</time>
   </trkpt>
   <trkpt lat="48.7466010" lon="2.2924330">
    <ele>53.2</ele>
    <time>2020-11-07T09:47:13Z</time>
   </trkpt>
   <trkpt lat="48.7465770" lon="2.2923930">
    <ele>53.2</ele>
    <time>2020-11-07T09:47:14Z</time>
   </trkpt>
   <trkpt lat="48.7465520" lon="2.2923560">
    <ele>53.2</ele>
    <time>2020-11-07T09:47:15Z</time>
   </trkpt>
   <trkpt lat="48.7465230" lon="2.2923140">
    <ele>53.2</ele>
    <time>2020-11-07T09:47:16Z</time>
   </trkpt>
   <trkpt lat="48.7464830" lon="2.2922750">
    <ele>53.2</ele>
    <time>2020-11-07T09:47:18Z</time>
   </trkpt>
   <trkpt lat="48.7464560" lon="2.2922520">
    <ele>53.2</ele>
    <time>2020-11-07T09:47:19Z</time>
   </trkpt>
   <trkpt lat="48.7464330" lon="2.2922190">
    <ele>53.2</ele>
    <time>2020-11-07T09:47:20Z</time>
   </trkpt>
   <trkpt lat="48.7464280" lon="2.2922090">
    <ele>53.2</ele>
    <time>2020-11-07T09:47:21Z</time>
   </trkpt>
   <trkpt lat="48.7464150" lon="2.2921920">
    <ele>53.2</ele>
    <time>2020-11-07T09:47:22Z</time>
   </trkpt>
   <trkpt lat="48.7463800" lon="2.2921700">
    <ele>53.2</ele>
    <time>2020-11-07T09:47:24Z</time>
   </trkpt>
   <trkpt lat="48.7463450" lon="2.2921430">
    <ele>53.3</ele>
    <time>2020-11-07T09:47:25Z</time>
   </trkpt>
   <trkpt lat="48.7463320" lon="2.2921330">
    <ele>53.3</ele>
    <time>2020-11-07T09:47:26Z</time>
   </trkpt>
   <trkpt lat="48.7463040" lon="2.2921170">
    <ele>53.3</ele>
    <time>2020-11-07T09:47:27Z</time>
   </trkpt>
   <trkpt lat="48.7462770" lon="2.2921090">
    <ele>53.4</ele>
    <time>2020-11-07T09:47:28Z</time>
   </trkpt>
   <trkpt lat="48.7462480" lon="2.2920930">
    <ele>53.4</ele>
    <time>2020-11-07T09:47:29Z</time>
   </trkpt>
   <trkpt lat="48.7462220" lon="2.2920660">
    <ele>53.4</ele>
    <time>2020-11-07T09:47:30Z</time>
   </trkpt>
   <trkpt lat="48.7462020" lon="2.2920340">
    <ele>53.5</ele>
    <time>2020-11-07T09:47:31Z</time>
   </trkpt>
   <trkpt lat="48.7461850" lon="2.2919970">
    <ele>53.5</ele>
    <time>2020-11-07T09:47:32Z</time>
   </trkpt>
   <trkpt lat="48.7461570" lon="2.2919300">
    <ele>53.6</ele>
    <time>2020-11-07T09:47:34Z</time>
   </trkpt>
   <trkpt lat="48.7461500" lon="2.2919070">
    <ele>53.6</ele>
    <time>2020-11-07T09:47:35Z</time>
   </trkpt>
   <trkpt lat="48.7461420" lon="2.2918830">
    <ele>53.6</ele>
    <time>2020-11-07T09:47:36Z</time>
   </trkpt>
   <trkpt lat="48.7461380" lon="2.2918310">
    <ele>53.6</ele>
    <time>2020-11-07T09:47:37Z</time>
   </trkpt>
   <trkpt lat="48.7461350" lon="2.2918190">
    <ele>53.6</ele>
    <time>2020-11-07T09:47:38Z</time>
   </trkpt>
   <trkpt lat="48.7461260" lon="2.2917950">
    <ele>53.6</ele>
    <time>2020-11-07T09:47:39Z</time>
   </trkpt>
   <trkpt lat="48.7461150" lon="2.2917660">
    <ele>53.6</ele>
    <time>2020-11-07T09:47:41Z</time>
   </trkpt>
   <trkpt lat="48.7461000" lon="2.2917320">
    <ele>53.6</ele>
    <time>2020-11-07T09:47:42Z</time>
   </trkpt>
   <trkpt lat="48.7460880" lon="2.2916900">
    <ele>53.6</ele>
    <time>2020-11-07T09:47:43Z</time>
   </trkpt>
   <trkpt lat="48.7460850" lon="2.2916790">
    <ele>53.6</ele>
    <time>2020-11-07T09:47:44Z</time>
   </trkpt>
   <trkpt lat="48.7460850" lon="2.2916540">
    <ele>53.6</ele>
    <time>2020-11-07T09:47:45Z</time>
   </trkpt>
   <trkpt lat="48.7460830" lon="2.2916280">
    <ele>53.6</ele>
    <time>2020-11-07T09:47:46Z</time>
   </trkpt>
   <trkpt lat="48.7460750" lon="2.2915690">
    <ele>53.6</ele>
    <time>2020-11-07T09:47:47Z</time>
   </trkpt>
   <trkpt lat="48.7460720" lon="2.2915480">
    <ele>53.6</ele>
    <time>2020-11-07T09:47:48Z</time>
   </trkpt>
   <trkpt lat="48.7460650" lon="2.2914910">
    <ele>53.6</ele>
    <time>2020-11-07T09:47:50Z</time>
   </trkpt>
   <trkpt lat="48.7460570" lon="2.2914470">
    <ele>53.6</ele>
    <time>2020-11-07T09:47:51Z</time>
   </trkpt>
   <trkpt lat="48.7460500" lon="2.2913970">
    <ele>53.6</ele>
    <time>2020-11-07T09:47:52Z</time>
   </trkpt>
   <trkpt lat="48.7460410" lon="2.2913480">
    <ele>53.6</ele>
    <time>2020-11-07T09:47:53Z</time>
   </trkpt>
   <trkpt lat="48.7460280" lon="2.2912980">
    <ele>53.6</ele>
    <time>2020-11-07T09:47:54Z</time>
   </trkpt>
   <trkpt lat="48.7460220" lon="2.2912560">
    <ele>53.6</ele>
    <time>2020-11-07T09:47:55Z</time>
   </trkpt>
   <trkpt lat="48.7460160" lon="2.2912140">
    <ele>53.6</ele>
    <time>2020-11-07T09:47:56Z</time>
   </trkpt>
   <trkpt lat="48.7460090" lon="2.2911730">
    <ele>53.6</ele>
    <time>2020-11-07T09:47:57Z</time>
   </trkpt>
   <trkpt lat="48.7459970" lon="2.2911330">
    <ele>53.6</ele>
    <time>2020-11-07T09:47:58Z</time>
   </trkpt>
   <trkpt lat="48.7459900" lon="2.2910910">
    <ele>53.7</ele>
    <time>2020-11-07T09:47:59Z</time>
   </trkpt>
   <trkpt lat="48.7459830" lon="2.2910340">
    <ele>53.7</ele>
    <time>2020-11-07T09:48:00Z</time>
   </trkpt>
   <trkpt lat="48.7459800" lon="2.2910150">
    <ele>53.7</ele>
    <time>2020-11-07T09:48:01Z</time>
   </trkpt>
   <trkpt lat="48.7459720" lon="2.2909750">
    <ele>53.7</ele>
    <time>2020-11-07T09:48:02Z</time>
   </trkpt>
   <trkpt lat="48.7459580" lon="2.2909120">
    <ele>53.7</ele>
    <time>2020-11-07T09:48:04Z</time>
   </trkpt>
   <trkpt lat="48.7459500" lon="2.2908870">
    <ele>53.7</ele>
    <time>2020-11-07T09:48:05Z</time>
   </trkpt>
   <trkpt lat="48.7459410" lon="2.2908400">
    <ele>53.7</ele>
    <time>2020-11-07T09:48:06Z</time>
   </trkpt>
   <trkpt lat="48.7459300" lon="2.2907990">
    <ele>53.7</ele>
    <time>2020-11-07T09:48:07Z</time>
   </trkpt>
   <trkpt lat="48.7459160" lon="2.2907540">
    <ele>53.7</ele>
    <time>2020-11-07T09:48:08Z</time>
   </trkpt>
   <trkpt lat="48.7458920" lon="2.2907070">
    <ele>53.7</ele>
    <time>2020-11-07T09:48:09Z</time>
   </trkpt>
   <trkpt lat="48.7458830" lon="2.2906930">
    <ele>53.7</ele>
    <time>2020-11-07T09:48:10Z</time>
   </trkpt>
   <trkpt lat="48.7458670" lon="2.2906580">
    <ele>53.7</ele>
    <time>2020-11-07T09:48:11Z</time>
   </trkpt>
   <trkpt lat="48.7458510" lon="2.2906130">
    <ele>53.7</ele>
    <time>2020-11-07T09:48:13Z</time>
   </trkpt>
   <trkpt lat="48.7458460" lon="2.2906000">
    <ele>53.7</ele>
    <time>2020-11-07T09:48:14Z</time>
   </trkpt>
   <trkpt lat="48.7458340" lon="2.2905510">
    <ele>53.7</ele>
    <time>2020-11-07T09:48:15Z</time>
   </trkpt>
   <trkpt lat="48.7458310" lon="2.2905330">
    <ele>53.7</ele>
    <time>2020-11-07T09:48:16Z</time>
   </trkpt>
   <trkpt lat="48.7458210" lon="2.2904820">
    <ele>53.7</ele>
    <time>2020-11-07T09:48:17Z</time>
   </trkpt>
   <trkpt lat="48.7458170" lon="2.2904670">
    <ele>53.7</ele>
    <time>2020-11-07T09:48:18Z</time>
   </trkpt>
   <trkpt lat="48.7458120" lon="2.2904470">
    <ele>53.7</ele>
    <time>2020-11-07T09:48:19Z</time>
   </trkpt>
   <trkpt lat="48.7458030" lon="2.2904020">
    <ele>53.7</ele>
    <time>2020-11-07T09:48:21Z</time>
   </trkpt>
   <trkpt lat="48.7457900" lon="2.2903630">
    <ele>53.7</ele>
    <time>2020-11-07T09:48:22Z</time>
   </trkpt>
   <trkpt lat="48.7457840" lon="2.2903480">
    <ele>53.7</ele>
    <time>2020-11-07T09:48:23Z</time>
   </trkpt>
   <trkpt lat="48.7457680" lon="2.2903060">
    <ele>53.7</ele>
    <time>2020-11-07T09:48:24Z</time>
   </trkpt>
   <trkpt lat="48.7457510" lon="2.2902600">
    <ele>53.7</ele>
    <time>2020-11-07T09:48:25Z</time>
   </trkpt>
   <trkpt lat="48.7457320" lon="2.2902130">
    <ele>53.7</ele>
    <time>2020-11-07T09:48:26Z</time>
   </trkpt>
   <trkpt lat="48.7457130" lon="2.2901800">
    <ele>53.7</ele>
    <time>2020-11-07T09:48:27Z</time>
   </trkpt>
   <trkpt lat="48.7456770" lon="2.2901270">
    <ele>53.7</ele>
    <time>2020-11-07T09:48:29Z</time>
   </trkpt>
   <trkpt lat="48.7456650" lon="2.2901070">
    <ele>53.8</ele>
    <time>2020-11-07T09:48:30Z</time>
   </trkpt>
   <trkpt lat="48.7456520" lon="2.2900880">
    <ele>53.8</ele>
    <time>2020-11-07T09:48:31Z</time>
   </trkpt>
   <trkpt lat="48.7456300" lon="2.2900380">
    <ele>53.8</ele>
    <time>2020-11-07T09:48:32Z</time>
   </trkpt>
   <trkpt lat="48.7456050" lon="2.2899510">
    <ele>53.8</ele>
    <time>2020-11-07T09:48:33Z</time>
   </trkpt>
   <trkpt lat="48.7455860" lon="2.2898970">
    <ele>53.8</ele>
    <time>2020-11-07T09:48:34Z</time>
   </trkpt>
   <trkpt lat="48.7455650" lon="2.2898390">
    <ele>53.8</ele>
    <time>2020-11-07T09:48:35Z</time>
   </trkpt>
   <trkpt lat="48.7455460" lon="2.2897800">
    <ele>53.8</ele>
    <time>2020-11-07T09:48:36Z</time>
   </trkpt>
   <trkpt lat="48.7455270" lon="2.2897260">
    <ele>53.8</ele>
    <time>2020-11-07T09:48:37Z</time>
   </trkpt>
   <trkpt lat="48.7455040" lon="2.2896780">
    <ele>53.8</ele>
    <time>2020-11-07T09:48:38Z</time>
   </trkpt>
   <trkpt lat="48.7454780" lon="2.2896240">
    <ele>53.9</ele>
    <time>2020-11-07T09:48:40Z</time>
   </trkpt>
   <trkpt lat="48.7454050" lon="2.2894370">
    <ele>53.9</ele>
    <time>2020-11-07T09:48:41Z</time>
   </trkpt>
   <trkpt lat="48.7453590" lon="2.2893150">
    <ele>54.0</ele>
    <time>2020-11-07T09:48:47Z</time>
   </trkpt>
   <trkpt lat="48.7453130" lon="2.2891930">
    <ele>54.1</ele>
    <time>2020-11-07T09:48:48Z</time>
   </trkpt>
   <trkpt lat="48.7452940" lon="2.2891410">
    <ele>54.1</ele>
    <time>2020-11-07T09:48:49Z</time>
   </trkpt>
   <trkpt lat="48.7452520" lon="2.2890390">
    <ele>54.2</ele>
    <time>2020-11-07T09:48:51Z</time>
   </trkpt>
   <trkpt lat="48.7452160" lon="2.2889440">
    <ele>54.2</ele>
    <time>2020-11-07T09:48:53Z</time>
   </trkpt>
   <trkpt lat="48.7451840" lon="2.2888470">
    <ele>54.3</ele>
    <time>2020-11-07T09:48:55Z</time>
   </trkpt>
   <trkpt lat="48.7451700" lon="2.2887960">
    <ele>54.3</ele>
    <time>2020-11-07T09:48:56Z</time>
   </trkpt>
   <trkpt lat="48.7451270" lon="2.2887120">
    <ele>54.4</ele>
    <time>2020-11-07T09:48:58Z</time>
   </trkpt>
   <trkpt lat="48.7451050" lon="2.2886670">
    <ele>54.4</ele>
    <time>2020-11-07T09:48:59Z</time>
   </trkpt>
   <trkpt lat="48.7450870" lon="2.2886310">
    <ele>54.4</ele>
    <time>2020-11-07T09:49:00Z</time>
   </trkpt>
   <trkpt lat="48.7450660" lon="2.2885790">
    <ele>54.5</ele>
    <time>2020-11-07T09:49:01Z</time>
   </trkpt>
   <trkpt lat="48.7450290" lon="2.2885230">
    <ele>54.5</ele>
    <time>2020-11-07T09:49:03Z</time>
   </trkpt>
   <trkpt lat="48.7450040" lon="2.2884790">
    <ele>54.6</ele>
    <time>2020-11-07T09:49:05Z</time>
   </trkpt>
   <trkpt lat="48.7449790" lon="2.2884280">
    <ele>54.6</ele>
    <time>2020-11-07T09:49:06Z</time>
   </trkpt>
   <trkpt lat="48.7449610" lon="2.2883790">
    <ele>54.7</ele>
    <time>2020-11-07T09:49:07Z</time>
   </trkpt>
   <trkpt lat="48.7449460" lon="2.2883300">
    <ele>54.7</ele>
    <time>2020-11-07T09:49:08Z</time>
   </trkpt>
   <trkpt lat="48.7449290" lon="2.2882720">
    <ele>54.7</ele>
    <time>2020-11-07T09:49:10Z</time>
   </trkpt>
   <trkpt lat="48.7449160" lon="2.2882340">
    <ele>54.8</ele>
    <time>2020-11-07T09:49:11Z</time>
   </trkpt>
   <trkpt lat="48.7448980" lon="2.2881780">
    <ele>54.8</ele>
    <time>2020-11-07T09:49:12Z</time>
   </trkpt>
   <trkpt lat="48.7448900" lon="2.2881580">
    <ele>54.9</ele>
    <time>2020-11-07T09:49:13Z</time>
   </trkpt>
   <trkpt lat="48.7448690" lon="2.2880960">
    <ele>54.9</ele>
    <time>2020-11-07T09:49:15Z</time>
   </trkpt>
   <trkpt lat="48.7448560" lon="2.2880460">
    <ele>55.0</ele>
    <time>2020-11-07T09:49:16Z</time>
   </trkpt>
   <trkpt lat="48.7448660" lon="2.2879960">
    <ele>55.0</ele>
    <time>2020-11-07T09:49:17Z</time>
   </trkpt>
   <trkpt lat="48.7448730" lon="2.2879790">
    <ele>55.0</ele>
    <time>2020-11-07T09:49:18Z</time>
   </trkpt>
   <trkpt lat="48.7449030" lon="2.2879390">
    <ele>55.0</ele>
    <time>2020-11-07T09:49:19Z</time>
   </trkpt>
   <trkpt lat="48.7449160" lon="2.2879280">
    <ele>55.0</ele>
    <time>2020-11-07T09:49:20Z</time>
   </trkpt>
   <trkpt lat="48.7449430" lon="2.2878990">
    <ele>54.9</ele>
    <time>2020-11-07T09:49:22Z</time>
   </trkpt>
   <trkpt lat="48.7449710" lon="2.2878690">
    <ele>54.9</ele>
    <time>2020-11-07T09:49:23Z</time>
   </trkpt>
   <trkpt lat="48.7450040" lon="2.2878490">
    <ele>54.9</ele>
    <time>2020-11-07T09:49:24Z</time>
   </trkpt>
   <trkpt lat="48.7450320" lon="2.2878360">
    <ele>54.9</ele>
    <time>2020-11-07T09:49:25Z</time>
   </trkpt>
   <trkpt lat="48.7450660" lon="2.2878180">
    <ele>54.9</ele>
    <time>2020-11-07T09:49:27Z</time>
   </trkpt>
   <trkpt lat="48.7450940" lon="2.2878020">
    <ele>55.0</ele>
    <time>2020-11-07T09:49:28Z</time>
   </trkpt>
   <trkpt lat="48.7451190" lon="2.2877830">
    <ele>55.0</ele>
    <time>2020-11-07T09:49:29Z</time>
   </trkpt>
   <trkpt lat="48.7451610" lon="2.2877570">
    <ele>55.0</ele>
    <time>2020-11-07T09:49:31Z</time>
   </trkpt>
   <trkpt lat="48.7451920" lon="2.2877360">
    <ele>55.0</ele>
    <time>2020-11-07T09:49:32Z</time>
   </trkpt>
   <trkpt lat="48.7452240" lon="2.2877040">
    <ele>55.1</ele>
    <time>2020-11-07T09:49:33Z</time>
   </trkpt>
   <trkpt lat="48.7452340" lon="2.2876930">
    <ele>55.1</ele>
    <time>2020-11-07T09:49:34Z</time>
   </trkpt>
   <trkpt lat="48.7452770" lon="2.2876660">
    <ele>55.2</ele>
    <time>2020-11-07T09:49:36Z</time>
   </trkpt>
   <trkpt lat="48.7452940" lon="2.2876630">
    <ele>55.2</ele>
    <time>2020-11-07T09:49:37Z</time>
   </trkpt>
   <trkpt lat="48.7453100" lon="2.2876600">
    <ele>55.2</ele>
    <time>2020-11-07T09:49:38Z</time>
   </trkpt>
   <trkpt lat="48.7453520" lon="2.2876750">
    <ele>55.3</ele>
    <time>2020-11-07T09:49:39Z</time>
   </trkpt>
   <trkpt lat="48.7453690" lon="2.2876830">
    <ele>55.3</ele>
    <time>2020-11-07T09:49:40Z</time>
   </trkpt>
   <trkpt lat="48.7453960" lon="2.2877090">
    <ele>55.3</ele>
    <time>2020-11-07T09:49:41Z</time>
   </trkpt>
   <trkpt lat="48.7454260" lon="2.2877350">
    <ele>55.4</ele>
    <time>2020-11-07T09:49:42Z</time>
   </trkpt>
   <trkpt lat="48.7454640" lon="2.2877500">
    <ele>55.4</ele>
    <time>2020-11-07T09:49:44Z</time>
   </trkpt>
   <trkpt lat="48.7455040" lon="2.2877390">
    <ele>55.8</ele>
    <time>2020-11-07T09:49:45Z</time>
   </trkpt>
   <trkpt lat="48.7455170" lon="2.2877350">
    <ele>55.8</ele>
    <time>2020-11-07T09:49:46Z</time>
   </trkpt>
   <trkpt lat="48.7455550" lon="2.2877250">
    <ele>55.8</ele>
    <time>2020-11-07T09:49:47Z</time>
   </trkpt>
   <trkpt lat="48.7455680" lon="2.2877220">
    <ele>55.9</ele>
    <time>2020-11-07T09:49:48Z</time>
   </trkpt>
   <trkpt lat="48.7455950" lon="2.2877160">
    <ele>55.9</ele>
    <time>2020-11-07T09:49:49Z</time>
   </trkpt>
   <trkpt lat="48.7456280" lon="2.2877010">
    <ele>56.0</ele>
    <time>2020-11-07T09:49:50Z</time>
   </trkpt>
   <trkpt lat="48.7456630" lon="2.2876780">
    <ele>56.1</ele>
    <time>2020-11-07T09:49:52Z</time>
   </trkpt>
   <trkpt lat="48.7456870" lon="2.2876460">
    <ele>56.2</ele>
    <time>2020-11-07T09:49:53Z</time>
   </trkpt>
   <trkpt lat="48.7456940" lon="2.2876320">
    <ele>56.3</ele>
    <time>2020-11-07T09:49:54Z</time>
   </trkpt>
   <trkpt lat="48.7457160" lon="2.2876060">
    <ele>56.3</ele>
    <time>2020-11-07T09:49:55Z</time>
   </trkpt>
   <trkpt lat="48.7457390" lon="2.2875840">
    <ele>56.6</ele>
    <time>2020-11-07T09:49:56Z</time>
   </trkpt>
   <trkpt lat="48.7457730" lon="2.2875820">
    <ele>56.6</ele>
    <time>2020-11-07T09:49:58Z</time>
   </trkpt>
   <trkpt lat="48.7457840" lon="2.2875890">
    <ele>56.6</ele>
    <time>2020-11-07T09:49:59Z</time>
   </trkpt>
   <trkpt lat="48.7458040" lon="2.2876200">
    <ele>56.7</ele>
    <time>2020-11-07T09:50:00Z</time>
   </trkpt>
   <trkpt lat="48.7458240" lon="2.2876540">
    <ele>56.7</ele>
    <time>2020-11-07T09:50:01Z</time>
   </trkpt>
   <trkpt lat="48.7458400" lon="2.2876930">
    <ele>56.7</ele>
    <time>2020-11-07T09:50:02Z</time>
   </trkpt>
   <trkpt lat="48.7458580" lon="2.2877430">
    <ele>56.7</ele>
    <time>2020-11-07T09:50:03Z</time>
   </trkpt>
   <trkpt lat="48.7458680" lon="2.2877860">
    <ele>56.7</ele>
    <time>2020-11-07T09:50:04Z</time>
   </trkpt>
   <trkpt lat="48.7458770" lon="2.2878340">
    <ele>56.7</ele>
    <time>2020-11-07T09:50:05Z</time>
   </trkpt>
   <trkpt lat="48.7458840" lon="2.2878780">
    <ele>56.7</ele>
    <time>2020-11-07T09:50:06Z</time>
   </trkpt>
   <trkpt lat="48.7458890" lon="2.2879240">
    <ele>56.7</ele>
    <time>2020-11-07T09:50:07Z</time>
   </trkpt>
   <trkpt lat="48.7458990" lon="2.2879790">
    <ele>56.7</ele>
    <time>2020-11-07T09:50:09Z</time>
   </trkpt>
   <trkpt lat="48.7459080" lon="2.2880250">
    <ele>56.7</ele>
    <time>2020-11-07T09:50:10Z</time>
   </trkpt>
   <trkpt lat="48.7459160" lon="2.2880660">
    <ele>56.7</ele>
    <time>2020-11-07T09:50:11Z</time>
   </trkpt>
   <trkpt lat="48.7459300" lon="2.2881260">
    <ele>56.7</ele>
    <time>2020-11-07T09:50:12Z</time>
   </trkpt>
   <trkpt lat="48.7459370" lon="2.2881500">
    <ele>56.7</ele>
    <time>2020-11-07T09:50:13Z</time>
   </trkpt>
   <trkpt lat="48.7459530" lon="2.2882000">
    <ele>56.7</ele>
    <time>2020-11-07T09:50:15Z</time>
   </trkpt>
   <trkpt lat="48.7459690" lon="2.2882520">
    <ele>56.7</ele>
    <time>2020-11-07T09:50:16Z</time>
   </trkpt>
   <trkpt lat="48.7459850" lon="2.2883030">
    <ele>56.7</ele>
    <time>2020-11-07T09:50:17Z</time>
   </trkpt>
   <trkpt lat="48.7459890" lon="2.2883220">
    <ele>56.7</ele>
    <time>2020-11-07T09:50:18Z</time>
   </trkpt>
   <trkpt lat="48.7459970" lon="2.2883650">
    <ele>56.7</ele>
    <time>2020-11-07T09:50:19Z</time>
   </trkpt>
   <trkpt lat="48.7460090" lon="2.2884210">
    <ele>56.7</ele>
    <time>2020-11-07T09:50:21Z</time>
   </trkpt>
   <trkpt lat="48.7460200" lon="2.2884710">
    <ele>56.7</ele>
    <time>2020-11-07T09:50:22Z</time>
   </trkpt>
   <trkpt lat="48.7460290" lon="2.2885140">
    <ele>56.7</ele>
    <time>2020-11-07T09:50:23Z</time>
   </trkpt>
   <trkpt lat="48.7460380" lon="2.2885620">
    <ele>56.7</ele>
    <time>2020-11-07T09:50:24Z</time>
   </trkpt>
   <trkpt lat="48.7460490" lon="2.2886160">
    <ele>56.7</ele>
    <time>2020-11-07T09:50:26Z</time>
   </trkpt>
   <trkpt lat="48.7460590" lon="2.2886580">
    <ele>56.7</ele>
    <time>2020-11-07T09:50:27Z</time>
   </trkpt>
   <trkpt lat="48.7460730" lon="2.2886990">
    <ele>56.7</ele>
    <time>2020-11-07T09:50:28Z</time>
   </trkpt>
   <trkpt lat="48.7460890" lon="2.2887490">
    <ele>56.8</ele>
    <time>2020-11-07T09:50:29Z</time>
   </trkpt>
   <trkpt lat="48.7461090" lon="2.2887930">
    <ele>56.8</ele>
    <time>2020-11-07T09:50:30Z</time>
   </trkpt>
   <trkpt lat="48.7461160" lon="2.2888090">
    <ele>56.8</ele>
    <time>2020-11-07T09:50:31Z</time>
   </trkpt>
   <trkpt lat="48.7461310" lon="2.2888440">
    <ele>56.8</ele>
    <time>2020-11-07T09:50:32Z</time>
   </trkpt>
   <trkpt lat="48.7461510" lon="2.2888950">
    <ele>56.8</ele>
    <time>2020-11-07T09:50:33Z</time>
   </trkpt>
   <trkpt lat="48.7461570" lon="2.2889150">
    <ele>56.8</ele>
    <time>2020-11-07T09:50:34Z</time>
   </trkpt>
   <trkpt lat="48.7461770" lon="2.2889810">
    <ele>56.8</ele>
    <time>2020-11-07T09:50:36Z</time>
   </trkpt>
   <trkpt lat="48.7461820" lon="2.2890040">
    <ele>56.8</ele>
    <time>2020-11-07T09:50:37Z</time>
   </trkpt>
   <trkpt lat="48.7461880" lon="2.2890270">
    <ele>56.8</ele>
    <time>2020-11-07T09:50:38Z</time>
   </trkpt>
   <trkpt lat="48.7461990" lon="2.2890840">
    <ele>56.8</ele>
    <time>2020-11-07T09:50:39Z</time>
   </trkpt>
   <trkpt lat="48.7462020" lon="2.2891070">
    <ele>56.7</ele>
    <time>2020-11-07T09:50:40Z</time>
   </trkpt>
   <trkpt lat="48.7462020" lon="2.2891650">
    <ele>56.7</ele>
    <time>2020-11-07T09:50:41Z</time>
   </trkpt>
   <trkpt lat="48.7462000" lon="2.2891830">
    <ele>56.7</ele>
    <time>2020-11-07T09:50:42Z</time>
   </trkpt>
   <trkpt lat="48.7461970" lon="2.2892370">
    <ele>56.4</ele>
    <time>2020-11-07T09:50:43Z</time>
   </trkpt>
   <trkpt lat="48.7461960" lon="2.2892570">
    <ele>56.4</ele>
    <time>2020-11-07T09:50:44Z</time>
   </trkpt>
   <trkpt lat="48.7461940" lon="2.2893110">
    <ele>56.3</ele>
    <time>2020-11-07T09:50:46Z</time>
   </trkpt>
   <trkpt lat="48.7461970" lon="2.2893550">
    <ele>56.2</ele>
    <time>2020-11-07T09:50:47Z</time>
   </trkpt>
   <trkpt lat="48.7462080" lon="2.2893920">
    <ele>56.0</ele>
    <time>2020-11-07T09:50:48Z</time>
   </trkpt>
   <trkpt lat="48.7462200" lon="2.2894140">
    <ele>55.9</ele>
    <time>2020-11-07T09:50:49Z</time>
   </trkpt>
   <trkpt lat="48.7462300" lon="2.2894270">
    <ele>55.9</ele>
    <time>2020-11-07T09:50:50Z</time>
   </trkpt>
   <trkpt lat="48.7462540" lon="2.2894570">
    <ele>55.8</ele>
    <time>2020-11-07T09:50:51Z</time>
   </trkpt>
   <trkpt lat="48.7462620" lon="2.2894710">
    <ele>55.8</ele>
    <time>2020-11-07T09:50:52Z</time>
   </trkpt>
   <trkpt lat="48.7462830" lon="2.2895230">
    <ele>55.8</ele>
    <time>2020-11-07T09:50:53Z</time>
   </trkpt>
   <trkpt lat="48.7462900" lon="2.2895420">
    <ele>55.7</ele>
    <time>2020-11-07T09:50:54Z</time>
   </trkpt>
   <trkpt lat="48.7463020" lon="2.2895800">
    <ele>55.7</ele>
    <time>2020-11-07T09:50:55Z</time>
   </trkpt>
   <trkpt lat="48.7463140" lon="2.2896200">
    <ele>55.7</ele>
    <time>2020-11-07T09:50:56Z</time>
   </trkpt>
   <trkpt lat="48.7463240" lon="2.2896520">
    <ele>55.7</ele>
    <time>2020-11-07T09:50:57Z</time>
   </trkpt>
   <trkpt lat="48.7463320" lon="2.2896930">
    <ele>55.6</ele>
    <time>2020-11-07T09:50:59Z</time>
   </trkpt>
   <trkpt lat="48.7463440" lon="2.2897440">
    <ele>55.6</ele>
    <time>2020-11-07T09:51:00Z</time>
   </trkpt>
   <trkpt lat="48.7463480" lon="2.2897630">
    <ele>55.6</ele>
    <time>2020-11-07T09:51:01Z</time>
   </trkpt>
   <trkpt lat="48.7463590" lon="2.2898110">
    <ele>55.6</ele>
    <time>2020-11-07T09:51:02Z</time>
   </trkpt>
   <trkpt lat="48.7463710" lon="2.2898630">
    <ele>55.5</ele>
    <time>2020-11-07T09:51:03Z</time>
   </trkpt>
   <trkpt lat="48.7463820" lon="2.2899050">
    <ele>55.5</ele>
    <time>2020-11-07T09:51:04Z</time>
   </trkpt>
   <trkpt lat="48.7463970" lon="2.2899610">
    <ele>55.5</ele>
    <time>2020-11-07T09:51:06Z</time>
   </trkpt>
   <trkpt lat="48.7464100" lon="2.2900070">
    <ele>55.5</ele>
    <time>2020-11-07T09:51:07Z</time>
   </trkpt>
   <trkpt lat="48.7464260" lon="2.2900580">
    <ele>55.5</ele>
    <time>2020-11-07T09:51:08Z</time>
   </trkpt>
   <trkpt lat="48.7464440" lon="2.2901010">
    <ele>55.4</ele>
    <time>2020-11-07T09:51:09Z</time>
   </trkpt>
   <trkpt lat="48.7464640" lon="2.2901420">
    <ele>55.4</ele>
    <time>2020-11-07T09:51:10Z</time>
   </trkpt>
   <trkpt lat="48.7464930" lon="2.2902020">
    <ele>55.4</ele>
    <time>2020-11-07T09:51:12Z</time>
   </trkpt>
   <trkpt lat="48.7465130" lon="2.2902320">
    <ele>55.4</ele>
    <time>2020-11-07T09:51:13Z</time>
   </trkpt>
   <trkpt lat="48.7465300" lon="2.2902660">
    <ele>55.4</ele>
    <time>2020-11-07T09:51:14Z</time>
   </trkpt>
   <trkpt lat="48.7465490" lon="2.2902950">
    <ele>55.4</ele>
    <time>2020-11-07T09:51:15Z</time>
   </trkpt>
   <trkpt lat="48.7465760" lon="2.2903350">
    <ele>55.3</ele>
    <time>2020-11-07T09:51:16Z</time>
   </trkpt>
   <trkpt lat="48.7465840" lon="2.2903490">
    <ele>55.3</ele>
    <time>2020-11-07T09:51:17Z</time>
   </trkpt>
   <trkpt lat="48.7466090" lon="2.2903900">
    <ele>55.3</ele>
    <time>2020-11-07T09:51:18Z</time>
   </trkpt>
   <trkpt lat="48.7466170" lon="2.2904040">
    <ele>55.3</ele>
    <time>2020-11-07T09:51:19Z</time>
   </trkpt>
   <trkpt lat="48.7466360" lon="2.2904530">
    <ele>55.3</ele>
    <time>2020-11-07T09:51:20Z</time>
   </trkpt>
   <trkpt lat="48.7466440" lon="2.2904710">
    <ele>55.3</ele>
    <time>2020-11-07T09:51:21Z</time>
   </trkpt>
   <trkpt lat="48.7466670" lon="2.2905090">
    <ele>55.3</ele>
    <time>2020-11-07T09:51:22Z</time>
   </trkpt>
   <trkpt lat="48.7466730" lon="2.2905180">
    <ele>55.3</ele>
    <time>2020-11-07T09:51:23Z</time>
   </trkpt>
   <trkpt lat="48.7466910" lon="2.2905540">
    <ele>55.3</ele>
    <time>2020-11-07T09:51:25Z</time>
   </trkpt>
   <trkpt lat="48.7466980" lon="2.2905650">
    <ele>55.3</ele>
    <time>2020-11-07T09:51:26Z</time>
   </trkpt>
   <trkpt lat="48.7467220" lon="2.2905990">
    <ele>55.3</ele>
    <time>2020-11-07T09:51:27Z</time>
   </trkpt>
   <trkpt lat="48.7467290" lon="2.2906120">
    <ele>55.3</ele>
    <time>2020-11-07T09:51:28Z</time>
   </trkpt>
   <trkpt lat="48.7467490" lon="2.2906430">
    <ele>55.3</ele>
    <time>2020-11-07T09:51:29Z</time>
   </trkpt>
   <trkpt lat="48.7467700" lon="2.2906700">
    <ele>55.3</ele>
    <time>2020-11-07T09:51:30Z</time>
   </trkpt>
   <trkpt lat="48.7467940" lon="2.2907000">
    <ele>55.3</ele>
    <time>2020-11-07T09:51:31Z</time>
   </trkpt>
   <trkpt lat="48.7468010" lon="2.2907110">
    <ele>55.3</ele>
    <time>2020-11-07T09:51:32Z</time>
   </trkpt>
   <trkpt lat="48.7468230" lon="2.2907590">
    <ele>55.3</ele>
    <time>2020-11-07T09:51:34Z</time>
   </trkpt>
   <trkpt lat="48.7468470" lon="2.2908000">
    <ele>55.3</ele>
    <time>2020-11-07T09:51:36Z</time>
   </trkpt>
   <trkpt lat="48.7468740" lon="2.2908480">
    <ele>55.3</ele>
    <time>2020-11-07T09:51:37Z</time>
   </trkpt>
   <trkpt lat="48.7468850" lon="2.2908650">
    <ele>55.3</ele>
    <time>2020-11-07T09:51:38Z</time>
   </trkpt>
   <trkpt lat="48.7469030" lon="2.2909030">
    <ele>55.3</ele>
    <time>2020-11-07T09:51:39Z</time>
   </trkpt>
   <trkpt lat="48.7469290" lon="2.2909530">
    <ele>55.3</ele>
    <time>2020-11-07T09:51:40Z</time>
   </trkpt>
   <trkpt lat="48.7469380" lon="2.2909720">
    <ele>55.3</ele>
    <time>2020-11-07T09:51:41Z</time>
   </trkpt>
   <trkpt lat="48.7469580" lon="2.2910130">
    <ele>55.4</ele>
    <time>2020-11-07T09:51:42Z</time>
   </trkpt>
   <trkpt lat="48.7469740" lon="2.2910440">
    <ele>55.4</ele>
    <time>2020-11-07T09:51:43Z</time>
   </trkpt>
   <trkpt lat="48.7470100" lon="2.2911140">
    <ele>55.4</ele>
    <time>2020-11-07T09:51:45Z</time>
   </trkpt>
   <trkpt lat="48.7470340" lon="2.2911560">
    <ele>55.4</ele>
    <time>2020-11-07T09:51:46Z</time>
   </trkpt>
   <trkpt lat="48.7470580" lon="2.2911970">
    <ele>55.4</ele>
    <time>2020-11-07T09:51:48Z</time>
   </trkpt>
   <trkpt lat="48.7470800" lon="2.2912390">
    <ele>55.4</ele>
    <time>2020-11-07T09:51:49Z</time>
   </trkpt>
   <trkpt lat="48.7471010" lon="2.2912840">
    <ele>55.4</ele>
    <time>2020-11-07T09:51:50Z</time>
   </trkpt>
   <trkpt lat="48.7471290" lon="2.2913450">
    <ele>55.4</ele>
    <time>2020-11-07T09:51:52Z</time>
   </trkpt>
   <trkpt lat="48.7471540" lon="2.2913920">
    <ele>55.5</ele>
    <time>2020-11-07T09:51:53Z</time>
   </trkpt>
   <trkpt lat="48.7471760" lon="2.2914290">
    <ele>55.5</ele>
    <time>2020-11-07T09:51:54Z</time>
   </trkpt>
   <trkpt lat="48.7472070" lon="2.2914840">
    <ele>55.5</ele>
    <time>2020-11-07T09:51:56Z</time>
   </trkpt>
   <trkpt lat="48.7472290" lon="2.2915510">
    <ele>55.5</ele>
    <time>2020-11-07T09:51:58Z</time>
   </trkpt>
   <trkpt lat="48.7472500" lon="2.2916220">
    <ele>55.5</ele>
    <time>2020-11-07T09:51:59Z</time>
   </trkpt>
   <trkpt lat="48.7472690" lon="2.2917020">
    <ele>55.5</ele>
    <time>2020-11-07T09:52:00Z</time>
   </trkpt>
   <trkpt lat="48.7472970" lon="2.2917940">
    <ele>55.5</ele>
    <time>2020-11-07T09:52:02Z</time>
   </trkpt>
   <trkpt lat="48.7473230" lon="2.2918520">
    <ele>55.5</ele>
    <time>2020-11-07T09:52:03Z</time>
   </trkpt>
   <trkpt lat="48.7473670" lon="2.2919360">
    <ele>55.5</ele>
    <time>2020-11-07T09:52:05Z</time>
   </trkpt>
   <trkpt lat="48.7473990" lon="2.2919960">
    <ele>55.6</ele>
    <time>2020-11-07T09:52:07Z</time>
   </trkpt>
   <trkpt lat="48.7474230" lon="2.2920330">
    <ele>55.6</ele>
    <time>2020-11-07T09:52:08Z</time>
   </trkpt>
   <trkpt lat="48.7474480" lon="2.2920700">
    <ele>55.6</ele>
    <time>2020-11-07T09:52:09Z</time>
   </trkpt>
   <trkpt lat="48.7474790" lon="2.2921040">
    <ele>55.6</ele>
    <time>2020-11-07T09:52:10Z</time>
   </trkpt>
   <trkpt lat="48.7474890" lon="2.2921170">
    <ele>55.7</ele>
    <time>2020-11-07T09:52:11Z</time>
   </trkpt>
   <trkpt lat="48.7475130" lon="2.2921550">
    <ele>55.7</ele>
    <time>2020-11-07T09:52:12Z</time>
   </trkpt>
   <trkpt lat="48.7475460" lon="2.2922050">
    <ele>55.8</ele>
    <time>2020-11-07T09:52:14Z</time>
   </trkpt>
   <trkpt lat="48.7475640" lon="2.2922400">
    <ele>55.8</ele>
    <time>2020-11-07T09:52:15Z</time>
   </trkpt>
   <trkpt lat="48.7475880" lon="2.2922850">
    <ele>55.9</ele>
    <time>2020-11-07T09:52:16Z</time>
   </trkpt>
   <trkpt lat="48.7476260" lon="2.2923480">
    <ele>55.9</ele>
    <time>2020-11-07T09:52:18Z</time>
   </trkpt>
   <trkpt lat="48.7476490" lon="2.2923850">
    <ele>56.0</ele>
    <time>2020-11-07T09:52:19Z</time>
   </trkpt>
   <trkpt lat="48.7476740" lon="2.2924220">
    <ele>56.0</ele>
    <time>2020-11-07T09:52:20Z</time>
   </trkpt>
   <trkpt lat="48.7476950" lon="2.2924590">
    <ele>56.1</ele>
    <time>2020-11-07T09:52:21Z</time>
   </trkpt>
   <trkpt lat="48.7477130" lon="2.2924870">
    <ele>56.1</ele>
    <time>2020-11-07T09:52:22Z</time>
   </trkpt>
   <trkpt lat="48.7477340" lon="2.2925430">
    <ele>56.1</ele>
    <time>2020-11-07T09:52:24Z</time>
   </trkpt>
   <trkpt lat="48.7477470" lon="2.2925800">
    <ele>56.1</ele>
    <time>2020-11-07T09:52:25Z</time>
   </trkpt>
   <trkpt lat="48.7477630" lon="2.2926170">
    <ele>56.2</ele>
    <time>2020-11-07T09:52:26Z</time>
   </trkpt>
   <trkpt lat="48.7477820" lon="2.2926570">
    <ele>56.1</ele>
    <time>2020-11-07T09:52:28Z</time>
   </trkpt>
   <trkpt lat="48.7477970" lon="2.2926990">
    <ele>56.1</ele>
    <time>2020-11-07T09:52:29Z</time>
   </trkpt>
   <trkpt lat="48.7478240" lon="2.2927440">
    <ele>56.1</ele>
    <time>2020-11-07T09:52:30Z</time>
   </trkpt>
   <trkpt lat="48.7478330" lon="2.2927580">
    <ele>56.1</ele>
    <time>2020-11-07T09:52:31Z</time>
   </trkpt>
   <trkpt lat="48.7478560" lon="2.2927950">
    <ele>56.1</ele>
    <time>2020-11-07T09:52:32Z</time>
   </trkpt>
   <trkpt lat="48.7478980" lon="2.2928490">
    <ele>56.0</ele>
    <time>2020-11-07T09:52:34Z</time>
   </trkpt>
   <trkpt lat="48.7479340" lon="2.2929010">
    <ele>55.9</ele>
    <time>2020-11-07T09:52:35Z</time>
   </trkpt>
   <trkpt lat="48.7479570" lon="2.2929430">
    <ele>55.9</ele>
    <time>2020-11-07T09:52:36Z</time>
   </trkpt>
   <trkpt lat="48.7479740" lon="2.2929850">
    <ele>55.8</ele>
    <time>2020-11-07T09:52:37Z</time>
   </trkpt>
   <trkpt lat="48.7479960" lon="2.2930380">
    <ele>55.7</ele>
    <time>2020-11-07T09:52:39Z</time>
   </trkpt>
   <trkpt lat="48.7480160" lon="2.2930940">
    <ele>55.7</ele>
    <time>2020-11-07T09:52:40Z</time>
   </trkpt>
   <trkpt lat="48.7480220" lon="2.2931160">
    <ele>55.6</ele>
    <time>2020-11-07T09:52:41Z</time>
   </trkpt>
   <trkpt lat="48.7480310" lon="2.2931640">
    <ele>55.6</ele>
    <time>2020-11-07T09:52:42Z</time>
   </trkpt>
   <trkpt lat="48.7480330" lon="2.2931800">
    <ele>55.6</ele>
    <time>2020-11-07T09:52:43Z</time>
   </trkpt>
   <trkpt lat="48.7480400" lon="2.2932170">
    <ele>55.6</ele>
    <time>2020-11-07T09:52:44Z</time>
   </trkpt>
   <trkpt lat="48.7480380" lon="2.2932570">
    <ele>55.5</ele>
    <time>2020-11-07T09:52:46Z</time>
   </trkpt>
   <trkpt lat="48.7480300" lon="2.2933110">
    <ele>55.2</ele>
    <time>2020-11-07T09:52:47Z</time>
   </trkpt>
   <trkpt lat="48.7480190" lon="2.2933540">
    <ele>55.1</ele>
    <time>2020-11-07T09:52:48Z</time>
   </trkpt>
   <trkpt lat="48.7480140" lon="2.2933670">
    <ele>55.2</ele>
    <time>2020-11-07T09:52:49Z</time>
   </trkpt>
   <trkpt lat="48.7479940" lon="2.2934150">
    <ele>54.9</ele>
    <time>2020-11-07T09:52:50Z</time>
   </trkpt>
   <trkpt lat="48.7479860" lon="2.2934290">
    <ele>55.0</ele>
    <time>2020-11-07T09:52:51Z</time>
   </trkpt>
   <trkpt lat="48.7479620" lon="2.2934660">
    <ele>54.8</ele>
    <time>2020-11-07T09:52:52Z</time>
   </trkpt>
   <trkpt lat="48.7479540" lon="2.2934780">
    <ele>54.7</ele>
    <time>2020-11-07T09:52:53Z</time>
   </trkpt>
   <trkpt lat="48.7479440" lon="2.2935140">
    <ele>54.6</ele>
    <time>2020-11-07T09:52:54Z</time>
   </trkpt>
   <trkpt lat="48.7479280" lon="2.2935530">
    <ele>54.5</ele>
    <time>2020-11-07T09:52:56Z</time>
   </trkpt>
   <trkpt lat="48.7479020" lon="2.2935780">
    <ele>54.4</ele>
    <time>2020-11-07T09:52:57Z</time>
   </trkpt>
   <trkpt lat="48.7478930" lon="2.2935830">
    <ele>54.3</ele>
    <time>2020-11-07T09:52:58Z</time>
   </trkpt>
   <trkpt lat="48.7478650" lon="2.2935920">
    <ele>54.3</ele>
    <time>2020-11-07T09:52:59Z</time>
   </trkpt>
   <trkpt lat="48.7478530" lon="2.2935960">
    <ele>54.4</ele>
    <time>2020-11-07T09:53:00Z</time>
   </trkpt>
   <trkpt lat="48.7478230" lon="2.2936010">
    <ele>54.3</ele>
    <time>2020-11-07T09:53:01Z</time>
   </trkpt>
   <trkpt lat="48.7478150" lon="2.2936010">
    <ele>54.3</ele>
    <time>2020-11-07T09:53:02Z</time>
   </trkpt>
   <trkpt lat="48.7478070" lon="2.2936010">
    <ele>54.3</ele>
    <time>2020-11-07T09:53:03Z</time>
   </trkpt>
   <trkpt lat="48.7478150" lon="2.2936120">
    <ele>54.3</ele>
    <time>2020-11-07T09:53:04Z</time>
   </trkpt>
   <trkpt lat="48.7478110" lon="2.2936130">
    <ele>54.3</ele>
    <time>2020-11-07T09:53:05Z</time>
   </trkpt>
   <trkpt lat="48.7477950" lon="2.2936100">
    <ele>54.3</ele>
    <time>2020-11-07T09:53:07Z</time>
   </trkpt>
   <trkpt lat="48.7477790" lon="2.2936090">
    <ele>54.2</ele>
    <time>2020-11-07T09:53:08Z</time>
   </trkpt>
   <trkpt lat="48.7477660" lon="2.2936140">
    <ele>54.2</ele>
    <time>2020-11-07T09:53:09Z</time>
   </trkpt>
   <trkpt lat="48.7477500" lon="2.2936140">
    <ele>54.2</ele>
    <time>2020-11-07T09:53:10Z</time>
   </trkpt>
   <trkpt lat="48.7477320" lon="2.2936120">
    <ele>54.2</ele>
    <time>2020-11-07T09:53:11Z</time>
   </trkpt>
   <trkpt lat="48.7477140" lon="2.2936050">
    <ele>54.1</ele>
    <time>2020-11-07T09:53:12Z</time>
   </trkpt>
   <trkpt lat="48.7476890" lon="2.2935890">
    <ele>54.1</ele>
    <time>2020-11-07T09:53:13Z</time>
   </trkpt>
   <trkpt lat="48.7476700" lon="2.2935700">
    <ele>54.1</ele>
    <time>2020-11-07T09:53:14Z</time>
   </trkpt>
   <trkpt lat="48.7476410" lon="2.2935340">
    <ele>54.0</ele>
    <time>2020-11-07T09:53:16Z</time>
   </trkpt>
   <trkpt lat="48.7476130" lon="2.2935050">
    <ele>54.0</ele>
    <time>2020-11-07T09:53:17Z</time>
   </trkpt>
   <trkpt lat="48.7475850" lon="2.2934740">
    <ele>54.0</ele>
    <time>2020-11-07T09:53:18Z</time>
   </trkpt>
   <trkpt lat="48.7475630" lon="2.2934400">
    <ele>53.9</ele>
    <time>2020-11-07T09:53:19Z</time>
   </trkpt>
   <trkpt lat="48.7475360" lon="2.2933910">
    <ele>53.9</ele>
    <time>2020-11-07T09:53:20Z</time>
   </trkpt>
   <trkpt lat="48.7475240" lon="2.2933740">
    <ele>53.9</ele>
    <time>2020-11-07T09:53:21Z</time>
   </trkpt>
   <trkpt lat="48.7475000" lon="2.2933350">
    <ele>53.8</ele>
    <time>2020-11-07T09:53:23Z</time>
   </trkpt>
   <trkpt lat="48.7474670" lon="2.2933060">
    <ele>53.8</ele>
    <time>2020-11-07T09:53:24Z</time>
   </trkpt>
   <trkpt lat="48.7474380" lon="2.2932850">
    <ele>53.8</ele>
    <time>2020-11-07T09:53:25Z</time>
   </trkpt>
   <trkpt lat="48.7474060" lon="2.2932590">
    <ele>53.7</ele>
    <time>2020-11-07T09:53:26Z</time>
   </trkpt>
   <trkpt lat="48.7473640" lon="2.2932310">
    <ele>53.7</ele>
    <time>2020-11-07T09:53:28Z</time>
   </trkpt>
   <trkpt lat="48.7473440" lon="2.2932170">
    <ele>53.7</ele>
    <time>2020-11-07T09:53:29Z</time>
   </trkpt>
   <trkpt lat="48.7473150" lon="2.2931900">
    <ele>53.6</ele>
    <time>2020-11-07T09:53:30Z</time>
   </trkpt>
   <trkpt lat="48.7472900" lon="2.2931540">
    <ele>53.6</ele>
    <time>2020-11-07T09:53:32Z</time>
   </trkpt>
   <trkpt lat="48.7472650" lon="2.2931190">
    <ele>53.5</ele>
    <time>2020-11-07T09:53:33Z</time>
   </trkpt>
   <trkpt lat="48.7472340" lon="2.2930720">
    <ele>53.5</ele>
    <time>2020-11-07T09:53:34Z</time>
   </trkpt>
   <trkpt lat="48.7472090" lon="2.2930400">
    <ele>53.4</ele>
    <time>2020-11-07T09:53:36Z</time>
   </trkpt>
   <trkpt lat="48.7471790" lon="2.2930060">
    <ele>53.4</ele>
    <time>2020-11-07T09:53:37Z</time>
   </trkpt>
   <trkpt lat="48.7471500" lon="2.2929720">
    <ele>53.3</ele>
    <time>2020-11-07T09:53:38Z</time>
   </trkpt>
   <trkpt lat="48.7471150" lon="2.2929350">
    <ele>53.3</ele>
    <time>2020-11-07T09:53:39Z</time>
   </trkpt>
   <trkpt lat="48.7470840" lon="2.2929050">
    <ele>53.3</ele>
    <time>2020-11-07T09:53:40Z</time>
   </trkpt>
   <trkpt lat="48.7470570" lon="2.2928750">
    <ele>53.3</ele>
    <time>2020-11-07T09:53:41Z</time>
   </trkpt>
   <trkpt lat="48.7470180" lon="2.2928430">
    <ele>53.3</ele>
    <time>2020-11-07T09:53:42Z</time>
   </trkpt>
   <trkpt lat="48.7469840" lon="2.2928150">
    <ele>53.3</ele>
    <time>2020-11-07T09:53:43Z</time>
   </trkpt>
   <trkpt lat="48.7469560" lon="2.2927910">
    <ele>53.3</ele>
    <time>2020-11-07T09:53:45Z</time>
   </trkpt>
   <trkpt lat="48.7469310" lon="2.2927730">
    <ele>53.3</ele>
    <time>2020-11-07T09:53:46Z</time>
   </trkpt>
   <trkpt lat="48.7468990" lon="2.2927420">
    <ele>53.3</ele>
    <time>2020-11-07T09:53:47Z</time>
   </trkpt>
   <trkpt lat="48.7468680" lon="2.2927160">
    <ele>53.3</ele>
    <time>2020-11-07T09:53:48Z</time>
   </trkpt>
   <trkpt lat="48.7468440" lon="2.2926900">
    <ele>53.3</ele>
    <time>2020-11-07T09:53:49Z</time>
   </trkpt>
   <trkpt lat="48.7468180" lon="2.2926580">
    <ele>53.3</ele>
    <time>2020-11-07T09:53:50Z</time>
   </trkpt>
   <trkpt lat="48.7467960" lon="2.2926280">
    <ele>53.3</ele>
    <time>2020-11-07T09:53:51Z</time>
   </trkpt>
   <trkpt lat="48.7467730" lon="2.2925930">
    <ele>53.3</ele>
    <time>2020-11-07T09:53:52Z</time>
   </trkpt>
   <trkpt lat="48.7467530" lon="2.2925610">
    <ele>53.3</ele>
    <time>2020-11-07T09:53:53Z</time>
   </trkpt>
   <trkpt lat="48.7467260" lon="2.2925290">
    <ele>53.3</ele>
    <time>2020-11-07T09:53:55Z</time>
   </trkpt>
   <trkpt lat="48.7466980" lon="2.2924950">
    <ele>53.2</ele>
    <time>2020-11-07T09:53:56Z</time>
   </trkpt>
   <trkpt lat="48.7466710" lon="2.2924520">
    <ele>53.2</ele>
    <time>2020-11-07T09:53:57Z</time>
   </trkpt>
   <trkpt lat="48.7466400" lon="2.2924040">
    <ele>53.2</ele>
    <time>2020-11-07T09:53:58Z</time>
   </trkpt>
   <trkpt lat="48.7466140" lon="2.2923650">
    <ele>53.2</ele>
    <time>2020-11-07T09:53:59Z</time>
   </trkpt>
   <trkpt lat="48.7465840" lon="2.2923330">
    <ele>53.2</ele>
    <time>2020-11-07T09:54:00Z</time>
   </trkpt>
   <trkpt lat="48.7465580" lon="2.2923090">
    <ele>53.2</ele>
    <time>2020-11-07T09:54:01Z</time>
   </trkpt>
   <trkpt lat="48.7465250" lon="2.2922740">
    <ele>53.2</ele>
    <time>2020-11-07T09:54:03Z</time>
   </trkpt>
   <trkpt lat="48.7464700" lon="2.2922310">
    <ele>53.2</ele>
    <time>2020-11-07T09:54:05Z</time>
   </trkpt>
   <trkpt lat="48.7464380" lon="2.2922040">
    <ele>53.2</ele>
    <time>2020-11-07T09:54:06Z</time>
   </trkpt>
   <trkpt lat="48.7464010" lon="2.2921780">
    <ele>53.2</ele>
    <time>2020-11-07T09:54:08Z</time>
   </trkpt>
   <trkpt lat="48.7463670" lon="2.2921570">
    <ele>53.3</ele>
    <time>2020-11-07T09:54:09Z</time>
   </trkpt>
   <trkpt lat="48.7463580" lon="2.2921510">
    <ele>53.3</ele>
    <time>2020-11-07T09:54:10Z</time>
   </trkpt>
   <trkpt lat="48.7463210" lon="2.2921240">
    <ele>53.3</ele>
    <time>2020-11-07T09:54:11Z</time>
   </trkpt>
   <trkpt lat="48.7463070" lon="2.2921140">
    <ele>53.3</ele>
    <time>2020-11-07T09:54:12Z</time>
   </trkpt>
   <trkpt lat="48.7462860" lon="2.2921000">
    <ele>53.4</ele>
    <time>2020-11-07T09:54:13Z</time>
   </trkpt>
   <trkpt lat="48.7462550" lon="2.2920740">
    <ele>53.4</ele>
    <time>2020-11-07T09:54:15Z</time>
   </trkpt>
   <trkpt lat="48.7462260" lon="2.2920350">
    <ele>53.5</ele>
    <time>2020-11-07T09:54:16Z</time>
   </trkpt>
   <trkpt lat="48.7461900" lon="2.2919790">
    <ele>53.6</ele>
    <time>2020-11-07T09:54:18Z</time>
   </trkpt>
   <trkpt lat="48.7461690" lon="2.2919370">
    <ele>53.6</ele>
    <time>2020-11-07T09:54:20Z</time>
   </trkpt>
   <trkpt lat="48.7461500" lon="2.2919020">
    <ele>53.6</ele>
    <time>2020-11-07T09:54:21Z</time>
   </trkpt>
   <trkpt lat="48.7461430" lon="2.2918760">
    <ele>53.6</ele>
    <time>2020-11-07T09:54:22Z</time>
   </trkpt>
   <trkpt lat="48.7461410" lon="2.2918500">
    <ele>53.6</ele>
    <time>2020-11-07T09:54:23Z</time>
   </trkpt>
   <trkpt lat="48.7461340" lon="2.2918110">
    <ele>53.6</ele>
    <time>2020-11-07T09:54:24Z</time>
   </trkpt>
   <trkpt lat="48.7461290" lon="2.2917980">
    <ele>53.6</ele>
    <time>2020-11-07T09:54:25Z</time>
   </trkpt>
   <trkpt lat="48.7461190" lon="2.2917520">
    <ele>53.6</ele>
    <time>2020-11-07T09:54:26Z</time>
   </trkpt>
   <trkpt lat="48.7461150" lon="2.2917350">
    <ele>53.6</ele>
    <time>2020-11-07T09:54:27Z</time>
   </trkpt>
   <trkpt lat="48.7460980" lon="2.2916780">
    <ele>53.6</ele>
    <time>2020-11-07T09:54:28Z</time>
   </trkpt>
   <trkpt lat="48.7460910" lon="2.2916580">
    <ele>53.6</ele>
    <time>2020-11-07T09:54:29Z</time>
   </trkpt>
   <trkpt lat="48.7460820" lon="2.2915990">
    <ele>53.6</ele>
    <time>2020-11-07T09:54:30Z</time>
   </trkpt>
   <trkpt lat="48.7460800" lon="2.2915770">
    <ele>53.6</ele>
    <time>2020-11-07T09:54:31Z</time>
   </trkpt>
   <trkpt lat="48.7460750" lon="2.2915350">
    <ele>53.6</ele>
    <time>2020-11-07T09:54:33Z</time>
   </trkpt>
   <trkpt lat="48.7460660" lon="2.2914630">
    <ele>53.6</ele>
    <time>2020-11-07T09:54:34Z</time>
   </trkpt>
   <trkpt lat="48.7460640" lon="2.2914110">
    <ele>53.6</ele>
    <time>2020-11-07T09:54:35Z</time>
   </trkpt>
   <trkpt lat="48.7460590" lon="2.2913610">
    <ele>53.6</ele>
    <time>2020-11-07T09:54:37Z</time>
   </trkpt>
   <trkpt lat="48.7460510" lon="2.2913190">
    <ele>53.6</ele>
    <time>2020-11-07T09:54:38Z</time>
   </trkpt>
   <trkpt lat="48.7460390" lon="2.2912780">
    <ele>53.6</ele>
    <time>2020-11-07T09:54:39Z</time>
   </trkpt>
   <trkpt lat="48.7460270" lon="2.2912350">
    <ele>53.6</ele>
    <time>2020-11-07T09:54:40Z</time>
   </trkpt>
   <trkpt lat="48.7460190" lon="2.2911910">
    <ele>53.6</ele>
    <time>2020-11-07T09:54:41Z</time>
   </trkpt>
   <trkpt lat="48.7460080" lon="2.2911210">
    <ele>53.6</ele>
    <time>2020-11-07T09:54:43Z</time>
   </trkpt>
   <trkpt lat="48.7460060" lon="2.2910980">
    <ele>53.6</ele>
    <time>2020-11-07T09:54:44Z</time>
   </trkpt>
   <trkpt lat="48.7460030" lon="2.2910750">
    <ele>53.7</ele>
    <time>2020-11-07T09:54:45Z</time>
   </trkpt>
   <trkpt lat="48.7459880" lon="2.2910160">
    <ele>53.7</ele>
    <time>2020-11-07T09:54:47Z</time>
   </trkpt>
   <trkpt lat="48.7459740" lon="2.2909720">
    <ele>53.7</ele>
    <time>2020-11-07T09:54:48Z</time>
   </trkpt>
   <trkpt lat="48.7459630" lon="2.2909330">
    <ele>53.7</ele>
    <time>2020-11-07T09:54:49Z</time>
   </trkpt>
   <trkpt lat="48.7459530" lon="2.2908820">
    <ele>53.7</ele>
    <time>2020-11-07T09:54:50Z</time>
   </trkpt>
   <trkpt lat="48.7459500" lon="2.2908640">
    <ele>53.7</ele>
    <time>2020-11-07T09:54:51Z</time>
   </trkpt>
   <trkpt lat="48.7459400" lon="2.2908060">
    <ele>53.7</ele>
    <time>2020-11-07T09:54:52Z</time>
   </trkpt>
   <trkpt lat="48.7459350" lon="2.2907870">
    <ele>53.7</ele>
    <time>2020-11-07T09:54:53Z</time>
   </trkpt>
   <trkpt lat="48.7459150" lon="2.2907100">
    <ele>53.7</ele>
    <time>2020-11-07T09:54:55Z</time>
   </trkpt>
   <trkpt lat="48.7459070" lon="2.2906840">
    <ele>53.7</ele>
    <time>2020-11-07T09:54:56Z</time>
   </trkpt>
   <trkpt lat="48.7459000" lon="2.2906580">
    <ele>53.7</ele>
    <time>2020-11-07T09:54:57Z</time>
   </trkpt>
   <trkpt lat="48.7458870" lon="2.2906080">
    <ele>53.7</ele>
    <time>2020-11-07T09:54:58Z</time>
   </trkpt>
   <trkpt lat="48.7458750" lon="2.2905620">
    <ele>53.7</ele>
    <time>2020-11-07T09:54:59Z</time>
   </trkpt>
   <trkpt lat="48.7458660" lon="2.2905200">
    <ele>53.7</ele>
    <time>2020-11-07T09:55:00Z</time>
   </trkpt>
   <trkpt lat="48.7458550" lon="2.2904690">
    <ele>53.7</ele>
    <time>2020-11-07T09:55:01Z</time>
   </trkpt>
   <trkpt lat="48.7458460" lon="2.2904230">
    <ele>53.7</ele>
    <time>2020-11-07T09:55:03Z</time>
   </trkpt>
   <trkpt lat="48.7458350" lon="2.2903720">
    <ele>53.7</ele>
    <time>2020-11-07T09:55:04Z</time>
   </trkpt>
   <trkpt lat="48.7458260" lon="2.2903320">
    <ele>53.7</ele>
    <time>2020-11-07T09:55:05Z</time>
   </trkpt>
   <trkpt lat="48.7458140" lon="2.2902740">
    <ele>53.7</ele>
    <time>2020-11-07T09:55:06Z</time>
   </trkpt>
   <trkpt lat="48.7458090" lon="2.2902550">
    <ele>53.7</ele>
    <time>2020-11-07T09:55:07Z</time>
   </trkpt>
   <trkpt lat="48.7457900" lon="2.2901880">
    <ele>53.7</ele>
    <time>2020-11-07T09:55:09Z</time>
   </trkpt>
   <trkpt lat="48.7457830" lon="2.2901640">
    <ele>53.7</ele>
    <time>2020-11-07T09:55:10Z</time>
   </trkpt>
   <trkpt lat="48.7457750" lon="2.2901390">
    <ele>53.7</ele>
    <time>2020-11-07T09:55:11Z</time>
   </trkpt>
   <trkpt lat="48.7457570" lon="2.2900870">
    <ele>53.7</ele>
    <time>2020-11-07T09:55:12Z</time>
   </trkpt>
   <trkpt lat="48.7457500" lon="2.2900700">
    <ele>53.8</ele>
    <time>2020-11-07T09:55:13Z</time>
   </trkpt>
   <trkpt lat="48.7457260" lon="2.2900140">
    <ele>53.8</ele>
    <time>2020-11-07T09:55:15Z</time>
   </trkpt>
   <trkpt lat="48.7457180" lon="2.2899950">
    <ele>53.8</ele>
    <time>2020-11-07T09:55:16Z</time>
   </trkpt>
   <trkpt lat="48.7457090" lon="2.2899760">
    <ele>53.8</ele>
    <time>2020-11-07T09:55:17Z</time>
   </trkpt>
   <trkpt lat="48.7456910" lon="2.2899410">
    <ele>53.8</ele>
    <time>2020-11-07T09:55:18Z</time>
   </trkpt>
   <trkpt lat="48.7456770" lon="2.2899040">
    <ele>53.8</ele>
    <time>2020-11-07T09:55:19Z</time>
   </trkpt>
   <trkpt lat="48.7456410" lon="2.2898130">
    <ele>53.8</ele>
    <time>2020-11-07T09:55:21Z</time>
   </trkpt>
   <trkpt lat="48.7456210" lon="2.2897700">
    <ele>53.8</ele>
    <time>2020-11-07T09:55:22Z</time>
   </trkpt>
   <trkpt lat="48.7455980" lon="2.2897320">
    <ele>53.8</ele>
    <time>2020-11-07T09:55:23Z</time>
   </trkpt>
   <trkpt lat="48.7455780" lon="2.2896890">
    <ele>53.8</ele>
    <time>2020-11-07T09:55:24Z</time>
   </trkpt>
   <trkpt lat="48.7455720" lon="2.2896750">
    <ele>53.8</ele>
    <time>2020-11-07T09:55:25Z</time>
   </trkpt>
   <trkpt lat="48.7455520" lon="2.2896410">
    <ele>53.8</ele>
    <time>2020-11-07T09:55:27Z</time>
   </trkpt>
   <trkpt lat="48.7455360" lon="2.2896040">
    <ele>53.9</ele>
    <time>2020-11-07T09:55:28Z</time>
   </trkpt>
   <trkpt lat="48.7455190" lon="2.2895580">
    <ele>53.9</ele>
    <time>2020-11-07T09:55:29Z</time>
   </trkpt>
   <trkpt lat="48.7454980" lon="2.2895050">
    <ele>53.9</ele>
    <time>2020-11-07T09:55:30Z</time>
   </trkpt>
   <trkpt lat="48.7454730" lon="2.2894440">
    <ele>53.9</ele>
    <time>2020-11-07T09:55:31Z</time>
   </trkpt>
   <trkpt lat="48.7454550" lon="2.2893950">
    <ele>53.9</ele>
    <time>2020-11-07T09:55:32Z</time>
   </trkpt>
   <trkpt lat="48.7454350" lon="2.2893440">
    <ele>53.9</ele>
    <time>2020-11-07T09:55:33Z</time>
   </trkpt>
   <trkpt lat="48.7454150" lon="2.2892960">
    <ele>54.0</ele>
    <time>2020-11-07T09:55:34Z</time>
   </trkpt>
   <trkpt lat="48.7453940" lon="2.2892520">
    <ele>54.0</ele>
    <time>2020-11-07T09:55:35Z</time>
   </trkpt>
   <trkpt lat="48.7453730" lon="2.2892060">
    <ele>54.0</ele>
    <time>2020-11-07T09:55:36Z</time>
   </trkpt>
   <trkpt lat="48.7453510" lon="2.2891650">
    <ele>54.1</ele>
    <time>2020-11-07T09:55:37Z</time>
   </trkpt>
   <trkpt lat="48.7453310" lon="2.2891200">
    <ele>54.1</ele>
    <time>2020-11-07T09:55:38Z</time>
   </trkpt>
   <trkpt lat="48.7453060" lon="2.2890580">
    <ele>54.1</ele>
    <time>2020-11-07T09:55:40Z</time>
   </trkpt>
   <trkpt lat="48.7452800" lon="2.2890000">
    <ele>54.2</ele>
    <time>2020-11-07T09:55:41Z</time>
   </trkpt>
   <trkpt lat="48.7452600" lon="2.2889590">
    <ele>54.2</ele>
    <time>2020-11-07T09:55:42Z</time>
   </trkpt>
   <trkpt lat="48.7452400" lon="2.2889190">
    <ele>54.2</ele>
    <time>2020-11-07T09:55:43Z</time>
   </trkpt>
   <trkpt lat="48.7452240" lon="2.2888790">
    <ele>54.3</ele>
    <time>2020-11-07T09:55:44Z</time>
   </trkpt>
   <trkpt lat="48.7452050" lon="2.2888340">
    <ele>54.3</ele>
    <time>2020-11-07T09:55:46Z</time>
   </trkpt>
   <trkpt lat="48.7451860" lon="2.2888020">
    <ele>54.3</ele>
    <time>2020-11-07T09:55:47Z</time>
   </trkpt>
   <trkpt lat="48.7451690" lon="2.2887690">
    <ele>54.3</ele>
    <time>2020-11-07T09:55:48Z</time>
   </trkpt>
   <trkpt lat="48.7451530" lon="2.2887340">
    <ele>54.4</ele>
    <time>2020-11-07T09:55:49Z</time>
   </trkpt>
   <trkpt lat="48.7451320" lon="2.2886930">
    <ele>54.4</ele>
    <time>2020-11-07T09:55:50Z</time>
   </trkpt>
   <trkpt lat="48.7451100" lon="2.2886430">
    <ele>54.4</ele>
    <time>2020-11-07T09:55:51Z</time>
   </trkpt>
   <trkpt lat="48.7451030" lon="2.2886240">
    <ele>54.4</ele>
    <time>2020-11-07T09:55:52Z</time>
   </trkpt>
   <trkpt lat="48.7450910" lon="2.2885900">
    <ele>54.5</ele>
    <time>2020-11-07T09:55:53Z</time>
   </trkpt>
   <trkpt lat="48.7450770" lon="2.2885530">
    <ele>54.5</ele>
    <time>2020-11-07T09:55:55Z</time>
   </trkpt>
   <trkpt lat="48.7450560" lon="2.2885100">
    <ele>54.5</ele>
    <time>2020-11-07T09:55:56Z</time>
   </trkpt>
   <trkpt lat="48.7450380" lon="2.2884550">
    <ele>54.6</ele>
    <time>2020-11-07T09:55:57Z</time>
   </trkpt>
   <trkpt lat="48.7450300" lon="2.2884370">
    <ele>54.6</ele>
    <time>2020-11-07T09:55:58Z</time>
   </trkpt>
   <trkpt lat="48.7450130" lon="2.2883920">
    <ele>54.6</ele>
    <time>2020-11-07T09:55:59Z</time>
   </trkpt>
   <trkpt lat="48.7449970" lon="2.2883390">
    <ele>54.7</ele>
    <time>2020-11-07T09:56:01Z</time>
   </trkpt>
   <trkpt lat="48.7449860" lon="2.2882950">
    <ele>54.7</ele>
    <time>2020-11-07T09:56:02Z</time>
   </trkpt>
   <trkpt lat="48.7449680" lon="2.2882380">
    <ele>54.7</ele>
    <time>2020-11-07T09:56:03Z</time>
   </trkpt>
   <trkpt lat="48.7449520" lon="2.2881930">
    <ele>54.8</ele>
    <time>2020-11-07T09:56:04Z</time>
   </trkpt>
   <trkpt lat="48.7449380" lon="2.2881470">
    <ele>54.8</ele>
    <time>2020-11-07T09:56:05Z</time>
   </trkpt>
   <trkpt lat="48.7449330" lon="2.2881040">
    <ele>54.9</ele>
    <time>2020-11-07T09:56:07Z</time>
   </trkpt>
   <trkpt lat="48.7449380" lon="2.2880580">
    <ele>55.0</ele>
    <time>2020-11-07T09:56:08Z</time>
   </trkpt>
   <trkpt lat="48.7449610" lon="2.2880150">
    <ele>55.0</ele>
    <time>2020-11-07T09:56:09Z</time>
   </trkpt>
   <trkpt lat="48.7449670" lon="2.2880010">
    <ele>54.9</ele>
    <time>2020-11-07T09:56:10Z</time>
   </trkpt>
   <trkpt lat="48.7449950" lon="2.2879600">
    <ele>54.9</ele>
    <time>2020-11-07T09:56:11Z</time>
   </trkpt>
   <trkpt lat="48.7450060" lon="2.2879470">
    <ele>54.9</ele>
    <time>2020-11-07T09:56:12Z</time>
   </trkpt>
   <trkpt lat="48.7450410" lon="2.2879100">
    <ele>54.9</ele>
    <time>2020-11-07T09:56:14Z</time>
   </trkpt>
   <trkpt lat="48.7450520" lon="2.2878980">
    <ele>54.9</ele>
    <time>2020-11-07T09:56:15Z</time>
   </trkpt>
   <trkpt lat="48.7450640" lon="2.2878870">
    <ele>54.9</ele>
    <time>2020-11-07T09:56:16Z</time>
   </trkpt>
   <trkpt lat="48.7450880" lon="2.2878620">
    <ele>55.0</ele>
    <time>2020-11-07T09:56:17Z</time>
   </trkpt>
   <trkpt lat="48.7450960" lon="2.2878530">
    <ele>55.0</ele>
    <time>2020-11-07T09:56:18Z</time>
   </trkpt>
   <trkpt lat="48.7451290" lon="2.2878280">
    <ele>55.0</ele>
    <time>2020-11-07T09:56:19Z</time>
   </trkpt>
   <trkpt lat="48.7451400" lon="2.2878200">
    <ele>55.0</ele>
    <time>2020-11-07T09:56:20Z</time>
   </trkpt>
   <trkpt lat="48.7451740" lon="2.2877940">
    <ele>55.0</ele>
    <time>2020-11-07T09:56:21Z</time>
   </trkpt>
   <trkpt lat="48.7451850" lon="2.2877860">
    <ele>55.0</ele>
    <time>2020-11-07T09:56:22Z</time>
   </trkpt>
   <trkpt lat="48.7452090" lon="2.2877660">
    <ele>55.1</ele>
    <time>2020-11-07T09:56:23Z</time>
   </trkpt>
   <trkpt lat="48.7452380" lon="2.2877400">
    <ele>55.1</ele>
    <time>2020-11-07T09:56:25Z</time>
   </trkpt>
   <trkpt lat="48.7452650" lon="2.2877180">
    <ele>55.2</ele>
    <time>2020-11-07T09:56:26Z</time>
   </trkpt>
   <trkpt lat="48.7453000" lon="2.2877020">
    <ele>55.2</ele>
    <time>2020-11-07T09:56:27Z</time>
   </trkpt>
   <trkpt lat="48.7453130" lon="2.2876970">
    <ele>55.2</ele>
    <time>2020-11-07T09:56:28Z</time>
   </trkpt>
   <trkpt lat="48.7453370" lon="2.2876970">
    <ele>55.2</ele>
    <time>2020-11-07T09:56:29Z</time>
   </trkpt>
   <trkpt lat="48.7453630" lon="2.2877090">
    <ele>55.3</ele>
    <time>2020-11-07T09:56:31Z</time>
   </trkpt>
   <trkpt lat="48.7453870" lon="2.2877320">
    <ele>55.4</ele>
    <time>2020-11-07T09:56:32Z</time>
   </trkpt>
   <trkpt lat="48.7454180" lon="2.2877720">
    <ele>55.4</ele>
    <time>2020-11-07T09:56:33Z</time>
   </trkpt>
   <trkpt lat="48.7454280" lon="2.2877860">
    <ele>55.4</ele>
    <time>2020-11-07T09:56:34Z</time>
   </trkpt>
   <trkpt lat="48.7454590" lon="2.2878330">
    <ele>55.5</ele>
    <time>2020-11-07T09:56:35Z</time>
   </trkpt>
   <trkpt lat="48.7454700" lon="2.2878530">
    <ele>55.5</ele>
    <time>2020-11-07T09:56:36Z</time>
   </trkpt>
   <trkpt lat="48.7454950" lon="2.2878920">
    <ele>55.5</ele>
    <time>2020-11-07T09:56:38Z</time>
   </trkpt>
   <trkpt lat="48.7455150" lon="2.2879310">
    <ele>55.5</ele>
    <time>2020-11-07T09:56:39Z</time>
   </trkpt>
   <trkpt lat="48.7455220" lon="2.2879460">
    <ele>55.5</ele>
    <time>2020-11-07T09:56:40Z</time>
   </trkpt>
   <trkpt lat="48.7455480" lon="2.2879830">
    <ele>55.5</ele>
    <time>2020-11-07T09:56:41Z</time>
   </trkpt>
   <trkpt lat="48.7455550" lon="2.2879940">
    <ele>55.5</ele>
    <time>2020-11-07T09:56:42Z</time>
   </trkpt>
   <trkpt lat="48.7455760" lon="2.2880370">
    <ele>55.5</ele>
    <time>2020-11-07T09:56:43Z</time>
   </trkpt>
   <trkpt lat="48.7455830" lon="2.2880540">
    <ele>55.5</ele>
    <time>2020-11-07T09:56:44Z</time>
   </trkpt>
   <trkpt lat="48.7456000" lon="2.2880870">
    <ele>55.5</ele>
    <time>2020-11-07T09:56:46Z</time>
   </trkpt>
   <trkpt lat="48.7456190" lon="2.2881200">
    <ele>55.5</ele>
    <time>2020-11-07T09:56:47Z</time>
   </trkpt>
   <trkpt lat="48.7456370" lon="2.2881540">
    <ele>55.5</ele>
    <time>2020-11-07T09:56:48Z</time>
   </trkpt>
   <trkpt lat="48.7456560" lon="2.2882080">
    <ele>55.5</ele>
    <time>2020-11-07T09:56:49Z</time>
   </trkpt>
   <trkpt lat="48.7456620" lon="2.2882260">
    <ele>55.5</ele>
    <time>2020-11-07T09:56:50Z</time>
   </trkpt>
   <trkpt lat="48.7456770" lon="2.2882730">
    <ele>55.5</ele>
    <time>2020-11-07T09:56:51Z</time>
   </trkpt>
   <trkpt lat="48.7456900" lon="2.2883170">
    <ele>55.4</ele>
    <time>2020-11-07T09:56:52Z</time>
   </trkpt>
   <trkpt lat="48.7457040" lon="2.2883640">
    <ele>55.3</ele>
    <time>2020-11-07T09:56:53Z</time>
   </trkpt>
   <trkpt lat="48.7457210" lon="2.2884130">
    <ele>55.4</ele>
    <time>2020-11-07T09:56:54Z</time>
   </trkpt>
   <trkpt lat="48.7457350" lon="2.2884600">
    <ele>55.4</ele>
    <time>2020-11-07T09:56:55Z</time>
   </trkpt>
   <trkpt lat="48.7457500" lon="2.2885020">
    <ele>55.4</ele>
    <time>2020-11-07T09:56:57Z</time>
   </trkpt>
   <trkpt lat="48.7457600" lon="2.2885430">
    <ele>55.4</ele>
    <time>2020-11-07T09:56:58Z</time>
   </trkpt>
   <trkpt lat="48.7457740" lon="2.2886010">
    <ele>55.4</ele>
    <time>2020-11-07T09:56:59Z</time>
   </trkpt>
   <trkpt lat="48.7457790" lon="2.2886210">
    <ele>55.4</ele>
    <time>2020-11-07T09:57:00Z</time>
   </trkpt>
   <trkpt lat="48.7457950" lon="2.2886790">
    <ele>55.4</ele>
    <time>2020-11-07T09:57:01Z</time>
   </trkpt>
   <trkpt lat="48.7458010" lon="2.2887050">
    <ele>55.4</ele>
    <time>2020-11-07T09:57:02Z</time>
   </trkpt>
   <trkpt lat="48.7458100" lon="2.2887480">
    <ele>55.4</ele>
    <time>2020-11-07T09:57:03Z</time>
   </trkpt>
   <trkpt lat="48.7458210" lon="2.2888050">
    <ele>55.4</ele>
    <time>2020-11-07T09:57:05Z</time>
   </trkpt>
   <trkpt lat="48.7458300" lon="2.2888450">
    <ele>55.4</ele>
    <time>2020-11-07T09:57:06Z</time>
   </trkpt>
   <trkpt lat="48.7458420" lon="2.2889020">
    <ele>55.5</ele>
    <time>2020-11-07T09:57:07Z</time>
   </trkpt>
   <trkpt lat="48.7458470" lon="2.2889220">
    <ele>55.5</ele>
    <time>2020-11-07T09:57:08Z</time>
   </trkpt>
   <trkpt lat="48.7458600" lon="2.2889670">
    <ele>55.5</ele>
    <time>2020-11-07T09:57:09Z</time>
   </trkpt>
   <trkpt lat="48.7458810" lon="2.2890180">
    <ele>55.5</ele>
    <time>2020-11-07T09:57:10Z</time>
   </trkpt>
   <trkpt lat="48.7458890" lon="2.2890360">
    <ele>55.5</ele>
    <time>2020-11-07T09:57:11Z</time>
   </trkpt>
   <trkpt lat="48.7459060" lon="2.2890830">
    <ele>55.6</ele>
    <time>2020-11-07T09:57:12Z</time>
   </trkpt>
   <trkpt lat="48.7459220" lon="2.2891250">
    <ele>55.6</ele>
    <time>2020-11-07T09:57:13Z</time>
   </trkpt>
   <trkpt lat="48.7459360" lon="2.2891620">
    <ele>55.6</ele>
    <time>2020-11-07T09:57:14Z</time>
   </trkpt>
   <trkpt lat="48.7459570" lon="2.2892130">
    <ele>55.7</ele>
    <time>2020-11-07T09:57:16Z</time>
   </trkpt>
   <trkpt lat="48.7459730" lon="2.2892470">
    <ele>55.7</ele>
    <time>2020-11-07T09:57:17Z</time>
   </trkpt>
   <trkpt lat="48.7459960" lon="2.2892900">
    <ele>55.7</ele>
    <time>2020-11-07T09:57:18Z</time>
   </trkpt>
   <trkpt lat="48.7460040" lon="2.2893070">
    <ele>55.7</ele>
    <time>2020-11-07T09:57:19Z</time>
   </trkpt>
   <trkpt lat="48.7460330" lon="2.2893420">
    <ele>55.8</ele>
    <time>2020-11-07T09:57:21Z</time>
   </trkpt>
   <trkpt lat="48.7460560" lon="2.2893610">
    <ele>55.8</ele>
    <time>2020-11-07T09:57:22Z</time>
   </trkpt>
   <trkpt lat="48.7460790" lon="2.2893750">
    <ele>55.8</ele>
    <time>2020-11-07T09:57:24Z</time>
   </trkpt>
   <trkpt lat="48.7461090" lon="2.2894010">
    <ele>55.8</ele>
    <time>2020-11-07T09:57:25Z</time>
   </trkpt>
   <trkpt lat="48.7461190" lon="2.2894120">
    <ele>55.9</ele>
    <time>2020-11-07T09:57:26Z</time>
   </trkpt>
   <trkpt lat="48.7461460" lon="2.2894380">
    <ele>55.9</ele>
    <time>2020-11-07T09:57:27Z</time>
   </trkpt>
   <trkpt lat="48.7461540" lon="2.2894450">
    <ele>55.9</ele>
    <time>2020-11-07T09:57:28Z</time>
   </trkpt>
   <trkpt lat="48.7461640" lon="2.2894460">
    <ele>55.9</ele>
    <time>2020-11-07T09:57:29Z</time>
   </trkpt>
   <trkpt lat="48.7461720" lon="2.2894520">
    <ele>55.9</ele>
    <time>2020-11-07T09:57:30Z</time>
   </trkpt>
   <trkpt lat="48.7461820" lon="2.2894710">
    <ele>55.9</ele>
    <time>2020-11-07T09:57:31Z</time>
   </trkpt>
   <trkpt lat="48.7461950" lon="2.2894820">
    <ele>56.0</ele>
    <time>2020-11-07T09:57:32Z</time>
   </trkpt>
   <trkpt lat="48.7462100" lon="2.2894950">
    <ele>55.9</ele>
    <time>2020-11-07T09:57:33Z</time>
   </trkpt>
   <trkpt lat="48.7462250" lon="2.2895130">
    <ele>55.9</ele>
    <time>2020-11-07T09:57:35Z</time>
   </trkpt>
   <trkpt lat="48.7462340" lon="2.2895350">
    <ele>55.9</ele>
    <time>2020-11-07T09:57:36Z</time>
   </trkpt>
   <trkpt lat="48.7462470" lon="2.2895690">
    <ele>55.8</ele>
    <time>2020-11-07T09:57:37Z</time>
   </trkpt>
   <trkpt lat="48.7462570" lon="2.2896200">
    <ele>55.8</ele>
    <time>2020-11-07T09:57:39Z</time>
   </trkpt>
   <trkpt lat="48.7462650" lon="2.2896650">
    <ele>55.7</ele>
    <time>2020-11-07T09:57:40Z</time>
   </trkpt>
   <trkpt lat="48.7462750" lon="2.2897170">
    <ele>55.7</ele>
    <time>2020-11-07T09:57:41Z</time>
   </trkpt>
   <trkpt lat="48.7462900" lon="2.2897800">
    <ele>55.6</ele>
    <time>2020-11-07T09:57:42Z</time>
   </trkpt>
   <trkpt lat="48.7463040" lon="2.2898250">
    <ele>55.6</ele>
    <time>2020-11-07T09:57:43Z</time>
   </trkpt>
   <trkpt lat="48.7463200" lon="2.2898740">
    <ele>55.6</ele>
    <time>2020-11-07T09:57:44Z</time>
   </trkpt>
   <trkpt lat="48.7463380" lon="2.2899170">
    <ele>55.5</ele>
    <time>2020-11-07T09:57:45Z</time>
   </trkpt>
   <trkpt lat="48.7463660" lon="2.2899810">
    <ele>55.5</ele>
    <time>2020-11-07T09:57:47Z</time>
   </trkpt>
   <trkpt lat="48.7463860" lon="2.2900270">
    <ele>55.5</ele>
    <time>2020-11-07T09:57:48Z</time>
   </trkpt>
   <trkpt lat="48.7464030" lon="2.2900770">
    <ele>55.5</ele>
    <time>2020-11-07T09:57:49Z</time>
   </trkpt>
   <trkpt lat="48.7464240" lon="2.2901190">
    <ele>55.4</ele>
    <time>2020-11-07T09:57:50Z</time>
   </trkpt>
   <trkpt lat="48.7464500" lon="2.2901670">
    <ele>55.4</ele>
    <time>2020-11-07T09:57:52Z</time>
   </trkpt>
   <trkpt lat="48.7464730" lon="2.2902130">
    <ele>55.4</ele>
    <time>2020-11-07T09:57:53Z</time>
   </trkpt>
   <trkpt lat="48.7464800" lon="2.2902310">
    <ele>55.4</ele>
    <time>2020-11-07T09:57:54Z</time>
   </trkpt>
   <trkpt lat="48.7464960" lon="2.2902680">
    <ele>55.4</ele>
    <time>2020-11-07T09:57:55Z</time>
   </trkpt>
   <trkpt lat="48.7465120" lon="2.2903050">
    <ele>55.4</ele>
    <time>2020-11-07T09:57:56Z</time>
   </trkpt>
   <trkpt lat="48.7465350" lon="2.2903470">
    <ele>55.3</ele>
    <time>2020-11-07T09:57:58Z</time>
   </trkpt>
   <trkpt lat="48.7465540" lon="2.2903790">
    <ele>55.3</ele>
    <time>2020-11-07T09:57:59Z</time>
   </trkpt>
   <trkpt lat="48.7465780" lon="2.2904080">
    <ele>55.3</ele>
    <time>2020-11-07T09:58:00Z</time>
   </trkpt>
   <trkpt lat="48.7466050" lon="2.2904480">
    <ele>55.3</ele>
    <time>2020-11-07T09:58:01Z</time>
   </trkpt>
   <trkpt lat="48.7466130" lon="2.2904600">
    <ele>55.3</ele>
    <time>2020-11-07T09:58:02Z</time>
   </trkpt>
   <trkpt lat="48.7466340" lon="2.2904960">
    <ele>55.3</ele>
    <time>2020-11-07T09:58:03Z</time>
   </trkpt>
   <trkpt lat="48.7466580" lon="2.2905420">
    <ele>55.3</ele>
    <time>2020-11-07T09:58:05Z</time>
   </trkpt>
   <trkpt lat="48.7466760" lon="2.2905760">
    <ele>55.3</ele>
    <time>2020-11-07T09:58:06Z</time>
   </trkpt>
   <trkpt lat="48.7467020" lon="2.2906200">
    <ele>55.3</ele>
    <time>2020-11-07T09:58:07Z</time>
   </trkpt>
   <trkpt lat="48.7467100" lon="2.2906350">
    <ele>55.3</ele>
    <time>2020-11-07T09:58:08Z</time>
   </trkpt>
   <trkpt lat="48.7467310" lon="2.2906770">
    <ele>55.3</ele>
    <time>2020-11-07T09:58:09Z</time>
   </trkpt>
   <trkpt lat="48.7467360" lon="2.2906900">
    <ele>55.3</ele>
    <time>2020-11-07T09:58:10Z</time>
   </trkpt>
   <trkpt lat="48.7467590" lon="2.2907320">
    <ele>55.3</ele>
    <time>2020-11-07T09:58:11Z</time>
   </trkpt>
   <trkpt lat="48.7467660" lon="2.2907450">
    <ele>55.3</ele>
    <time>2020-11-07T09:58:12Z</time>
   </trkpt>
   <trkpt lat="48.7467830" lon="2.2907800">
    <ele>55.3</ele>
    <time>2020-11-07T09:58:13Z</time>
   </trkpt>
   <trkpt lat="48.7468010" lon="2.2908170">
    <ele>55.3</ele>
    <time>2020-11-07T09:58:14Z</time>
   </trkpt>
   <trkpt lat="48.7468300" lon="2.2908730">
    <ele>55.3</ele>
    <time>2020-11-07T09:58:16Z</time>
   </trkpt>
   <trkpt lat="48.7468420" lon="2.2908900">
    <ele>55.3</ele>
    <time>2020-11-07T09:58:17Z</time>
   </trkpt>
   <trkpt lat="48.7468540" lon="2.2909080">
    <ele>55.3</ele>
    <time>2020-11-07T09:58:18Z</time>
   </trkpt>
   <trkpt lat="48.7468770" lon="2.2909490">
    <ele>55.3</ele>
    <time>2020-11-07T09:58:19Z</time>
   </trkpt>
   <trkpt lat="48.7468860" lon="2.2909650">
    <ele>55.3</ele>
    <time>2020-11-07T09:58:20Z</time>
   </trkpt>
   <trkpt lat="48.7469130" lon="2.2910140">
    <ele>55.3</ele>
    <time>2020-11-07T09:58:22Z</time>
   </trkpt>
   <trkpt lat="48.7469220" lon="2.2910320">
    <ele>55.3</ele>
    <time>2020-11-07T09:58:23Z</time>
   </trkpt>
   <trkpt lat="48.7469400" lon="2.2910690">
    <ele>55.4</ele>
    <time>2020-11-07T09:58:24Z</time>
   </trkpt>
   <trkpt lat="48.7469650" lon="2.2911110">
    <ele>55.4</ele>
    <time>2020-11-07T09:58:25Z</time>
   </trkpt>
   <trkpt lat="48.7469820" lon="2.2911420">
    <ele>55.4</ele>
    <time>2020-11-07T09:58:26Z</time>
   </trkpt>
   <trkpt lat="48.7470030" lon="2.2911900">
    <ele>55.4</ele>
    <time>2020-11-07T09:58:28Z</time>
   </trkpt>
   <trkpt lat="48.7470300" lon="2.2912330">
    <ele>55.4</ele>
    <time>2020-11-07T09:58:29Z</time>
   </trkpt>
   <trkpt lat="48.7470380" lon="2.2912500">
    <ele>55.4</ele>
    <time>2020-11-07T09:58:30Z</time>
   </trkpt>
   <trkpt lat="48.7470540" lon="2.2912860">
    <ele>55.4</ele>
    <time>2020-11-07T09:58:31Z</time>
   </trkpt>
   <trkpt lat="48.7470670" lon="2.2913100">
    <ele>55.4</ele>
    <time>2020-11-07T09:58:32Z</time>
   </trkpt>
   <trkpt lat="48.7470790" lon="2.2913170">
    <ele>55.4</ele>
    <time>2020-11-07T09:58:33Z</time>
   </trkpt>
   <trkpt lat="48.7470940" lon="2.2913420">
    <ele>55.4</ele>
    <time>2020-11-07T09:58:34Z</time>
   </trkpt>
   <trkpt lat="48.7471160" lon="2.2913800">
    <ele>55.5</ele>
    <time>2020-11-07T09:58:36Z</time>
   </trkpt>
   <trkpt lat="48.7471320" lon="2.2914200">
    <ele>55.5</ele>
    <time>2020-11-07T09:58:37Z</time>
   </trkpt>
   <trkpt lat="48.7471480" lon="2.2914610">
    <ele>55.5</ele>
    <time>2020-11-07T09:58:38Z</time>
   </trkpt>
   <trkpt lat="48.7471640" lon="2.2915010">
    <ele>55.5</ele>
    <time>2020-11-07T09:58:39Z</time>
   </trkpt>
   <trkpt lat="48.7471860" lon="2.2915490">
    <ele>55.5</ele>
    <time>2020-11-07T09:58:40Z</time>
   </trkpt>
   <trkpt lat="48.7472050" lon="2.2915820">
    <ele>55.5</ele>
    <time>2020-11-07T09:58:41Z</time>
   </trkpt>
   <trkpt lat="48.7472280" lon="2.2916210">
    <ele>55.5</ele>
    <time>2020-11-07T09:58:42Z</time>
   </trkpt>
   <trkpt lat="48.7472370" lon="2.2916350">
    <ele>55.5</ele>
    <time>2020-11-07T09:58:43Z</time>
   </trkpt>
   <trkpt lat="48.7472540" lon="2.2916730">
    <ele>55.5</ele>
    <time>2020-11-07T09:58:45Z</time>
   </trkpt>
   <trkpt lat="48.7472800" lon="2.2917300">
    <ele>55.5</ele>
    <time>2020-11-07T09:58:46Z</time>
   </trkpt>
   <trkpt lat="48.7472960" lon="2.2917770">
    <ele>55.5</ele>
    <time>2020-11-07T09:58:47Z</time>
   </trkpt>
   <trkpt lat="48.7473110" lon="2.2918290">
    <ele>55.5</ele>
    <time>2020-11-07T09:58:48Z</time>
   </trkpt>
   <trkpt lat="48.7473300" lon="2.2918850">
    <ele>55.5</ele>
    <time>2020-11-07T09:58:49Z</time>
   </trkpt>
   <trkpt lat="48.7473530" lon="2.2919260">
    <ele>55.5</ele>
    <time>2020-11-07T09:58:51Z</time>
   </trkpt>
   <trkpt lat="48.7473780" lon="2.2919680">
    <ele>55.5</ele>
    <time>2020-11-07T09:58:52Z</time>
   </trkpt>
   <trkpt lat="48.7474010" lon="2.2920120">
    <ele>55.6</ele>
    <time>2020-11-07T09:58:53Z</time>
   </trkpt>
   <trkpt lat="48.7474210" lon="2.2920530">
    <ele>55.6</ele>
    <time>2020-11-07T09:58:54Z</time>
   </trkpt>
   <trkpt lat="48.7474450" lon="2.2920940">
    <ele>55.6</ele>
    <time>2020-11-07T09:58:55Z</time>
   </trkpt>
   <trkpt lat="48.7474690" lon="2.2921230">
    <ele>55.6</ele>
    <time>2020-11-07T09:58:56Z</time>
   </trkpt>
   <trkpt lat="48.7474760" lon="2.2921320">
    <ele>55.7</ele>
    <time>2020-11-07T09:58:57Z</time>
   </trkpt>
   <trkpt lat="48.7474960" lon="2.2921590">
    <ele>55.7</ele>
    <time>2020-11-07T09:58:58Z</time>
   </trkpt>
   <trkpt lat="48.7475170" lon="2.2921900">
    <ele>55.7</ele>
    <time>2020-11-07T09:58:59Z</time>
   </trkpt>
   <trkpt lat="48.7475430" lon="2.2922260">
    <ele>55.8</ele>
    <time>2020-11-07T09:59:00Z</time>
   </trkpt>
   <trkpt lat="48.7475680" lon="2.2922670">
    <ele>55.8</ele>
    <time>2020-11-07T09:59:02Z</time>
   </trkpt>
   <trkpt lat="48.7475910" lon="2.2923020">
    <ele>55.9</ele>
    <time>2020-11-07T09:59:03Z</time>
   </trkpt>
   <trkpt lat="48.7476130" lon="2.2923330">
    <ele>55.9</ele>
    <time>2020-11-07T09:59:04Z</time>
   </trkpt>
   <trkpt lat="48.7476300" lon="2.2923660">
    <ele>56.0</ele>
    <time>2020-11-07T09:59:05Z</time>
   </trkpt>
   <trkpt lat="48.7476540" lon="2.2924060">
    <ele>56.0</ele>
    <time>2020-11-07T09:59:06Z</time>
   </trkpt>
   <trkpt lat="48.7476640" lon="2.2924220">
    <ele>56.0</ele>
    <time>2020-11-07T09:59:07Z</time>
   </trkpt>
   <trkpt lat="48.7476890" lon="2.2924720">
    <ele>56.1</ele>
    <time>2020-11-07T09:59:08Z</time>
   </trkpt>
   <trkpt lat="48.7476980" lon="2.2924900">
    <ele>56.1</ele>
    <time>2020-11-07T09:59:09Z</time>
   </trkpt>
   <trkpt lat="48.7477140" lon="2.2925260">
    <ele>56.1</ele>
    <time>2020-11-07T09:59:10Z</time>
   </trkpt>
   <trkpt lat="48.7477410" lon="2.2925900">
    <ele>56.1</ele>
    <time>2020-11-07T09:59:12Z</time>
   </trkpt>
   <trkpt lat="48.7477490" lon="2.2926100">
    <ele>56.2</ele>
    <time>2020-11-07T09:59:13Z</time>
   </trkpt>
   <trkpt lat="48.7477580" lon="2.2926310">
    <ele>56.2</ele>
    <time>2020-11-07T09:59:14Z</time>
   </trkpt>
   <trkpt lat="48.7477760" lon="2.2926700">
    <ele>56.1</ele>
    <time>2020-11-07T09:59:15Z</time>
   </trkpt>
   <trkpt lat="48.7477840" lon="2.2926830">
    <ele>56.1</ele>
    <time>2020-11-07T09:59:16Z</time>
   </trkpt>
   <trkpt lat="48.7478110" lon="2.2927300">
    <ele>56.1</ele>
    <time>2020-11-07T09:59:18Z</time>
   </trkpt>
   <trkpt lat="48.7478300" lon="2.2927620">
    <ele>56.1</ele>
    <time>2020-11-07T09:59:19Z</time>
   </trkpt>
   <trkpt lat="48.7478520" lon="2.2928000">
    <ele>56.1</ele>
    <time>2020-11-07T09:59:20Z</time>
   </trkpt>
   <trkpt lat="48.7478790" lon="2.2928480">
    <ele>56.0</ele>
    <time>2020-11-07T09:59:22Z</time>
   </trkpt>
   <trkpt lat="48.7479070" lon="2.2929000">
    <ele>55.9</ele>
    <time>2020-11-07T09:59:23Z</time>
   </trkpt>
   <trkpt lat="48.7479260" lon="2.2929330">
    <ele>55.9</ele>
    <time>2020-11-07T09:59:24Z</time>
   </trkpt>
   <trkpt lat="48.7479450" lon="2.2929690">
    <ele>55.9</ele>
    <time>2020-11-07T09:59:25Z</time>
   </trkpt>
   <trkpt lat="48.7479820" lon="2.2930330">
    <ele>55.8</ele>
    <time>2020-11-07T09:59:27Z</time>
   </trkpt>
   <trkpt lat="48.7480040" lon="2.2930810">
    <ele>55.7</ele>
    <time>2020-11-07T09:59:28Z</time>
   </trkpt>
   <trkpt lat="48.7480110" lon="2.2930960">
    <ele>55.7</ele>
    <time>2020-11-07T09:59:29Z</time>
   </trkpt>
   <trkpt lat="48.7480380" lon="2.2931380">
    <ele>55.6</ele>
    <time>2020-11-07T09:59:30Z</time>
   </trkpt>
   <trkpt lat="48.7480480" lon="2.2931540">
    <ele>55.5</ele>
    <time>2020-11-07T09:59:31Z</time>
   </trkpt>
   <trkpt lat="48.7480630" lon="2.2931880">
    <ele>55.5</ele>
    <time>2020-11-07T09:59:32Z</time>
   </trkpt>
   <trkpt lat="48.7480790" lon="2.2932350">
    <ele>55.4</ele>
    <time>2020-11-07T09:59:33Z</time>
   </trkpt>
   <trkpt lat="48.7481000" lon="2.2932950">
    <ele>55.3</ele>
    <time>2020-11-07T09:59:35Z</time>
   </trkpt>
   <trkpt lat="48.7481190" lon="2.2933480">
    <ele>55.3</ele>
    <time>2020-11-07T09:59:36Z</time>
   </trkpt>
   <trkpt lat="48.7481420" lon="2.2934100">
    <ele>55.1</ele>
    <time>2020-11-07T09:59:37Z</time>
   </trkpt>
   <trkpt lat="48.7481560" lon="2.2934510">
    <ele>55.1</ele>
    <time>2020-11-07T09:59:38Z</time>
   </trkpt>
   <trkpt lat="48.7481670" lon="2.2934890">
    <ele>55.1</ele>
    <time>2020-11-07T09:59:39Z</time>
   </trkpt>
   <trkpt lat="48.7481750" lon="2.2935300">
    <ele>55.0</ele>
    <time>2020-11-07T09:59:40Z</time>
   </trkpt>
   <trkpt lat="48.7481910" lon="2.2935820">
    <ele>55.0</ele>
    <time>2020-11-07T09:59:41Z</time>
   </trkpt>
   <trkpt lat="48.7481950" lon="2.2936030">
    <ele>54.9</ele>
    <time>2020-11-07T09:59:42Z</time>
   </trkpt>
   <trkpt lat="48.7482070" lon="2.2936690">
    <ele>54.9</ele>
    <time>2020-11-07T09:59:44Z</time>
   </trkpt>
   <trkpt lat="48.7482090" lon="2.2936890">
    <ele>54.8</ele>
    <time>2020-11-07T09:59:45Z</time>
   </trkpt>
   <trkpt lat="48.7482110" lon="2.2937090">
    <ele>54.8</ele>
    <time>2020-11-07T09:59:46Z</time>
   </trkpt>
   <trkpt lat="48.7482120" lon="2.2937310">
    <ele>54.7</ele>
    <time>2020-11-07T09:59:47Z</time>
   </trkpt>
   <trkpt lat="48.7482110" lon="2.2937440">
    <ele>54.7</ele>
    <time>2020-11-07T09:59:48Z</time>
   </trkpt>
   <trkpt lat="48.7482110" lon="2.2937580">
    <ele>54.7</ele>
    <time>2020-11-07T09:59:49Z</time>
   </trkpt>
   <trkpt lat="48.7482100" lon="2.2937710">
    <ele>54.7</ele>
    <time>2020-11-07T09:59:50Z</time>
   </trkpt>
   <trkpt lat="48.7482100" lon="2.2937850">
    <ele>54.7</ele>
    <time>2020-11-07T09:59:51Z</time>
   </trkpt>
   <trkpt lat="48.7482060" lon="2.2938160">
    <ele>54.6</ele>
    <time>2020-11-07T09:59:52Z</time>
   </trkpt>
   <trkpt lat="48.7482170" lon="2.2938560">
    <ele>54.6</ele>
    <time>2020-11-07T09:59:54Z</time>
   </trkpt>
   <trkpt lat="48.7482120" lon="2.2938990">
    <ele>54.6</ele>
    <time>2020-11-07T09:59:55Z</time>
   </trkpt>
   <trkpt lat="48.7482090" lon="2.2939110">
    <ele>54.6</ele>
    <time>2020-11-07T09:59:56Z</time>
   </trkpt>
   <trkpt lat="48.7481920" lon="2.2939370">
    <ele>54.6</ele>
    <time>2020-11-07T09:59:57Z</time>
   </trkpt>
   <trkpt lat="48.7481870" lon="2.2939470">
    <ele>54.6</ele>
    <time>2020-11-07T09:59:58Z</time>
   </trkpt>
   <trkpt lat="48.7481830" lon="2.2939570">
    <ele>54.4</ele>
    <time>2020-11-07T09:59:59Z</time>
   </trkpt>
   <trkpt lat="48.7481810" lon="2.2940230">
    <ele>54.4</ele>
    <time>2020-11-07T10:00:00Z</time>
   </trkpt>
   <trkpt lat="48.7481770" lon="2.2940870">
    <ele>54.1</ele>
    <time>2020-11-07T10:00:01Z</time>
   </trkpt>
   <trkpt lat="48.7481780" lon="2.2941590">
    <ele>54.1</ele>
    <time>2020-11-07T10:00:02Z</time>
   </trkpt>
   <trkpt lat="48.7481790" lon="2.2942250">
    <ele>54.0</ele>
    <time>2020-11-07T10:00:04Z</time>
   </trkpt>
   <trkpt lat="48.7481760" lon="2.2942960">
    <ele>53.9</ele>
    <time>2020-11-07T10:00:05Z</time>
   </trkpt>
   <trkpt lat="48.7481820" lon="2.2943370">
    <ele>53.9</ele>
    <time>2020-11-07T10:00:06Z</time>
   </trkpt>
   <trkpt lat="48.7481870" lon="2.2943780">
    <ele>53.9</ele>
    <time>2020-11-07T10:00:07Z</time>
   </trkpt>
   <trkpt lat="48.7481910" lon="2.2944250">
    <ele>53.9</ele>
    <time>2020-11-07T10:00:08Z</time>
   </trkpt>
   <trkpt lat="48.7481910" lon="2.2944730">
    <ele>53.8</ele>
    <time>2020-11-07T10:00:09Z</time>
   </trkpt>
   <trkpt lat="48.7481860" lon="2.2945130">
    <ele>53.8</ele>
    <time>2020-11-07T10:00:10Z</time>
   </trkpt>
   <trkpt lat="48.7481740" lon="2.2945610">
    <ele>53.8</ele>
    <time>2020-11-07T10:00:12Z</time>
   </trkpt>
   <trkpt lat="48.7481610" lon="2.2945990">
    <ele>53.8</ele>
    <time>2020-11-07T10:00:13Z</time>
   </trkpt>
   <trkpt lat="48.7481480" lon="2.2946430">
    <ele>53.7</ele>
    <time>2020-11-07T10:00:14Z</time>
   </trkpt>
   <trkpt lat="48.7481340" lon="2.2946860">
    <ele>53.7</ele>
    <time>2020-11-07T10:00:15Z</time>
   </trkpt>
   <trkpt lat="48.7481150" lon="2.2947320">
    <ele>53.7</ele>
    <time>2020-11-07T10:00:16Z</time>
   </trkpt>
   <trkpt lat="48.7480980" lon="2.2947730">
    <ele>53.7</ele>
    <time>2020-11-07T10:00:17Z</time>
   </trkpt>
   <trkpt lat="48.7480910" lon="2.2947810">
    <ele>53.7</ele>
    <time>2020-11-07T10:00:18Z</time>
   </trkpt>
   <trkpt lat="48.7480640" lon="2.2947970">
    <ele>53.7</ele>
    <time>2020-11-07T10:00:19Z</time>
   </trkpt>
   <trkpt lat="48.7480500" lon="2.2948030">
    <ele>53.7</ele>
    <time>2020-11-07T10:00:21Z</time>
   </trkpt>
   <trkpt lat="48.7480360" lon="2.2948100">
    <ele>53.7</ele>
    <time>2020-11-07T10:00:22Z</time>
   </trkpt>
   <trkpt lat="48.7480220" lon="2.2948160">
    <ele>53.7</ele>
    <time>2020-11-07T10:00:23Z</time>
   </trkpt>
   <trkpt lat="48.7480040" lon="2.2948230">
    <ele>53.6</ele>
    <time>2020-11-07T10:00:24Z</time>
   </trkpt>
   <trkpt lat="48.7479860" lon="2.2948230">
    <ele>53.6</ele>
    <time>2020-11-07T10:00:25Z</time>
   </trkpt>
   <trkpt lat="48.7479650" lon="2.2948290">
    <ele>53.6</ele>
    <time>2020-11-07T10:00:26Z</time>
   </trkpt>
   <trkpt lat="48.7479400" lon="2.2948440">
    <ele>53.6</ele>
    <time>2020-11-07T10:00:28Z</time>
   </trkpt>
   <trkpt lat="48.7479060" lon="2.2948630">
    <ele>53.6</ele>
    <time>2020-11-07T10:00:29Z</time>
   </trkpt>
   <trkpt lat="48.7478930" lon="2.2948700">
    <ele>53.6</ele>
    <time>2020-11-07T10:00:30Z</time>
   </trkpt>
   <trkpt lat="48.7478570" lon="2.2948780">
    <ele>53.5</ele>
    <time>2020-11-07T10:00:31Z</time>
   </trkpt>
   <trkpt lat="48.7478430" lon="2.2948700">
    <ele>53.5</ele>
    <time>2020-11-07T10:00:32Z</time>
   </trkpt>
   <trkpt lat="48.7478260" lon="2.2948760">
    <ele>53.5</ele>
    <time>2020-11-07T10:00:33Z</time>
   </trkpt>
   <trkpt lat="48.7477890" lon="2.2948790">
    <ele>53.5</ele>
    <time>2020-11-07T10:00:35Z</time>
   </trkpt>
   <trkpt lat="48.7477500" lon="2.2948890">
    <ele>53.5</ele>
    <time>2020-11-07T10:00:36Z</time>
   </trkpt>
   <trkpt lat="48.7477360" lon="2.2948980">
    <ele>53.4</ele>
    <time>2020-11-07T10:00:37Z</time>
   </trkpt>
   <trkpt lat="48.7477000" lon="2.2949310">
    <ele>53.4</ele>
    <time>2020-11-07T10:00:39Z</time>
   </trkpt>
   <trkpt lat="48.7476880" lon="2.2949760">
    <ele>53.4</ele>
    <time>2020-11-07T10:00:40Z</time>
   </trkpt>
   <trkpt lat="48.7476780" lon="2.2950220">
    <ele>53.4</ele>
    <time>2020-11-07T10:00:41Z</time>
   </trkpt>
   <trkpt lat="48.7476610" lon="2.2950690">
    <ele>53.3</ele>
    <time>2020-11-07T10:00:42Z</time>
   </trkpt>
   <trkpt lat="48.7476350" lon="2.2950970">
    <ele>53.3</ele>
    <time>2020-11-07T10:00:43Z</time>
   </trkpt>
   <trkpt lat="48.7476090" lon="2.2951180">
    <ele>53.3</ele>
    <time>2020-11-07T10:00:44Z</time>
   </trkpt>
   <trkpt lat="48.7475870" lon="2.2951480">
    <ele>53.3</ele>
    <time>2020-11-07T10:00:45Z</time>
   </trkpt>
   <trkpt lat="48.7475600" lon="2.2951740">
    <ele>53.3</ele>
    <time>2020-11-07T10:00:46Z</time>
   </trkpt>
   <trkpt lat="48.7475210" lon="2.2951960">
    <ele>53.2</ele>
    <time>2020-11-07T10:00:48Z</time>
   </trkpt>
   <trkpt lat="48.7474910" lon="2.2952160">
    <ele>53.2</ele>
    <time>2020-11-07T10:00:49Z</time>
   </trkpt>
   <trkpt lat="48.7474800" lon="2.2952210">
    <ele>53.2</ele>
    <time>2020-11-07T10:00:50Z</time>
   </trkpt>
   <trkpt lat="48.7474500" lon="2.2952260">
    <ele>53.2</ele>
    <time>2020-11-07T10:00:51Z</time>
   </trkpt>
   <trkpt lat="48.7474230" lon="2.2952530">
    <ele>53.2</ele>
    <time>2020-11-07T10:00:52Z</time>
   </trkpt>
   <trkpt lat="48.7474160" lon="2.2952610">
    <ele>53.2</ele>
    <time>2020-11-07T10:00:53Z</time>
   </trkpt>
   <trkpt lat="48.7474050" lon="2.2952730">
    <ele>53.1</ele>
    <time>2020-11-07T10:00:54Z</time>
   </trkpt>
   <trkpt lat="48.7473890" lon="2.2952900">
    <ele>53.1</ele>
    <time>2020-11-07T10:00:56Z</time>
   </trkpt>
   <trkpt lat="48.7473550" lon="2.2953000">
    <ele>53.1</ele>
    <time>2020-11-07T10:00:58Z</time>
   </trkpt>
   <trkpt lat="48.7473190" lon="2.2952850">
    <ele>53.1</ele>
    <time>2020-11-07T10:00:59Z</time>
   </trkpt>
   <trkpt lat="48.7472750" lon="2.2952680">
    <ele>53.1</ele>
    <time>2020-11-07T10:01:00Z</time>
   </trkpt>
   <trkpt lat="48.7472290" lon="2.2952520">
    <ele>53.0</ele>
    <time>2020-11-07T10:01:01Z</time>
   </trkpt>
   <trkpt lat="48.7471820" lon="2.2952440">
    <ele>53.0</ele>
    <time>2020-11-07T10:01:02Z</time>
   </trkpt>
   <trkpt lat="48.7471450" lon="2.2952420">
    <ele>53.0</ele>
    <time>2020-11-07T10:01:03Z</time>
   </trkpt>
   <trkpt lat="48.7471150" lon="2.2952390">
    <ele>53.0</ele>
    <time>2020-11-07T10:01:04Z</time>
   </trkpt>
   <trkpt lat="48.7470840" lon="2.2952450">
    <ele>53.0</ele>
    <time>2020-11-07T10:01:05Z</time>
   </trkpt>
   <trkpt lat="48.7470730" lon="2.2952480">
    <ele>52.9</ele>
    <time>2020-11-07T10:01:06Z</time>
   </trkpt>
   <trkpt lat="48.7470350" lon="2.2952480">
    <ele>52.9</ele>
    <time>2020-11-07T10:01:08Z</time>
   </trkpt>
   <trkpt lat="48.7469960" lon="2.2952450">
    <ele>52.9</ele>
    <time>2020-11-07T10:01:09Z</time>
   </trkpt>
   <trkpt lat="48.7469820" lon="2.2952420">
    <ele>53.0</ele>
    <time>2020-11-07T10:01:10Z</time>
   </trkpt>
   <trkpt lat="48.7469470" lon="2.2952370">
    <ele>53.0</ele>
    <time>2020-11-07T10:01:11Z</time>
   </trkpt>
   <trkpt lat="48.7469050" lon="2.2952450">
    <ele>53.0</ele>
    <time>2020-11-07T10:01:13Z</time>
   </trkpt>
   <trkpt lat="48.7468750" lon="2.2952540">
    <ele>53.0</ele>
    <time>2020-11-07T10:01:14Z</time>
   </trkpt>
   <trkpt lat="48.7468410" lon="2.2952720">
    <ele>53.0</ele>
    <time>2020-11-07T10:01:15Z</time>
   </trkpt>
   <trkpt lat="48.7468060" lon="2.2952910">
    <ele>53.0</ele>
    <time>2020-11-07T10:01:16Z</time>
   </trkpt>
   <trkpt lat="48.7467770" lon="2.2953080">
    <ele>53.0</ele>
    <time>2020-11-07T10:01:17Z</time>
   </trkpt>
   <trkpt lat="48.7467370" lon="2.2953370">
    <ele>53.1</ele>
    <time>2020-11-07T10:01:18Z</time>
   </trkpt>
   <trkpt lat="48.7466940" lon="2.2953630">
    <ele>53.1</ele>
    <time>2020-11-07T10:01:20Z</time>
   </trkpt>
   <trkpt lat="48.7466610" lon="2.2953750">
    <ele>53.1</ele>
    <time>2020-11-07T10:01:21Z</time>
   </trkpt>
   <trkpt lat="48.7466370" lon="2.2953940">
    <ele>53.1</ele>
    <time>2020-11-07T10:01:22Z</time>
   </trkpt>
   <trkpt lat="48.7466110" lon="2.2954100">
    <ele>53.1</ele>
    <time>2020-11-07T10:01:23Z</time>
   </trkpt>
   <trkpt lat="48.7465860" lon="2.2954310">
    <ele>53.1</ele>
    <time>2020-11-07T10:01:24Z</time>
   </trkpt>
   <trkpt lat="48.7465620" lon="2.2954450">
    <ele>53.1</ele>
    <time>2020-11-07T10:01:25Z</time>
   </trkpt>
   <trkpt lat="48.7465280" lon="2.2954530">
    <ele>53.1</ele>
    <time>2020-11-07T10:01:27Z</time>
   </trkpt>
   <trkpt lat="48.7464990" lon="2.2954660">
    <ele>53.1</ele>
    <time>2020-11-07T10:01:28Z</time>
   </trkpt>
   <trkpt lat="48.7464650" lon="2.2954950">
    <ele>53.1</ele>
    <time>2020-11-07T10:01:29Z</time>
   </trkpt>
   <trkpt lat="48.7464530" lon="2.2955040">
    <ele>53.0</ele>
    <time>2020-11-07T10:01:30Z</time>
   </trkpt>
   <trkpt lat="48.7464230" lon="2.2955200">
    <ele>53.0</ele>
    <time>2020-11-07T10:01:31Z</time>
   </trkpt>
   <trkpt lat="48.7463890" lon="2.2955380">
    <ele>53.0</ele>
    <time>2020-11-07T10:01:32Z</time>
   </trkpt>
   <trkpt lat="48.7463610" lon="2.2955540">
    <ele>53.0</ele>
    <time>2020-11-07T10:01:34Z</time>
   </trkpt>
   <trkpt lat="48.7463290" lon="2.2955720">
    <ele>53.0</ele>
    <time>2020-11-07T10:01:35Z</time>
   </trkpt>
   <trkpt lat="48.7462950" lon="2.2955970">
    <ele>53.0</ele>
    <time>2020-11-07T10:01:36Z</time>
   </trkpt>
   <trkpt lat="48.7462620" lon="2.2956250">
    <ele>53.0</ele>
    <time>2020-11-07T10:01:37Z</time>
   </trkpt>
   <trkpt lat="48.7462340" lon="2.2956500">
    <ele>53.0</ele>
    <time>2020-11-07T10:01:38Z</time>
   </trkpt>
   <trkpt lat="48.7461980" lon="2.2956870">
    <ele>53.0</ele>
    <time>2020-11-07T10:01:39Z</time>
   </trkpt>
   <trkpt lat="48.7461680" lon="2.2957070">
    <ele>53.0</ele>
    <time>2020-11-07T10:01:40Z</time>
   </trkpt>
   <trkpt lat="48.7461410" lon="2.2957180">
    <ele>53.0</ele>
    <time>2020-11-07T10:01:41Z</time>
   </trkpt>
   <trkpt lat="48.7461150" lon="2.2957430">
    <ele>53.0</ele>
    <time>2020-11-07T10:01:42Z</time>
   </trkpt>
   <trkpt lat="48.7461070" lon="2.2957550">
    <ele>53.0</ele>
    <time>2020-11-07T10:01:43Z</time>
   </trkpt>
   <trkpt lat="48.7460900" lon="2.2957950">
    <ele>53.0</ele>
    <time>2020-11-07T10:01:45Z</time>
   </trkpt>
   <trkpt lat="48.7460830" lon="2.2958080">
    <ele>53.0</ele>
    <time>2020-11-07T10:01:46Z</time>
   </trkpt>
   <trkpt lat="48.7460610" lon="2.2958410">
    <ele>53.0</ele>
    <time>2020-11-07T10:01:47Z</time>
   </trkpt>
   <trkpt lat="48.7460300" lon="2.2958710">
    <ele>53.0</ele>
    <time>2020-11-07T10:01:49Z</time>
   </trkpt>
   <trkpt lat="48.7460010" lon="2.2958660">
    <ele>53.0</ele>
    <time>2020-11-07T10:01:50Z</time>
   </trkpt>
   <trkpt lat="48.7459720" lon="2.2958740">
    <ele>53.1</ele>
    <time>2020-11-07T10:01:51Z</time>
   </trkpt>
   <trkpt lat="48.7459630" lon="2.2958770">
    <ele>53.1</ele>
    <time>2020-11-07T10:01:52Z</time>
   </trkpt>
   <trkpt lat="48.7459490" lon="2.2958860">
    <ele>53.1</ele>
    <time>2020-11-07T10:01:53Z</time>
   </trkpt>
   <trkpt lat="48.7459340" lon="2.2958840">
    <ele>53.1</ele>
    <time>2020-11-07T10:01:55Z</time>
   </trkpt>
   <trkpt lat="48.7459070" lon="2.2958810">
    <ele>53.1</ele>
    <time>2020-11-07T10:01:56Z</time>
   </trkpt>
   <trkpt lat="48.7458740" lon="2.2958650">
    <ele>53.1</ele>
    <time>2020-11-07T10:01:57Z</time>
   </trkpt>
   <trkpt lat="48.7458660" lon="2.2958580">
    <ele>53.1</ele>
    <time>2020-11-07T10:01:58Z</time>
   </trkpt>
   <trkpt lat="48.7458490" lon="2.2958460">
    <ele>53.1</ele>
    <time>2020-11-07T10:01:59Z</time>
   </trkpt>
   <trkpt lat="48.7458270" lon="2.2958370">
    <ele>53.1</ele>
    <time>2020-11-07T10:02:01Z</time>
   </trkpt>
   <trkpt lat="48.7457930" lon="2.2958290">
    <ele>53.1</ele>
    <time>2020-11-07T10:02:02Z</time>
   </trkpt>
   <trkpt lat="48.7457820" lon="2.2958270">
    <ele>53.1</ele>
    <time>2020-11-07T10:02:03Z</time>
   </trkpt>
   <trkpt lat="48.7457540" lon="2.2958150">
    <ele>53.1</ele>
    <time>2020-11-07T10:02:04Z</time>
   </trkpt>
   <trkpt lat="48.7457420" lon="2.2958080">
    <ele>53.1</ele>
    <time>2020-11-07T10:02:05Z</time>
   </trkpt>
   <trkpt lat="48.7457150" lon="2.2957830">
    <ele>53.1</ele>
    <time>2020-11-07T10:02:06Z</time>
   </trkpt>
   <trkpt lat="48.7457050" lon="2.2957750">
    <ele>53.1</ele>
    <time>2020-11-07T10:02:07Z</time>
   </trkpt>
   <trkpt lat="48.7456890" lon="2.2957600">
    <ele>53.1</ele>
    <time>2020-11-07T10:02:08Z</time>
   </trkpt>
   <trkpt lat="48.7456800" lon="2.2957410">
    <ele>53.1</ele>
    <time>2020-11-07T10:02:09Z</time>
   </trkpt>
   <trkpt lat="48.7456760" lon="2.2957170">
    <ele>53.1</ele>
    <time>2020-11-07T10:02:11Z</time>
   </trkpt>
   <trkpt lat="48.7456680" lon="2.2956930">
    <ele>53.1</ele>
    <time>2020-11-07T10:02:12Z</time>
   </trkpt>
   <trkpt lat="48.7456400" lon="2.2956590">
    <ele>53.1</ele>
    <time>2020-11-07T10:02:14Z</time>
   </trkpt>
   <trkpt lat="48.7456300" lon="2.2956530">
    <ele>53.1</ele>
    <time>2020-11-07T10:02:15Z</time>
   </trkpt>
   <trkpt lat="48.7455970" lon="2.2956490">
    <ele>53.1</ele>
    <time>2020-11-07T10:02:16Z</time>
   </trkpt>
   <trkpt lat="48.7455820" lon="2.2956510">
    <ele>53.1</ele>
    <time>2020-11-07T10:02:17Z</time>
   </trkpt>
   <trkpt lat="48.7455400" lon="2.2956570">
    <ele>53.1</ele>
    <time>2020-11-07T10:02:19Z</time>
   </trkpt>
   <trkpt lat="48.7455120" lon="2.2956620">
    <ele>53.1</ele>
    <time>2020-11-07T10:02:20Z</time>
   </trkpt>
   <trkpt lat="48.7454830" lon="2.2956570">
    <ele>53.1</ele>
    <time>2020-11-07T10:02:21Z</time>
   </trkpt>
   <trkpt lat="48.7454720" lon="2.2956530">
    <ele>53.1</ele>
    <time>2020-11-07T10:02:22Z</time>
   </trkpt>
   <trkpt lat="48.7454410" lon="2.2956420">
    <ele>53.1</ele>
    <time>2020-11-07T10:02:23Z</time>
   </trkpt>
   <trkpt lat="48.7454120" lon="2.2956300">
    <ele>53.1</ele>
    <time>2020-11-07T10:02:24Z</time>
   </trkpt>
   <trkpt lat="48.7453660" lon="2.2956110">
    <ele>53.1</ele>
    <time>2020-11-07T10:02:26Z</time>
   </trkpt>
   <trkpt lat="48.7453320" lon="2.2955870">
    <ele>53.1</ele>
    <time>2020-11-07T10:02:27Z</time>
   </trkpt>
   <trkpt lat="48.7452790" lon="2.2955580">
    <ele>53.2</ele>
    <time>2020-11-07T10:02:28Z</time>
   </trkpt>
   <trkpt lat="48.7452360" lon="2.2955300">
    <ele>53.2</ele>
    <time>2020-11-07T10:02:30Z</time>
   </trkpt>
   <trkpt lat="48.7451990" lon="2.2955060">
    <ele>53.3</ele>
    <time>2020-11-07T10:02:31Z</time>
   </trkpt>
   <trkpt lat="48.7451660" lon="2.2954900">
    <ele>53.3</ele>
    <time>2020-11-07T10:02:32Z</time>
   </trkpt>
   <trkpt lat="48.7451390" lon="2.2954780">
    <ele>53.3</ele>
    <time>2020-11-07T10:02:33Z</time>
   </trkpt>
   <trkpt lat="48.7450990" lon="2.2954590">
    <ele>53.4</ele>
    <time>2020-11-07T10:02:34Z</time>
   </trkpt>
   <trkpt lat="48.7450830" lon="2.2954540">
    <ele>53.4</ele>
    <time>2020-11-07T10:02:35Z</time>
   </trkpt>
   <trkpt lat="48.7450440" lon="2.2954470">
    <ele>53.5</ele>
    <time>2020-11-07T10:02:36Z</time>
   </trkpt>
   <trkpt lat="48.7449960" lon="2.2954430">
    <ele>53.5</ele>
    <time>2020-11-07T10:02:38Z</time>
   </trkpt>
   <trkpt lat="48.7449790" lon="2.2954440">
    <ele>53.5</ele>
    <time>2020-11-07T10:02:39Z</time>
   </trkpt>
   <trkpt lat="48.7449610" lon="2.2954440">
    <ele>53.6</ele>
    <time>2020-11-07T10:02:40Z</time>
   </trkpt>
   <trkpt lat="48.7449220" lon="2.2954460">
    <ele>53.6</ele>
    <time>2020-11-07T10:02:41Z</time>
   </trkpt>
   <trkpt lat="48.7448910" lon="2.2954430">
    <ele>53.7</ele>
    <time>2020-11-07T10:02:42Z</time>
   </trkpt>
   <trkpt lat="48.7448400" lon="2.2954430">
    <ele>53.8</ele>
    <time>2020-11-07T10:02:44Z</time>
   </trkpt>
   <trkpt lat="48.7448090" lon="2.2954350">
    <ele>53.8</ele>
    <time>2020-11-07T10:02:45Z</time>
   </trkpt>
   <trkpt lat="48.7447720" lon="2.2954320">
    <ele>53.9</ele>
    <time>2020-11-07T10:02:46Z</time>
   </trkpt>
   <trkpt lat="48.7447590" lon="2.2954320">
    <ele>53.9</ele>
    <time>2020-11-07T10:02:47Z</time>
   </trkpt>
   <trkpt lat="48.7447300" lon="2.2954360">
    <ele>54.0</ele>
    <time>2020-11-07T10:02:48Z</time>
   </trkpt>
   <trkpt lat="48.7446980" lon="2.2954420">
    <ele>54.0</ele>
    <time>2020-11-07T10:02:49Z</time>
   </trkpt>
   <trkpt lat="48.7446620" lon="2.2954490">
    <ele>54.1</ele>
    <time>2020-11-07T10:02:51Z</time>
   </trkpt>
   <trkpt lat="48.7446240" lon="2.2954600">
    <ele>54.2</ele>
    <time>2020-11-07T10:02:52Z</time>
   </trkpt>
   <trkpt lat="48.7446120" lon="2.2954640">
    <ele>54.2</ele>
    <time>2020-11-07T10:02:53Z</time>
   </trkpt>
   <trkpt lat="48.7445700" lon="2.2954640">
    <ele>54.3</ele>
    <time>2020-11-07T10:02:54Z</time>
   </trkpt>
   <trkpt lat="48.7445550" lon="2.2954640">
    <ele>54.3</ele>
    <time>2020-11-07T10:02:55Z</time>
   </trkpt>
   <trkpt lat="48.7445230" lon="2.2954630">
    <ele>54.4</ele>
    <time>2020-11-07T10:02:56Z</time>
   </trkpt>
   <trkpt lat="48.7444880" lon="2.2954670">
    <ele>54.5</ele>
    <time>2020-11-07T10:02:57Z</time>
   </trkpt>
   <trkpt lat="48.7444510" lon="2.2954740">
    <ele>54.6</ele>
    <time>2020-11-07T10:02:58Z</time>
   </trkpt>
   <trkpt lat="48.7444250" lon="2.2954820">
    <ele>54.6</ele>
    <time>2020-11-07T10:02:59Z</time>
   </trkpt>
   <trkpt lat="48.7443950" lon="2.2954920">
    <ele>54.7</ele>
    <time>2020-11-07T10:03:01Z</time>
   </trkpt>
   <trkpt lat="48.7443630" lon="2.2955030">
    <ele>54.8</ele>
    <time>2020-11-07T10:03:02Z</time>
   </trkpt>
   <trkpt lat="48.7443250" lon="2.2955060">
    <ele>54.9</ele>
    <time>2020-11-07T10:03:03Z</time>
   </trkpt>
   <trkpt lat="48.7443120" lon="2.2955070">
    <ele>54.9</ele>
    <time>2020-11-07T10:03:04Z</time>
   </trkpt>
   <trkpt lat="48.7442850" lon="2.2955130">
    <ele>55.0</ele>
    <time>2020-11-07T10:03:05Z</time>
   </trkpt>
   <trkpt lat="48.7442470" lon="2.2955160">
    <ele>55.1</ele>
    <time>2020-11-07T10:03:06Z</time>
   </trkpt>
   <trkpt lat="48.7442340" lon="2.2955170">
    <ele>55.1</ele>
    <time>2020-11-07T10:03:07Z</time>
   </trkpt>
   <trkpt lat="48.7442060" lon="2.2955190">
    <ele>55.2</ele>
    <time>2020-11-07T10:03:08Z</time>
   </trkpt>
   <trkpt lat="48.7441650" lon="2.2955300">
    <ele>55.3</ele>
    <time>2020-11-07T10:03:10Z</time>
   </trkpt>
   <trkpt lat="48.7441500" lon="2.2955310">
    <ele>55.3</ele>
    <time>2020-11-07T10:03:11Z</time>
   </trkpt>
   <trkpt lat="48.7441240" lon="2.2955290">
    <ele>55.4</ele>
    <time>2020-11-07T10:03:12Z</time>
   </trkpt>
   <trkpt lat="48.7440880" lon="2.2955330">
    <ele>55.4</ele>
    <time>2020-11-07T10:03:14Z</time>
   </trkpt>
   <trkpt lat="48.7440500" lon="2.2955400">
    <ele>55.5</ele>
    <time>2020-11-07T10:03:15Z</time>
   </trkpt>
   <trkpt lat="48.7440200" lon="2.2955440">
    <ele>55.6</ele>
    <time>2020-11-07T10:03:16Z</time>
   </trkpt>
   <trkpt lat="48.7439850" lon="2.2955470">
    <ele>55.7</ele>
    <time>2020-11-07T10:03:17Z</time>
   </trkpt>
   <trkpt lat="48.7439580" lon="2.2955480">
    <ele>55.8</ele>
    <time>2020-11-07T10:03:18Z</time>
   </trkpt>
   <trkpt lat="48.7439340" lon="2.2955480">
    <ele>55.8</ele>
    <time>2020-11-07T10:03:19Z</time>
   </trkpt>
   <trkpt lat="48.7439080" lon="2.2955500">
    <ele>55.9</ele>
    <time>2020-11-07T10:03:21Z</time>
   </trkpt>
   <trkpt lat="48.7438790" lon="2.2955530">
    <ele>56.0</ele>
    <time>2020-11-07T10:03:22Z</time>
   </trkpt>
   <trkpt lat="48.7438400" lon="2.2955540">
    <ele>56.1</ele>
    <time>2020-11-07T10:03:23Z</time>
   </trkpt>
   <trkpt lat="48.7438120" lon="2.2955590">
    <ele>56.2</ele>
    <time>2020-11-07T10:03:24Z</time>
   </trkpt>
   <trkpt lat="48.7437750" lon="2.2955660">
    <ele>56.3</ele>
    <time>2020-11-07T10:03:25Z</time>
   </trkpt>
   <trkpt lat="48.7437620" lon="2.2955660">
    <ele>56.3</ele>
    <time>2020-11-07T10:03:26Z</time>
   </trkpt>
   <trkpt lat="48.7437200" lon="2.2955620">
    <ele>56.4</ele>
    <time>2020-11-07T10:03:28Z</time>
   </trkpt>
   <trkpt lat="48.7436810" lon="2.2955520">
    <ele>56.5</ele>
    <time>2020-11-07T10:03:29Z</time>
   </trkpt>
   <trkpt lat="48.7436500" lon="2.2955440">
    <ele>56.6</ele>
    <time>2020-11-07T10:03:30Z</time>
   </trkpt>
   <trkpt lat="48.7436170" lon="2.2955380">
    <ele>56.6</ele>
    <time>2020-11-07T10:03:31Z</time>
   </trkpt>
   <trkpt lat="48.7435710" lon="2.2955390">
    <ele>56.7</ele>
    <time>2020-11-07T10:03:33Z</time>
   </trkpt>
   <trkpt lat="48.7435280" lon="2.2955470">
    <ele>56.8</ele>
    <time>2020-11-07T10:03:34Z</time>
   </trkpt>
   <trkpt lat="48.7435000" lon="2.2955670">
    <ele>57.0</ele>
    <time>2020-11-07T10:03:35Z</time>
   </trkpt>
   <trkpt lat="48.7434790" lon="2.2955980">
    <ele>57.1</ele>
    <time>2020-11-07T10:03:36Z</time>
   </trkpt>
   <trkpt lat="48.7434590" lon="2.2956250">
    <ele>57.2</ele>
    <time>2020-11-07T10:03:37Z</time>
   </trkpt>
   <trkpt lat="48.7434380" lon="2.2956570">
    <ele>57.3</ele>
    <time>2020-11-07T10:03:39Z</time>
   </trkpt>
   <trkpt lat="48.7434110" lon="2.2956990">
    <ele>57.4</ele>
    <time>2020-11-07T10:03:40Z</time>
   </trkpt>
   <trkpt lat="48.7434010" lon="2.2957130">
    <ele>57.4</ele>
    <time>2020-11-07T10:03:41Z</time>
   </trkpt>
   <trkpt lat="48.7433770" lon="2.2957620">
    <ele>57.5</ele>
    <time>2020-11-07T10:03:42Z</time>
   </trkpt>
   <trkpt lat="48.7433680" lon="2.2957800">
    <ele>57.5</ele>
    <time>2020-11-07T10:03:43Z</time>
   </trkpt>
   <trkpt lat="48.7433500" lon="2.2958150">
    <ele>57.6</ele>
    <time>2020-11-07T10:03:44Z</time>
   </trkpt>
   <trkpt lat="48.7433310" lon="2.2958640">
    <ele>57.7</ele>
    <time>2020-11-07T10:03:45Z</time>
   </trkpt>
   <trkpt lat="48.7433260" lon="2.2958830">
    <ele>57.7</ele>
    <time>2020-11-07T10:03:46Z</time>
   </trkpt>
   <trkpt lat="48.7433290" lon="2.2959380">
    <ele>57.8</ele>
    <time>2020-11-07T10:03:48Z</time>
   </trkpt>
   <trkpt lat="48.7433380" lon="2.2959780">
    <ele>57.9</ele>
    <time>2020-11-07T10:03:49Z</time>
   </trkpt>
   <trkpt lat="48.7433490" lon="2.2960150">
    <ele>57.9</ele>
    <time>2020-11-07T10:03:50Z</time>
   </trkpt>
   <trkpt lat="48.7433660" lon="2.2960660">
    <ele>58.0</ele>
    <time>2020-11-07T10:03:51Z</time>
   </trkpt>
   <trkpt lat="48.7433930" lon="2.2961150">
    <ele>58.1</ele>
    <time>2020-11-07T10:03:53Z</time>
   </trkpt>
   <trkpt lat="48.7434120" lon="2.2961470">
    <ele>58.1</ele>
    <time>2020-11-07T10:03:54Z</time>
   </trkpt>
   <trkpt lat="48.7434350" lon="2.2961770">
    <ele>58.2</ele>
    <time>2020-11-07T10:03:55Z</time>
   </trkpt>
   <trkpt lat="48.7434620" lon="2.2962080">
    <ele>58.2</ele>
    <time>2020-11-07T10:03:56Z</time>
   </trkpt>
   <trkpt lat="48.7434680" lon="2.2962210">
    <ele>58.2</ele>
    <time>2020-11-07T10:03:57Z</time>
   </trkpt>
   <trkpt lat="48.7434590" lon="2.2962360">
    <ele>58.3</ele>
    <time>2020-11-07T10:03:58Z</time>
   </trkpt>
   <trkpt lat="48.7434520" lon="2.2962560">
    <ele>58.3</ele>
    <time>2020-11-07T10:03:59Z</time>
   </trkpt>
   <trkpt lat="48.7434470" lon="2.2962800">
    <ele>58.3</ele>
    <time>2020-11-07T10:04:00Z</time>
   </trkpt>
   <trkpt lat="48.7434440" lon="2.2963070">
    <ele>58.4</ele>
    <time>2020-11-07T10:04:01Z</time>
   </trkpt>
   <trkpt lat="48.7434390" lon="2.2963390">
    <ele>58.4</ele>
    <time>2020-11-07T10:04:02Z</time>
   </trkpt>
   <trkpt lat="48.7434280" lon="2.2963800">
    <ele>58.5</ele>
    <time>2020-11-07T10:04:04Z</time>
   </trkpt>
   <trkpt lat="48.7434230" lon="2.2964240">
    <ele>58.5</ele>
    <time>2020-11-07T10:04:05Z</time>
   </trkpt>
   <trkpt lat="48.7434250" lon="2.2964360">
    <ele>58.5</ele>
    <time>2020-11-07T10:04:06Z</time>
   </trkpt>
   <trkpt lat="48.7434240" lon="2.2964910">
    <ele>58.6</ele>
    <time>2020-11-07T10:04:07Z</time>
   </trkpt>
   <trkpt lat="48.7434270" lon="2.2965530">
    <ele>58.7</ele>
    <time>2020-11-07T10:04:08Z</time>
   </trkpt>
   <trkpt lat="48.7434290" lon="2.2965770">
    <ele>58.7</ele>
    <time>2020-11-07T10:04:09Z</time>
   </trkpt>
   <trkpt lat="48.7434280" lon="2.2966220">
    <ele>59.0</ele>
    <time>2020-11-07T10:04:10Z</time>
   </trkpt>
   <trkpt lat="48.7434240" lon="2.2966490">
    <ele>59.0</ele>
    <time>2020-11-07T10:04:11Z</time>
   </trkpt>
   <trkpt lat="48.7434190" lon="2.2966710">
    <ele>59.0</ele>
    <time>2020-11-07T10:04:12Z</time>
   </trkpt>
   <trkpt lat="48.7433930" lon="2.2966930">
    <ele>59.0</ele>
    <time>2020-11-07T10:04:13Z</time>
   </trkpt>
   <trkpt lat="48.7433400" lon="2.2967070">
    <ele>59.1</ele>
    <time>2020-11-07T10:04:15Z</time>
   </trkpt>
   <trkpt lat="48.7433020" lon="2.2967170">
    <ele>59.3</ele>
    <time>2020-11-07T10:04:16Z</time>
   </trkpt>
   <trkpt lat="48.7432710" lon="2.2967260">
    <ele>59.4</ele>
    <time>2020-11-07T10:04:17Z</time>
   </trkpt>
   <trkpt lat="48.7432280" lon="2.2967450">
    <ele>59.5</ele>
    <time>2020-11-07T10:04:18Z</time>
   </trkpt>
   <trkpt lat="48.7431970" lon="2.2967560">
    <ele>59.6</ele>
    <time>2020-11-07T10:04:19Z</time>
   </trkpt>
   <trkpt lat="48.7431490" lon="2.2967620">
    <ele>59.7</ele>
    <time>2020-11-07T10:04:21Z</time>
   </trkpt>
   <trkpt lat="48.7431170" lon="2.2967730">
    <ele>59.8</ele>
    <time>2020-11-07T10:04:22Z</time>
   </trkpt>
   <trkpt lat="48.7430730" lon="2.2967940">
    <ele>59.9</ele>
    <time>2020-11-07T10:04:24Z</time>
   </trkpt>
   <trkpt lat="48.7430290" lon="2.2968170">
    <ele>60.1</ele>
    <time>2020-11-07T10:04:25Z</time>
   </trkpt>
   <trkpt lat="48.7430040" lon="2.2968300">
    <ele>60.2</ele>
    <time>2020-11-07T10:04:26Z</time>
   </trkpt>
   <trkpt lat="48.7429520" lon="2.2968660">
    <ele>60.3</ele>
    <time>2020-11-07T10:04:28Z</time>
   </trkpt>
   <trkpt lat="48.7429190" lon="2.2968820">
    <ele>60.5</ele>
    <time>2020-11-07T10:04:29Z</time>
   </trkpt>
   <trkpt lat="48.7428810" lon="2.2969020">
    <ele>60.7</ele>
    <time>2020-11-07T10:04:30Z</time>
   </trkpt>
   <trkpt lat="48.7428660" lon="2.2969100">
    <ele>60.8</ele>
    <time>2020-11-07T10:04:31Z</time>
   </trkpt>
   <trkpt lat="48.7428410" lon="2.2969270">
    <ele>60.9</ele>
    <time>2020-11-07T10:04:32Z</time>
   </trkpt>
   <trkpt lat="48.7428080" lon="2.2969380">
    <ele>61.1</ele>
    <time>2020-11-07T10:04:33Z</time>
   </trkpt>
   <trkpt lat="48.7427970" lon="2.2969410">
    <ele>61.1</ele>
    <time>2020-11-07T10:04:34Z</time>
   </trkpt>
   <trkpt lat="48.7427520" lon="2.2969610">
    <ele>61.4</ele>
    <time>2020-11-07T10:04:36Z</time>
   </trkpt>
   <trkpt lat="48.7427380" lon="2.2969690">
    <ele>61.4</ele>
    <time>2020-11-07T10:04:37Z</time>
   </trkpt>
   <trkpt lat="48.7427230" lon="2.2969770">
    <ele>61.5</ele>
    <time>2020-11-07T10:04:38Z</time>
   </trkpt>
   <trkpt lat="48.7426910" lon="2.2969870">
    <ele>61.7</ele>
    <time>2020-11-07T10:04:39Z</time>
   </trkpt>
   <trkpt lat="48.7426800" lon="2.2969890">
    <ele>61.7</ele>
    <time>2020-11-07T10:04:40Z</time>
   </trkpt>
   <trkpt lat="48.7426660" lon="2.2969910">
    <ele>61.8</ele>
    <time>2020-11-07T10:04:41Z</time>
   </trkpt>
   <trkpt lat="48.7426520" lon="2.2969970">
    <ele>61.9</ele>
    <time>2020-11-07T10:04:42Z</time>
   </trkpt>
   <trkpt lat="48.7426200" lon="2.2970020">
    <ele>62.1</ele>
    <time>2020-11-07T10:04:43Z</time>
   </trkpt>
   <trkpt lat="48.7426060" lon="2.2970050">
    <ele>62.1</ele>
    <time>2020-11-07T10:04:44Z</time>
   </trkpt>
   <trkpt lat="48.7425740" lon="2.2970190">
    <ele>62.3</ele>
    <time>2020-11-07T10:04:46Z</time>
   </trkpt>
   <trkpt lat="48.7425410" lon="2.2970300">
    <ele>62.5</ele>
    <time>2020-11-07T10:04:47Z</time>
   </trkpt>
   <trkpt lat="48.7425210" lon="2.2970390">
    <ele>62.6</ele>
    <time>2020-11-07T10:04:48Z</time>
   </trkpt>
   <trkpt lat="48.7425070" lon="2.2970370">
    <ele>62.6</ele>
    <time>2020-11-07T10:04:49Z</time>
   </trkpt>
   <trkpt lat="48.7424800" lon="2.2970320">
    <ele>62.7</ele>
    <time>2020-11-07T10:04:50Z</time>
   </trkpt>
   <trkpt lat="48.7424690" lon="2.2970350">
    <ele>62.7</ele>
    <time>2020-11-07T10:04:51Z</time>
   </trkpt>
   <trkpt lat="48.7424530" lon="2.2970450">
    <ele>62.7</ele>
    <time>2020-11-07T10:04:52Z</time>
   </trkpt>
   <trkpt lat="48.7424680" lon="2.2970470">
    <ele>62.8</ele>
    <time>2020-11-07T10:04:53Z</time>
   </trkpt>
   <trkpt lat="48.7424290" lon="2.2970290">
    <ele>63.7</ele>
    <time>2020-11-07T10:04:59Z</time>
   </trkpt>
   <trkpt lat="48.7424180" lon="2.2970530">
    <ele>63.7</ele>
    <time>2020-11-07T10:05:00Z</time>
   </trkpt>
   <trkpt lat="48.7424180" lon="2.2970760">
    <ele>63.8</ele>
    <time>2020-11-07T10:05:02Z</time>
   </trkpt>
   <trkpt lat="48.7424100" lon="2.2971050">
    <ele>63.8</ele>
    <time>2020-11-07T10:05:03Z</time>
   </trkpt>
   <trkpt lat="48.7423880" lon="2.2971320">
    <ele>63.9</ele>
    <time>2020-11-07T10:05:04Z</time>
   </trkpt>
   <trkpt lat="48.7423780" lon="2.2971380">
    <ele>63.9</ele>
    <time>2020-11-07T10:05:05Z</time>
   </trkpt>
   <trkpt lat="48.7423590" lon="2.2971370">
    <ele>63.9</ele>
    <time>2020-11-07T10:05:06Z</time>
   </trkpt>
   <trkpt lat="48.7423320" lon="2.2971420">
    <ele>64.0</ele>
    <time>2020-11-07T10:05:08Z</time>
   </trkpt>
   <trkpt lat="48.7422950" lon="2.2971510">
    <ele>64.1</ele>
    <time>2020-11-07T10:05:09Z</time>
   </trkpt>
   <trkpt lat="48.7422830" lon="2.2971560">
    <ele>64.1</ele>
    <time>2020-11-07T10:05:10Z</time>
   </trkpt>
   <trkpt lat="48.7422520" lon="2.2971650">
    <ele>64.4</ele>
    <time>2020-11-07T10:05:11Z</time>
   </trkpt>
   <trkpt lat="48.7422420" lon="2.2971650">
    <ele>64.4</ele>
    <time>2020-11-07T10:05:12Z</time>
   </trkpt>
   <trkpt lat="48.7422100" lon="2.2971450">
    <ele>64.4</ele>
    <time>2020-11-07T10:05:13Z</time>
   </trkpt>
   <trkpt lat="48.7422000" lon="2.2971360">
    <ele>64.4</ele>
    <time>2020-11-07T10:05:14Z</time>
   </trkpt>
   <trkpt lat="48.7421680" lon="2.2970770">
    <ele>64.8</ele>
    <time>2020-11-07T10:05:16Z</time>
   </trkpt>
   <trkpt lat="48.7421580" lon="2.2970540">
    <ele>64.9</ele>
    <time>2020-11-07T10:05:17Z</time>
   </trkpt>
   <trkpt lat="48.7421480" lon="2.2970310">
    <ele>64.9</ele>
    <time>2020-11-07T10:05:18Z</time>
   </trkpt>
   <trkpt lat="48.7421330" lon="2.2969890">
    <ele>64.9</ele>
    <time>2020-11-07T10:05:19Z</time>
   </trkpt>
   <trkpt lat="48.7421190" lon="2.2969490">
    <ele>65.0</ele>
    <time>2020-11-07T10:05:20Z</time>
   </trkpt>
   <trkpt lat="48.7421070" lon="2.2969170">
    <ele>65.0</ele>
    <time>2020-11-07T10:05:21Z</time>
   </trkpt>
   <trkpt lat="48.7420970" lon="2.2968980">
    <ele>65.1</ele>
    <time>2020-11-07T10:05:23Z</time>
   </trkpt>
   <trkpt lat="48.7420830" lon="2.2968520">
    <ele>65.1</ele>
    <time>2020-11-07T10:05:24Z</time>
   </trkpt>
   <trkpt lat="48.7420790" lon="2.2968100">
    <ele>65.2</ele>
    <time>2020-11-07T10:05:25Z</time>
   </trkpt>
   <trkpt lat="48.7420770" lon="2.2967970">
    <ele>65.2</ele>
    <time>2020-11-07T10:05:26Z</time>
   </trkpt>
   <trkpt lat="48.7420670" lon="2.2967440">
    <ele>65.3</ele>
    <time>2020-11-07T10:05:27Z</time>
   </trkpt>
   <trkpt lat="48.7420640" lon="2.2967260">
    <ele>65.3</ele>
    <time>2020-11-07T10:05:28Z</time>
   </trkpt>
   <trkpt lat="48.7420470" lon="2.2966770">
    <ele>65.4</ele>
    <time>2020-11-07T10:05:29Z</time>
   </trkpt>
   <trkpt lat="48.7420400" lon="2.2966640">
    <ele>65.4</ele>
    <time>2020-11-07T10:05:30Z</time>
   </trkpt>
   <trkpt lat="48.7420290" lon="2.2966460">
    <ele>65.5</ele>
    <time>2020-11-07T10:05:31Z</time>
   </trkpt>
   <trkpt lat="48.7420180" lon="2.2966230">
    <ele>65.5</ele>
    <time>2020-11-07T10:05:32Z</time>
   </trkpt>
   <trkpt lat="48.7420130" lon="2.2965990">
    <ele>65.6</ele>
    <time>2020-11-07T10:05:33Z</time>
   </trkpt>
   <trkpt lat="48.7420020" lon="2.2965630">
    <ele>65.6</ele>
    <time>2020-11-07T10:05:35Z</time>
   </trkpt>
   <trkpt lat="48.7419880" lon="2.2965190">
    <ele>65.7</ele>
    <time>2020-11-07T10:05:36Z</time>
   </trkpt>
   <trkpt lat="48.7419840" lon="2.2965070">
    <ele>65.7</ele>
    <time>2020-11-07T10:05:37Z</time>
   </trkpt>
   <trkpt lat="48.7419700" lon="2.2964590">
    <ele>65.8</ele>
    <time>2020-11-07T10:05:38Z</time>
   </trkpt>
   <trkpt lat="48.7419640" lon="2.2964410">
    <ele>65.8</ele>
    <time>2020-11-07T10:05:39Z</time>
   </trkpt>
   <trkpt lat="48.7419510" lon="2.2964000">
    <ele>65.9</ele>
    <time>2020-11-07T10:05:40Z</time>
   </trkpt>
   <trkpt lat="48.7419390" lon="2.2963450">
    <ele>66.0</ele>
    <time>2020-11-07T10:05:41Z</time>
   </trkpt>
   <trkpt lat="48.7419290" lon="2.2962860">
    <ele>66.0</ele>
    <time>2020-11-07T10:05:43Z</time>
   </trkpt>
   <trkpt lat="48.7419220" lon="2.2962360">
    <ele>66.1</ele>
    <time>2020-11-07T10:05:44Z</time>
   </trkpt>
   <trkpt lat="48.7419150" lon="2.2961900">
    <ele>66.1</ele>
    <time>2020-11-07T10:05:45Z</time>
   </trkpt>
   <trkpt lat="48.7419060" lon="2.2961400">
    <ele>66.2</ele>
    <time>2020-11-07T10:05:46Z</time>
   </trkpt>
   <trkpt lat="48.7419010" lon="2.2961250">
    <ele>66.2</ele>
    <time>2020-11-07T10:05:47Z</time>
   </trkpt>
   <trkpt lat="48.7418910" lon="2.2960860">
    <ele>66.2</ele>
    <time>2020-11-07T10:05:48Z</time>
   </trkpt>
   <trkpt lat="48.7418810" lon="2.2960500">
    <ele>66.3</ele>
    <time>2020-11-07T10:05:49Z</time>
   </trkpt>
   <trkpt lat="48.7418690" lon="2.2959960">
    <ele>66.3</ele>
    <time>2020-11-07T10:05:51Z</time>
   </trkpt>
   <trkpt lat="48.7418510" lon="2.2959410">
    <ele>66.4</ele>
    <time>2020-11-07T10:05:52Z</time>
   </trkpt>
   <trkpt lat="48.7418440" lon="2.2959230">
    <ele>66.4</ele>
    <time>2020-11-07T10:05:53Z</time>
   </trkpt>
   <trkpt lat="48.7418290" lon="2.2958790">
    <ele>66.5</ele>
    <time>2020-11-07T10:05:54Z</time>
   </trkpt>
   <trkpt lat="48.7418160" lon="2.2958270">
    <ele>66.5</ele>
    <time>2020-11-07T10:05:55Z</time>
   </trkpt>
   <trkpt lat="48.7417990" lon="2.2957660">
    <ele>66.5</ele>
    <time>2020-11-07T10:05:57Z</time>
   </trkpt>
   <trkpt lat="48.7417890" lon="2.2957100">
    <ele>66.6</ele>
    <time>2020-11-07T10:05:58Z</time>
   </trkpt>
   <trkpt lat="48.7417860" lon="2.2956930">
    <ele>66.6</ele>
    <time>2020-11-07T10:05:59Z</time>
   </trkpt>
   <trkpt lat="48.7417750" lon="2.2956450">
    <ele>66.6</ele>
    <time>2020-11-07T10:06:00Z</time>
   </trkpt>
   <trkpt lat="48.7417710" lon="2.2956290">
    <ele>66.6</ele>
    <time>2020-11-07T10:06:01Z</time>
   </trkpt>
   <trkpt lat="48.7417630" lon="2.2955710">
    <ele>66.6</ele>
    <time>2020-11-07T10:06:02Z</time>
   </trkpt>
   <trkpt lat="48.7417600" lon="2.2955530">
    <ele>66.6</ele>
    <time>2020-11-07T10:06:03Z</time>
   </trkpt>
   <trkpt lat="48.7417510" lon="2.2955100">
    <ele>66.6</ele>
    <time>2020-11-07T10:06:05Z</time>
   </trkpt>
   <trkpt lat="48.7417370" lon="2.2954610">
    <ele>66.6</ele>
    <time>2020-11-07T10:06:06Z</time>
   </trkpt>
   <trkpt lat="48.7417250" lon="2.2954200">
    <ele>66.6</ele>
    <time>2020-11-07T10:06:07Z</time>
   </trkpt>
   <trkpt lat="48.7417000" lon="2.2953700">
    <ele>66.5</ele>
    <time>2020-11-07T10:06:08Z</time>
   </trkpt>
   <trkpt lat="48.7416870" lon="2.2953140">
    <ele>66.5</ele>
    <time>2020-11-07T10:06:10Z</time>
   </trkpt>
   <trkpt lat="48.7416750" lon="2.2952750">
    <ele>66.5</ele>
    <time>2020-11-07T10:06:11Z</time>
   </trkpt>
   <trkpt lat="48.7416620" lon="2.2952310">
    <ele>66.5</ele>
    <time>2020-11-07T10:06:12Z</time>
   </trkpt>
   <trkpt lat="48.7416590" lon="2.2952200">
    <ele>66.5</ele>
    <time>2020-11-07T10:06:13Z</time>
   </trkpt>
   <trkpt lat="48.7416500" lon="2.2951820">
    <ele>66.4</ele>
    <time>2020-11-07T10:06:14Z</time>
   </trkpt>
   <trkpt lat="48.7416460" lon="2.2951640">
    <ele>66.4</ele>
    <time>2020-11-07T10:06:15Z</time>
   </trkpt>
   <trkpt lat="48.7416350" lon="2.2951100">
    <ele>66.4</ele>
    <time>2020-11-07T10:06:16Z</time>
   </trkpt>
   <trkpt lat="48.7416300" lon="2.2950960">
    <ele>66.4</ele>
    <time>2020-11-07T10:06:17Z</time>
   </trkpt>
   <trkpt lat="48.7416140" lon="2.2950370">
    <ele>66.3</ele>
    <time>2020-11-07T10:06:19Z</time>
   </trkpt>
   <trkpt lat="48.7416070" lon="2.2950150">
    <ele>66.3</ele>
    <time>2020-11-07T10:06:20Z</time>
   </trkpt>
   <trkpt lat="48.7415940" lon="2.2949770">
    <ele>66.3</ele>
    <time>2020-11-07T10:06:21Z</time>
   </trkpt>
   <trkpt lat="48.7415790" lon="2.2949220">
    <ele>66.2</ele>
    <time>2020-11-07T10:06:22Z</time>
   </trkpt>
   <trkpt lat="48.7415750" lon="2.2949030">
    <ele>66.2</ele>
    <time>2020-11-07T10:06:23Z</time>
   </trkpt>
   <trkpt lat="48.7415630" lon="2.2948490">
    <ele>66.2</ele>
    <time>2020-11-07T10:06:24Z</time>
   </trkpt>
   <trkpt lat="48.7415590" lon="2.2948280">
    <ele>66.2</ele>
    <time>2020-11-07T10:06:25Z</time>
   </trkpt>
   <trkpt lat="48.7415470" lon="2.2947740">
    <ele>66.2</ele>
    <time>2020-11-07T10:06:27Z</time>
   </trkpt>
   <trkpt lat="48.7415370" lon="2.2947200">
    <ele>66.1</ele>
    <time>2020-11-07T10:06:28Z</time>
   </trkpt>
   <trkpt lat="48.7415330" lon="2.2947020">
    <ele>66.1</ele>
    <time>2020-11-07T10:06:29Z</time>
   </trkpt>
   <trkpt lat="48.7415190" lon="2.2946470">
    <ele>66.1</ele>
    <time>2020-11-07T10:06:30Z</time>
   </trkpt>
   <trkpt lat="48.7415130" lon="2.2946290">
    <ele>66.1</ele>
    <time>2020-11-07T10:06:31Z</time>
   </trkpt>
   <trkpt lat="48.7414950" lon="2.2945750">
    <ele>66.1</ele>
    <time>2020-11-07T10:06:32Z</time>
   </trkpt>
   <trkpt lat="48.7414880" lon="2.2945540">
    <ele>66.1</ele>
    <time>2020-11-07T10:06:33Z</time>
   </trkpt>
   <trkpt lat="48.7414740" lon="2.2945120">
    <ele>66.0</ele>
    <time>2020-11-07T10:06:34Z</time>
   </trkpt>
   <trkpt lat="48.7414550" lon="2.2944510">
    <ele>66.0</ele>
    <time>2020-11-07T10:06:36Z</time>
   </trkpt>
   <trkpt lat="48.7414460" lon="2.2944120">
    <ele>66.0</ele>
    <time>2020-11-07T10:06:37Z</time>
   </trkpt>
   <trkpt lat="48.7414360" lon="2.2943620">
    <ele>66.0</ele>
    <time>2020-11-07T10:06:38Z</time>
   </trkpt>
   <trkpt lat="48.7414340" lon="2.2943470">
    <ele>66.0</ele>
    <time>2020-11-07T10:06:39Z</time>
   </trkpt>
   <trkpt lat="48.7414290" lon="2.2943270">
    <ele>65.9</ele>
    <time>2020-11-07T10:06:40Z</time>
   </trkpt>
   <trkpt lat="48.7414180" lon="2.2943080">
    <ele>65.9</ele>
    <time>2020-11-07T10:06:41Z</time>
   </trkpt>
   <trkpt lat="48.7414030" lon="2.2942630">
    <ele>65.9</ele>
    <time>2020-11-07T10:06:42Z</time>
   </trkpt>
   <trkpt lat="48.7413980" lon="2.2942480">
    <ele>65.9</ele>
    <time>2020-11-07T10:06:43Z</time>
   </trkpt>
   <trkpt lat="48.7413910" lon="2.2942070">
    <ele>65.9</ele>
    <time>2020-11-07T10:06:45Z</time>
   </trkpt>
   <trkpt lat="48.7413800" lon="2.2941530">
    <ele>65.8</ele>
    <time>2020-11-07T10:06:46Z</time>
   </trkpt>
   <trkpt lat="48.7413580" lon="2.2940970">
    <ele>65.8</ele>
    <time>2020-11-07T10:06:47Z</time>
   </trkpt>
   <trkpt lat="48.7413330" lon="2.2940400">
    <ele>65.8</ele>
    <time>2020-11-07T10:06:48Z</time>
   </trkpt>
   <trkpt lat="48.7413110" lon="2.2939860">
    <ele>65.8</ele>
    <time>2020-11-07T10:06:49Z</time>
   </trkpt>
   <trkpt lat="48.7412860" lon="2.2939230">
    <ele>65.8</ele>
    <time>2020-11-07T10:06:51Z</time>
   </trkpt>
   <trkpt lat="48.7412650" lon="2.2938530">
    <ele>65.8</ele>
    <time>2020-11-07T10:06:53Z</time>
   </trkpt>
   <trkpt lat="48.7412570" lon="2.2938130">
    <ele>65.8</ele>
    <time>2020-11-07T10:06:54Z</time>
   </trkpt>
   <trkpt lat="48.7412450" lon="2.2937530">
    <ele>65.9</ele>
    <time>2020-11-07T10:06:55Z</time>
   </trkpt>
   <trkpt lat="48.7412400" lon="2.2937320">
    <ele>65.9</ele>
    <time>2020-11-07T10:06:56Z</time>
   </trkpt>
   <trkpt lat="48.7412250" lon="2.2936720">
    <ele>65.9</ele>
    <time>2020-11-07T10:06:57Z</time>
   </trkpt>
   <trkpt lat="48.7412150" lon="2.2936270">
    <ele>66.0</ele>
    <time>2020-11-07T10:06:58Z</time>
   </trkpt>
   <trkpt lat="48.7411990" lon="2.2935560">
    <ele>66.1</ele>
    <time>2020-11-07T10:07:00Z</time>
   </trkpt>
   <trkpt lat="48.7411870" lon="2.2935120">
    <ele>66.1</ele>
    <time>2020-11-07T10:07:01Z</time>
   </trkpt>
   <trkpt lat="48.7411740" lon="2.2934510">
    <ele>66.2</ele>
    <time>2020-11-07T10:07:02Z</time>
   </trkpt>
   <trkpt lat="48.7411680" lon="2.2934270">
    <ele>66.3</ele>
    <time>2020-11-07T10:07:03Z</time>
   </trkpt>
   <trkpt lat="48.7411590" lon="2.2933890">
    <ele>66.3</ele>
    <time>2020-11-07T10:07:04Z</time>
   </trkpt>
   <trkpt lat="48.7411460" lon="2.2933370">
    <ele>66.4</ele>
    <time>2020-11-07T10:07:06Z</time>
   </trkpt>
   <trkpt lat="48.7411330" lon="2.2932850">
    <ele>66.5</ele>
    <time>2020-11-07T10:07:07Z</time>
   </trkpt>
   <trkpt lat="48.7411270" lon="2.2932670">
    <ele>66.6</ele>
    <time>2020-11-07T10:07:08Z</time>
   </trkpt>
   <trkpt lat="48.7411090" lon="2.2932220">
    <ele>66.7</ele>
    <time>2020-11-07T10:07:09Z</time>
   </trkpt>
   <trkpt lat="48.7410930" lon="2.2931850">
    <ele>66.7</ele>
    <time>2020-11-07T10:07:10Z</time>
   </trkpt>
   <trkpt lat="48.7410760" lon="2.2931440">
    <ele>66.8</ele>
    <time>2020-11-07T10:07:11Z</time>
   </trkpt>
   <trkpt lat="48.7410600" lon="2.2930900">
    <ele>66.9</ele>
    <time>2020-11-07T10:07:13Z</time>
   </trkpt>
   <trkpt lat="48.7410550" lon="2.2930710">
    <ele>66.9</ele>
    <time>2020-11-07T10:07:14Z</time>
   </trkpt>
   <trkpt lat="48.7410460" lon="2.2930300">
    <ele>67.0</ele>
    <time>2020-11-07T10:07:15Z</time>
   </trkpt>
   <trkpt lat="48.7410400" lon="2.2929900">
    <ele>67.1</ele>
    <time>2020-11-07T10:07:16Z</time>
   </trkpt>
   <trkpt lat="48.7410290" lon="2.2929330">
    <ele>67.2</ele>
    <time>2020-11-07T10:07:18Z</time>
   </trkpt>
   <trkpt lat="48.7410250" lon="2.2929160">
    <ele>67.2</ele>
    <time>2020-11-07T10:07:19Z</time>
   </trkpt>
   <trkpt lat="48.7410150" lon="2.2928760">
    <ele>67.3</ele>
    <time>2020-11-07T10:07:20Z</time>
   </trkpt>
   <trkpt lat="48.7409980" lon="2.2928210">
    <ele>67.3</ele>
    <time>2020-11-07T10:07:21Z</time>
   </trkpt>
   <trkpt lat="48.7409930" lon="2.2928020">
    <ele>67.4</ele>
    <time>2020-11-07T10:07:22Z</time>
   </trkpt>
   <trkpt lat="48.7409720" lon="2.2927260">
    <ele>67.5</ele>
    <time>2020-11-07T10:07:24Z</time>
   </trkpt>
   <trkpt lat="48.7409630" lon="2.2927010">
    <ele>67.5</ele>
    <time>2020-11-07T10:07:25Z</time>
   </trkpt>
   <trkpt lat="48.7409530" lon="2.2926750">
    <ele>67.6</ele>
    <time>2020-11-07T10:07:26Z</time>
   </trkpt>
   <trkpt lat="48.7409360" lon="2.2926360">
    <ele>67.7</ele>
    <time>2020-11-07T10:07:27Z</time>
   </trkpt>
   <trkpt lat="48.7409250" lon="2.2925970">
    <ele>67.7</ele>
    <time>2020-11-07T10:07:28Z</time>
   </trkpt>
   <trkpt lat="48.7409130" lon="2.2925600">
    <ele>67.8</ele>
    <time>2020-11-07T10:07:29Z</time>
   </trkpt>
   <trkpt lat="48.7409030" lon="2.2925070">
    <ele>67.9</ele>
    <time>2020-11-07T10:07:30Z</time>
   </trkpt>
   <trkpt lat="48.7408990" lon="2.2924910">
    <ele>67.9</ele>
    <time>2020-11-07T10:07:31Z</time>
   </trkpt>
   <trkpt lat="48.7408890" lon="2.2924580">
    <ele>68.0</ele>
    <time>2020-11-07T10:07:32Z</time>
   </trkpt>
   <trkpt lat="48.7408810" lon="2.2924200">
    <ele>68.0</ele>
    <time>2020-11-07T10:07:34Z</time>
   </trkpt>
   <trkpt lat="48.7408810" lon="2.2923990">
    <ele>68.0</ele>
    <time>2020-11-07T10:07:35Z</time>
   </trkpt>
   <trkpt lat="48.7408780" lon="2.2923760">
    <ele>68.1</ele>
    <time>2020-11-07T10:07:36Z</time>
   </trkpt>
   <trkpt lat="48.7408680" lon="2.2923340">
    <ele>68.1</ele>
    <time>2020-11-07T10:07:37Z</time>
   </trkpt>
   <trkpt lat="48.7408620" lon="2.2923160">
    <ele>68.2</ele>
    <time>2020-11-07T10:07:38Z</time>
   </trkpt>
   <trkpt lat="48.7408480" lon="2.2922740">
    <ele>68.2</ele>
    <time>2020-11-07T10:07:39Z</time>
   </trkpt>
   <trkpt lat="48.7408350" lon="2.2922340">
    <ele>68.3</ele>
    <time>2020-11-07T10:07:40Z</time>
   </trkpt>
   <trkpt lat="48.7408140" lon="2.2921840">
    <ele>68.4</ele>
    <time>2020-11-07T10:07:42Z</time>
   </trkpt>
   <trkpt lat="48.7407920" lon="2.2921220">
    <ele>68.5</ele>
    <time>2020-11-07T10:07:43Z</time>
   </trkpt>
   <trkpt lat="48.7407600" lon="2.2920470">
    <ele>68.6</ele>
    <time>2020-11-07T10:07:45Z</time>
   </trkpt>
   <trkpt lat="48.7407010" lon="2.2919260">
    <ele>68.8</ele>
    <time>2020-11-07T10:07:48Z</time>
   </trkpt>
   <trkpt lat="48.7406610" lon="2.2918430">
    <ele>69.0</ele>
    <time>2020-11-07T10:07:50Z</time>
   </trkpt>
   <trkpt lat="48.7406430" lon="2.2918050">
    <ele>69.0</ele>
    <time>2020-11-07T10:07:51Z</time>
   </trkpt>
   <trkpt lat="48.7406080" lon="2.2917260">
    <ele>69.2</ele>
    <time>2020-11-07T10:07:53Z</time>
   </trkpt>
   <trkpt lat="48.7405760" lon="2.2916520">
    <ele>69.4</ele>
    <time>2020-11-07T10:07:55Z</time>
   </trkpt>
   <trkpt lat="48.7405600" lon="2.2916150">
    <ele>69.4</ele>
    <time>2020-11-07T10:07:56Z</time>
   </trkpt>
   <trkpt lat="48.7405450" lon="2.2915770">
    <ele>69.4</ele>
    <time>2020-11-07T10:07:57Z</time>
   </trkpt>
   <trkpt lat="48.7405310" lon="2.2915370">
    <ele>69.5</ele>
    <time>2020-11-07T10:07:58Z</time>
   </trkpt>
   <trkpt lat="48.7405170" lon="2.2914990">
    <ele>69.5</ele>
    <time>2020-11-07T10:07:59Z</time>
   </trkpt>
   <trkpt lat="48.7404930" lon="2.2914230">
    <ele>69.5</ele>
    <time>2020-11-07T10:08:01Z</time>
   </trkpt>
   <trkpt lat="48.7404810" lon="2.2913750">
    <ele>69.6</ele>
    <time>2020-11-07T10:08:02Z</time>
   </trkpt>
   <trkpt lat="48.7404610" lon="2.2913170">
    <ele>69.6</ele>
    <time>2020-11-07T10:08:04Z</time>
   </trkpt>
   <trkpt lat="48.7404500" lon="2.2912960">
    <ele>69.6</ele>
    <time>2020-11-07T10:08:05Z</time>
   </trkpt>
   <trkpt lat="48.7404400" lon="2.2912760">
    <ele>69.7</ele>
    <time>2020-11-07T10:08:06Z</time>
   </trkpt>
   <trkpt lat="48.7404240" lon="2.2912230">
    <ele>69.7</ele>
    <time>2020-11-07T10:08:07Z</time>
   </trkpt>
   <trkpt lat="48.7404200" lon="2.2912050">
    <ele>69.7</ele>
    <time>2020-11-07T10:08:08Z</time>
   </trkpt>
   <trkpt lat="48.7404500" lon="2.2911910">
    <ele>69.7</ele>
    <time>2020-11-07T10:08:09Z</time>
   </trkpt>
   <trkpt lat="48.7404630" lon="2.2911960">
    <ele>69.7</ele>
    <time>2020-11-07T10:08:10Z</time>
   </trkpt>
   <trkpt lat="48.7404840" lon="2.2912210">
    <ele>69.8</ele>
    <time>2020-11-07T10:08:11Z</time>
   </trkpt>
   <trkpt lat="48.7405030" lon="2.2912740">
    <ele>69.8</ele>
    <time>2020-11-07T10:08:12Z</time>
   </trkpt>
   <trkpt lat="48.7405070" lon="2.2912960">
    <ele>69.8</ele>
    <time>2020-11-07T10:08:13Z</time>
   </trkpt>
   <trkpt lat="48.7405140" lon="2.2913330">
    <ele>69.9</ele>
    <time>2020-11-07T10:08:14Z</time>
   </trkpt>
   <trkpt lat="48.7405210" lon="2.2913750">
    <ele>69.9</ele>
    <time>2020-11-07T10:08:16Z</time>
   </trkpt>
   <trkpt lat="48.7405320" lon="2.2914170">
    <ele>69.8</ele>
    <time>2020-11-07T10:08:17Z</time>
   </trkpt>
   <trkpt lat="48.7405490" lon="2.2914670">
    <ele>69.7</ele>
    <time>2020-11-07T10:08:18Z</time>
   </trkpt>
   <trkpt lat="48.7405530" lon="2.2914820">
    <ele>69.7</ele>
    <time>2020-11-07T10:08:19Z</time>
   </trkpt>
   <trkpt lat="48.7405670" lon="2.2915290">
    <ele>69.6</ele>
    <time>2020-11-07T10:08:20Z</time>
   </trkpt>
   <trkpt lat="48.7405730" lon="2.2915460">
    <ele>69.5</ele>
    <time>2020-11-07T10:08:21Z</time>
   </trkpt>
   <trkpt lat="48.7405900" lon="2.2915990">
    <ele>69.4</ele>
    <time>2020-11-07T10:08:22Z</time>
   </trkpt>
   <trkpt lat="48.7405960" lon="2.2916170">
    <ele>69.4</ele>
    <time>2020-11-07T10:08:23Z</time>
   </trkpt>
   <trkpt lat="48.7406080" lon="2.2916650">
    <ele>69.3</ele>
    <time>2020-11-07T10:08:25Z</time>
   </trkpt>
   <trkpt lat="48.7406120" lon="2.2916790">
    <ele>69.3</ele>
    <time>2020-11-07T10:08:26Z</time>
   </trkpt>
   <trkpt lat="48.7406370" lon="2.2917370">
    <ele>69.1</ele>
    <time>2020-11-07T10:08:27Z</time>
   </trkpt>
   <trkpt lat="48.7406470" lon="2.2917610">
    <ele>69.1</ele>
    <time>2020-11-07T10:08:28Z</time>
   </trkpt>
   <trkpt lat="48.7406640" lon="2.2917990">
    <ele>69.0</ele>
    <time>2020-11-07T10:08:29Z</time>
   </trkpt>
   <trkpt lat="48.7406800" lon="2.2918380">
    <ele>68.9</ele>
    <time>2020-11-07T10:08:30Z</time>
   </trkpt>
   <trkpt lat="48.7406950" lon="2.2918760">
    <ele>68.9</ele>
    <time>2020-11-07T10:08:31Z</time>
   </trkpt>
   <trkpt lat="48.7407070" lon="2.2919160">
    <ele>68.8</ele>
    <time>2020-11-07T10:08:32Z</time>
   </trkpt>
   <trkpt lat="48.7407260" lon="2.2919700">
    <ele>68.7</ele>
    <time>2020-11-07T10:08:33Z</time>
   </trkpt>
   <trkpt lat="48.7407320" lon="2.2919890">
    <ele>68.7</ele>
    <time>2020-11-07T10:08:34Z</time>
   </trkpt>
   <trkpt lat="48.7407420" lon="2.2920250">
    <ele>68.6</ele>
    <time>2020-11-07T10:08:35Z</time>
   </trkpt>
   <trkpt lat="48.7407610" lon="2.2920740">
    <ele>68.6</ele>
    <time>2020-11-07T10:08:37Z</time>
   </trkpt>
   <trkpt lat="48.7407730" lon="2.2920960">
    <ele>68.5</ele>
    <time>2020-11-07T10:08:38Z</time>
   </trkpt>
   <trkpt lat="48.7407800" lon="2.2921210">
    <ele>68.5</ele>
    <time>2020-11-07T10:08:39Z</time>
   </trkpt>
   <trkpt lat="48.7407930" lon="2.2921760">
    <ele>68.4</ele>
    <time>2020-11-07T10:08:40Z</time>
   </trkpt>
   <trkpt lat="48.7407990" lon="2.2921970">
    <ele>68.4</ele>
    <time>2020-11-07T10:08:41Z</time>
   </trkpt>
   <trkpt lat="48.7408090" lon="2.2922390">
    <ele>68.3</ele>
    <time>2020-11-07T10:08:42Z</time>
   </trkpt>
   <trkpt lat="48.7408290" lon="2.2923030">
    <ele>68.2</ele>
    <time>2020-11-07T10:08:44Z</time>
   </trkpt>
   <trkpt lat="48.7408390" lon="2.2923410">
    <ele>68.2</ele>
    <time>2020-11-07T10:08:45Z</time>
   </trkpt>
   <trkpt lat="48.7408510" lon="2.2923790">
    <ele>68.1</ele>
    <time>2020-11-07T10:08:46Z</time>
   </trkpt>
   <trkpt lat="48.7408660" lon="2.2924160">
    <ele>68.0</ele>
    <time>2020-11-07T10:08:47Z</time>
   </trkpt>
   <trkpt lat="48.7408820" lon="2.2924660">
    <ele>68.0</ele>
    <time>2020-11-07T10:08:48Z</time>
   </trkpt>
   <trkpt lat="48.7408870" lon="2.2924840">
    <ele>67.9</ele>
    <time>2020-11-07T10:08:49Z</time>
   </trkpt>
   <trkpt lat="48.7408990" lon="2.2925200">
    <ele>67.9</ele>
    <time>2020-11-07T10:08:50Z</time>
   </trkpt>
   <trkpt lat="48.7409110" lon="2.2925590">
    <ele>67.8</ele>
    <time>2020-11-07T10:08:51Z</time>
   </trkpt>
   <trkpt lat="48.7409270" lon="2.2926150">
    <ele>67.7</ele>
    <time>2020-11-07T10:08:52Z</time>
   </trkpt>
   <trkpt lat="48.7409320" lon="2.2926360">
    <ele>67.7</ele>
    <time>2020-11-07T10:08:53Z</time>
   </trkpt>
   <trkpt lat="48.7409450" lon="2.2926800">
    <ele>67.6</ele>
    <time>2020-11-07T10:08:54Z</time>
   </trkpt>
   <trkpt lat="48.7409570" lon="2.2927260">
    <ele>67.5</ele>
    <time>2020-11-07T10:08:56Z</time>
   </trkpt>
   <trkpt lat="48.7409720" lon="2.2927710">
    <ele>67.4</ele>
    <time>2020-11-07T10:08:57Z</time>
   </trkpt>
   <trkpt lat="48.7409850" lon="2.2928180">
    <ele>67.4</ele>
    <time>2020-11-07T10:08:58Z</time>
   </trkpt>
   <trkpt lat="48.7409900" lon="2.2928370">
    <ele>67.3</ele>
    <time>2020-11-07T10:08:59Z</time>
   </trkpt>
   <trkpt lat="48.7409990" lon="2.2928770">
    <ele>67.3</ele>
    <time>2020-11-07T10:09:00Z</time>
   </trkpt>
   <trkpt lat="48.7410120" lon="2.2929310">
    <ele>67.2</ele>
    <time>2020-11-07T10:09:02Z</time>
   </trkpt>
   <trkpt lat="48.7410230" lon="2.2929690">
    <ele>67.1</ele>
    <time>2020-11-07T10:09:03Z</time>
   </trkpt>
   <trkpt lat="48.7410410" lon="2.2930170">
    <ele>67.0</ele>
    <time>2020-11-07T10:09:04Z</time>
   </trkpt>
   <trkpt lat="48.7410470" lon="2.2930340">
    <ele>67.0</ele>
    <time>2020-11-07T10:09:05Z</time>
   </trkpt>
   <trkpt lat="48.7410600" lon="2.2930720">
    <ele>66.9</ele>
    <time>2020-11-07T10:09:06Z</time>
   </trkpt>
   <trkpt lat="48.7410770" lon="2.2931210">
    <ele>66.9</ele>
    <time>2020-11-07T10:09:07Z</time>
   </trkpt>
   <trkpt lat="48.7410820" lon="2.2931380">
    <ele>66.8</ele>
    <time>2020-11-07T10:09:08Z</time>
   </trkpt>
   <trkpt lat="48.7410980" lon="2.2931960">
    <ele>66.7</ele>
    <time>2020-11-07T10:09:09Z</time>
   </trkpt>
   <trkpt lat="48.7411040" lon="2.2932180">
    <ele>66.7</ele>
    <time>2020-11-07T10:09:10Z</time>
   </trkpt>
   <trkpt lat="48.7411200" lon="2.2932650">
    <ele>66.6</ele>
    <time>2020-11-07T10:09:12Z</time>
   </trkpt>
   <trkpt lat="48.7411310" lon="2.2933060">
    <ele>66.5</ele>
    <time>2020-11-07T10:09:13Z</time>
   </trkpt>
   <trkpt lat="48.7411450" lon="2.2933610">
    <ele>66.4</ele>
    <time>2020-11-07T10:09:14Z</time>
   </trkpt>
   <trkpt lat="48.7411530" lon="2.2934000">
    <ele>66.3</ele>
    <time>2020-11-07T10:09:15Z</time>
   </trkpt>
   <trkpt lat="48.7411710" lon="2.2934490">
    <ele>66.2</ele>
    <time>2020-11-07T10:09:16Z</time>
   </trkpt>
   <trkpt lat="48.7411780" lon="2.2934640">
    <ele>66.2</ele>
    <time>2020-11-07T10:09:17Z</time>
   </trkpt>
   <trkpt lat="48.7411890" lon="2.2935030">
    <ele>66.2</ele>
    <time>2020-11-07T10:09:18Z</time>
   </trkpt>
   <trkpt lat="48.7411990" lon="2.2935420">
    <ele>66.1</ele>
    <time>2020-11-07T10:09:19Z</time>
   </trkpt>
   <trkpt lat="48.7412120" lon="2.2935830">
    <ele>66.0</ele>
    <time>2020-11-07T10:09:20Z</time>
   </trkpt>
   <trkpt lat="48.7412310" lon="2.2936560">
    <ele>66.0</ele>
    <time>2020-11-07T10:09:22Z</time>
   </trkpt>
   <trkpt lat="48.7412350" lon="2.2936820">
    <ele>65.9</ele>
    <time>2020-11-07T10:09:23Z</time>
   </trkpt>
   <trkpt lat="48.7412400" lon="2.2937080">
    <ele>65.9</ele>
    <time>2020-11-07T10:09:24Z</time>
   </trkpt>
   <trkpt lat="48.7412520" lon="2.2937480">
    <ele>65.9</ele>
    <time>2020-11-07T10:09:25Z</time>
   </trkpt>
   <trkpt lat="48.7412630" lon="2.2938020">
    <ele>65.8</ele>
    <time>2020-11-07T10:09:26Z</time>
   </trkpt>
   <trkpt lat="48.7412710" lon="2.2938550">
    <ele>65.8</ele>
    <time>2020-11-07T10:09:27Z</time>
   </trkpt>
   <trkpt lat="48.7412810" lon="2.2938970">
    <ele>65.8</ele>
    <time>2020-11-07T10:09:28Z</time>
   </trkpt>
   <trkpt lat="48.7412960" lon="2.2939390">
    <ele>65.8</ele>
    <time>2020-11-07T10:09:30Z</time>
   </trkpt>
   <trkpt lat="48.7413060" lon="2.2939810">
    <ele>65.8</ele>
    <time>2020-11-07T10:09:31Z</time>
   </trkpt>
   <trkpt lat="48.7413180" lon="2.2940350">
    <ele>65.8</ele>
    <time>2020-11-07T10:09:32Z</time>
   </trkpt>
   <trkpt lat="48.7413370" lon="2.2940740">
    <ele>65.8</ele>
    <time>2020-11-07T10:09:33Z</time>
   </trkpt>
   <trkpt lat="48.7413430" lon="2.2940880">
    <ele>65.8</ele>
    <time>2020-11-07T10:09:34Z</time>
   </trkpt>
   <trkpt lat="48.7413560" lon="2.2941150">
    <ele>65.8</ele>
    <time>2020-11-07T10:09:35Z</time>
   </trkpt>
   <trkpt lat="48.7413680" lon="2.2941400">
    <ele>65.8</ele>
    <time>2020-11-07T10:09:37Z</time>
   </trkpt>
   <trkpt lat="48.7413830" lon="2.2941830">
    <ele>65.9</ele>
    <time>2020-11-07T10:09:38Z</time>
   </trkpt>
   <trkpt lat="48.7413880" lon="2.2941990">
    <ele>65.9</ele>
    <time>2020-11-07T10:09:39Z</time>
   </trkpt>
   <trkpt lat="48.7414030" lon="2.2942570">
    <ele>65.9</ele>
    <time>2020-11-07T10:09:40Z</time>
   </trkpt>
   <trkpt lat="48.7414070" lon="2.2942810">
    <ele>65.9</ele>
    <time>2020-11-07T10:09:41Z</time>
   </trkpt>
   <trkpt lat="48.7414160" lon="2.2943220">
    <ele>65.9</ele>
    <time>2020-11-07T10:09:42Z</time>
   </trkpt>
   <trkpt lat="48.7414290" lon="2.2943780">
    <ele>66.0</ele>
    <time>2020-11-07T10:09:43Z</time>
   </trkpt>
   <trkpt lat="48.7414340" lon="2.2943950">
    <ele>66.0</ele>
    <time>2020-11-07T10:09:44Z</time>
   </trkpt>
   <trkpt lat="48.7414420" lon="2.2944350">
    <ele>66.0</ele>
    <time>2020-11-07T10:09:45Z</time>
   </trkpt>
   <trkpt lat="48.7414540" lon="2.2944800">
    <ele>66.0</ele>
    <time>2020-11-07T10:09:46Z</time>
   </trkpt>
   <trkpt lat="48.7414580" lon="2.2944930">
    <ele>66.0</ele>
    <time>2020-11-07T10:09:47Z</time>
   </trkpt>
   <trkpt lat="48.7414710" lon="2.2945400">
    <ele>66.0</ele>
    <time>2020-11-07T10:09:48Z</time>
   </trkpt>
   <trkpt lat="48.7414750" lon="2.2945570">
    <ele>66.0</ele>
    <time>2020-11-07T10:09:49Z</time>
   </trkpt>
   <trkpt lat="48.7414840" lon="2.2945960">
    <ele>66.1</ele>
    <time>2020-11-07T10:09:51Z</time>
   </trkpt>
   <trkpt lat="48.7414930" lon="2.2946360">
    <ele>66.1</ele>
    <time>2020-11-07T10:09:52Z</time>
   </trkpt>
   <trkpt lat="48.7414960" lon="2.2946910">
    <ele>66.1</ele>
    <time>2020-11-07T10:09:53Z</time>
   </trkpt>
   <trkpt lat="48.7414980" lon="2.2947090">
    <ele>66.1</ele>
    <time>2020-11-07T10:09:54Z</time>
   </trkpt>
   <trkpt lat="48.7415140" lon="2.2947640">
    <ele>66.1</ele>
    <time>2020-11-07T10:09:55Z</time>
   </trkpt>
   <trkpt lat="48.7415190" lon="2.2947840">
    <ele>66.2</ele>
    <time>2020-11-07T10:09:56Z</time>
   </trkpt>
   <trkpt lat="48.7415380" lon="2.2948440">
    <ele>66.2</ele>
    <time>2020-11-07T10:09:58Z</time>
   </trkpt>
   <trkpt lat="48.7415500" lon="2.2948900">
    <ele>66.2</ele>
    <time>2020-11-07T10:09:59Z</time>
   </trkpt>
   <trkpt lat="48.7415670" lon="2.2949440">
    <ele>66.3</ele>
    <time>2020-11-07T10:10:00Z</time>
   </trkpt>
   <trkpt lat="48.7415720" lon="2.2949620">
    <ele>66.3</ele>
    <time>2020-11-07T10:10:01Z</time>
   </trkpt>
   <trkpt lat="48.7415880" lon="2.2950170">
    <ele>66.3</ele>
    <time>2020-11-07T10:10:02Z</time>
   </trkpt>
   <trkpt lat="48.7415920" lon="2.2950370">
    <ele>66.3</ele>
    <time>2020-11-07T10:10:03Z</time>
   </trkpt>
   <trkpt lat="48.7416050" lon="2.2950750">
    <ele>66.4</ele>
    <time>2020-11-07T10:10:04Z</time>
   </trkpt>
   <trkpt lat="48.7416200" lon="2.2951170">
    <ele>66.4</ele>
    <time>2020-11-07T10:10:05Z</time>
   </trkpt>
   <trkpt lat="48.7416320" lon="2.2951620">
    <ele>66.4</ele>
    <time>2020-11-07T10:10:06Z</time>
   </trkpt>
   <trkpt lat="48.7416450" lon="2.2952080">
    <ele>66.5</ele>
    <time>2020-11-07T10:10:07Z</time>
   </trkpt>
   <trkpt lat="48.7416540" lon="2.2952530">
    <ele>66.5</ele>
    <time>2020-11-07T10:10:08Z</time>
   </trkpt>
   <trkpt lat="48.7416720" lon="2.2953190">
    <ele>66.5</ele>
    <time>2020-11-07T10:10:10Z</time>
   </trkpt>
   <trkpt lat="48.7416770" lon="2.2953390">
    <ele>66.5</ele>
    <time>2020-11-07T10:10:11Z</time>
   </trkpt>
   <trkpt lat="48.7416830" lon="2.2953580">
    <ele>66.5</ele>
    <time>2020-11-07T10:10:12Z</time>
   </trkpt>
   <trkpt lat="48.7416970" lon="2.2953990">
    <ele>66.6</ele>
    <time>2020-11-07T10:10:13Z</time>
   </trkpt>
   <trkpt lat="48.7417110" lon="2.2954340">
    <ele>66.6</ele>
    <time>2020-11-07T10:10:14Z</time>
   </trkpt>
   <trkpt lat="48.7417240" lon="2.2954870">
    <ele>66.6</ele>
    <time>2020-11-07T10:10:15Z</time>
   </trkpt>
   <trkpt lat="48.7417280" lon="2.2955060">
    <ele>66.6</ele>
    <time>2020-11-07T10:10:16Z</time>
   </trkpt>
   <trkpt lat="48.7417390" lon="2.2955490">
    <ele>66.6</ele>
    <time>2020-11-07T10:10:17Z</time>
   </trkpt>
   <trkpt lat="48.7417510" lon="2.2955890">
    <ele>66.6</ele>
    <time>2020-11-07T10:10:18Z</time>
   </trkpt>
   <trkpt lat="48.7417610" lon="2.2956280">
    <ele>66.6</ele>
    <time>2020-11-07T10:10:19Z</time>
   </trkpt>
   <trkpt lat="48.7417740" lon="2.2956790">
    <ele>66.6</ele>
    <time>2020-11-07T10:10:21Z</time>
   </trkpt>
   <trkpt lat="48.7417860" lon="2.2957340">
    <ele>66.6</ele>
    <time>2020-11-07T10:10:22Z</time>
   </trkpt>
   <trkpt lat="48.7417900" lon="2.2957520">
    <ele>66.6</ele>
    <time>2020-11-07T10:10:23Z</time>
   </trkpt>
   <trkpt lat="48.7418070" lon="2.2957990">
    <ele>66.5</ele>
    <time>2020-11-07T10:10:24Z</time>
   </trkpt>
   <trkpt lat="48.7418130" lon="2.2958140">
    <ele>66.5</ele>
    <time>2020-11-07T10:10:25Z</time>
   </trkpt>
   <trkpt lat="48.7418270" lon="2.2958520">
    <ele>66.5</ele>
    <time>2020-11-07T10:10:26Z</time>
   </trkpt>
   <trkpt lat="48.7418400" lon="2.2958920">
    <ele>66.4</ele>
    <time>2020-11-07T10:10:27Z</time>
   </trkpt>
   <trkpt lat="48.7418540" lon="2.2959330">
    <ele>66.4</ele>
    <time>2020-11-07T10:10:28Z</time>
   </trkpt>
   <trkpt lat="48.7418610" lon="2.2959750">
    <ele>66.4</ele>
    <time>2020-11-07T10:10:30Z</time>
   </trkpt>
   <trkpt lat="48.7418650" lon="2.2960010">
    <ele>66.3</ele>
    <time>2020-11-07T10:10:31Z</time>
   </trkpt>
   <trkpt lat="48.7418750" lon="2.2960240">
    <ele>66.3</ele>
    <time>2020-11-07T10:10:32Z</time>
   </trkpt>
   <trkpt lat="48.7418890" lon="2.2960710">
    <ele>66.2</ele>
    <time>2020-11-07T10:10:33Z</time>
   </trkpt>
   <trkpt lat="48.7418930" lon="2.2960930">
    <ele>66.2</ele>
    <time>2020-11-07T10:10:34Z</time>
   </trkpt>
   <trkpt lat="48.7418870" lon="2.2961290">
    <ele>66.2</ele>
    <time>2020-11-07T10:10:35Z</time>
   </trkpt>
   <trkpt lat="48.7417630" lon="2.2963870">
    <ele>67.4</ele>
    <time>2020-11-07T10:10:43Z</time>
   </trkpt>
   <trkpt lat="48.7417470" lon="2.2964050">
    <ele>67.5</ele>
    <time>2020-11-07T10:10:44Z</time>
   </trkpt>
   <trkpt lat="48.7417170" lon="2.2964400">
    <ele>67.9</ele>
    <time>2020-11-07T10:10:46Z</time>
   </trkpt>
   <trkpt lat="48.7416940" lon="2.2964560">
    <ele>68.1</ele>
    <time>2020-11-07T10:10:47Z</time>
   </trkpt>
   <trkpt lat="48.7416660" lon="2.2964770">
    <ele>68.3</ele>
    <time>2020-11-07T10:10:49Z</time>
   </trkpt>
   <trkpt lat="48.7416360" lon="2.2964980">
    <ele>68.6</ele>
    <time>2020-11-07T10:10:50Z</time>
   </trkpt>
   <trkpt lat="48.7416250" lon="2.2965060">
    <ele>68.7</ele>
    <time>2020-11-07T10:10:51Z</time>
   </trkpt>
   <trkpt lat="48.7415940" lon="2.2965240">
    <ele>68.9</ele>
    <time>2020-11-07T10:10:52Z</time>
   </trkpt>
   <trkpt lat="48.7415850" lon="2.2965280">
    <ele>69.0</ele>
    <time>2020-11-07T10:10:53Z</time>
   </trkpt>
   <trkpt lat="48.7415680" lon="2.2965340">
    <ele>69.1</ele>
    <time>2020-11-07T10:10:55Z</time>
   </trkpt>
   <trkpt lat="48.7415540" lon="2.2965450">
    <ele>69.2</ele>
    <time>2020-11-07T10:10:56Z</time>
   </trkpt>
   <trkpt lat="48.7415360" lon="2.2965550">
    <ele>69.3</ele>
    <time>2020-11-07T10:10:57Z</time>
   </trkpt>
   <trkpt lat="48.7415220" lon="2.2965640">
    <ele>69.4</ele>
    <time>2020-11-07T10:10:58Z</time>
   </trkpt>
   <trkpt lat="48.7415060" lon="2.2965730">
    <ele>69.5</ele>
    <time>2020-11-07T10:10:59Z</time>
   </trkpt>
   <trkpt lat="48.7414950" lon="2.2965770">
    <ele>69.6</ele>
    <time>2020-11-07T10:11:00Z</time>
   </trkpt>
   <trkpt lat="48.7414850" lon="2.2965820">
    <ele>69.7</ele>
    <time>2020-11-07T10:11:01Z</time>
   </trkpt>
   <trkpt lat="48.7414520" lon="2.2965970">
    <ele>69.9</ele>
    <time>2020-11-07T10:11:02Z</time>
   </trkpt>
   <trkpt lat="48.7414400" lon="2.2965990">
    <ele>70.0</ele>
    <time>2020-11-07T10:11:03Z</time>
   </trkpt>
   <trkpt lat="48.7414100" lon="2.2966130">
    <ele>70.2</ele>
    <time>2020-11-07T10:11:04Z</time>
   </trkpt>
   <trkpt lat="48.7414000" lon="2.2966160">
    <ele>70.2</ele>
    <time>2020-11-07T10:11:05Z</time>
   </trkpt>
   <trkpt lat="48.7413840" lon="2.2966280">
    <ele>70.4</ele>
    <time>2020-11-07T10:11:07Z</time>
   </trkpt>
   <trkpt lat="48.7413690" lon="2.2966440">
    <ele>70.5</ele>
    <time>2020-11-07T10:11:08Z</time>
   </trkpt>
   <trkpt lat="48.7413580" lon="2.2966540">
    <ele>70.5</ele>
    <time>2020-11-07T10:11:09Z</time>
   </trkpt>
   <trkpt lat="48.7413430" lon="2.2966630">
    <ele>70.6</ele>
    <time>2020-11-07T10:11:10Z</time>
   </trkpt>
   <trkpt lat="48.7413280" lon="2.2966790">
    <ele>70.7</ele>
    <time>2020-11-07T10:11:11Z</time>
   </trkpt>
   <trkpt lat="48.7413080" lon="2.2967010">
    <ele>70.9</ele>
    <time>2020-11-07T10:11:13Z</time>
   </trkpt>
   <trkpt lat="48.7412770" lon="2.2967340">
    <ele>71.1</ele>
    <time>2020-11-07T10:11:14Z</time>
   </trkpt>
   <trkpt lat="48.7412470" lon="2.2967540">
    <ele>71.3</ele>
    <time>2020-11-07T10:11:15Z</time>
   </trkpt>
   <trkpt lat="48.7412380" lon="2.2967590">
    <ele>71.4</ele>
    <time>2020-11-07T10:11:16Z</time>
   </trkpt>
   <trkpt lat="48.7412170" lon="2.2967820">
    <ele>71.5</ele>
    <time>2020-11-07T10:11:17Z</time>
   </trkpt>
   <trkpt lat="48.7411960" lon="2.2967970">
    <ele>71.6</ele>
    <time>2020-11-07T10:11:19Z</time>
   </trkpt>
   <trkpt lat="48.7411660" lon="2.2968110">
    <ele>71.8</ele>
    <time>2020-11-07T10:11:20Z</time>
   </trkpt>
   <trkpt lat="48.7411570" lon="2.2968140">
    <ele>71.9</ele>
    <time>2020-11-07T10:11:21Z</time>
   </trkpt>
   <trkpt lat="48.7411290" lon="2.2968320">
    <ele>72.1</ele>
    <time>2020-11-07T10:11:22Z</time>
   </trkpt>
   <trkpt lat="48.7411200" lon="2.2968400">
    <ele>72.1</ele>
    <time>2020-11-07T10:11:23Z</time>
   </trkpt>
   <trkpt lat="48.7410940" lon="2.2968780">
    <ele>72.3</ele>
    <time>2020-11-07T10:11:24Z</time>
   </trkpt>
   <trkpt lat="48.7410850" lon="2.2968890">
    <ele>72.4</ele>
    <time>2020-11-07T10:11:25Z</time>
   </trkpt>
   <trkpt lat="48.7410680" lon="2.2969130">
    <ele>72.5</ele>
    <time>2020-11-07T10:11:26Z</time>
   </trkpt>
   <trkpt lat="48.7410490" lon="2.2969160">
    <ele>72.6</ele>
    <time>2020-11-07T10:11:28Z</time>
   </trkpt>
   <trkpt lat="48.7410180" lon="2.2969240">
    <ele>72.8</ele>
    <time>2020-11-07T10:11:29Z</time>
   </trkpt>
   <trkpt lat="48.7410070" lon="2.2969240">
    <ele>72.9</ele>
    <time>2020-11-07T10:11:30Z</time>
   </trkpt>
   <trkpt lat="48.7409720" lon="2.2969460">
    <ele>73.1</ele>
    <time>2020-11-07T10:11:31Z</time>
   </trkpt>
   <trkpt lat="48.7409610" lon="2.2969560">
    <ele>73.2</ele>
    <time>2020-11-07T10:11:32Z</time>
   </trkpt>
   <trkpt lat="48.7409310" lon="2.2969720">
    <ele>73.4</ele>
    <time>2020-11-07T10:11:33Z</time>
   </trkpt>
   <trkpt lat="48.7409210" lon="2.2969760">
    <ele>73.4</ele>
    <time>2020-11-07T10:11:34Z</time>
   </trkpt>
   <trkpt lat="48.7409050" lon="2.2969900">
    <ele>73.6</ele>
    <time>2020-11-07T10:11:35Z</time>
   </trkpt>
   <trkpt lat="48.7408830" lon="2.2970120">
    <ele>73.7</ele>
    <time>2020-11-07T10:11:37Z</time>
   </trkpt>
   <trkpt lat="48.7408560" lon="2.2970400">
    <ele>73.9</ele>
    <time>2020-11-07T10:11:38Z</time>
   </trkpt>
   <trkpt lat="48.7408280" lon="2.2970680">
    <ele>74.1</ele>
    <time>2020-11-07T10:11:39Z</time>
   </trkpt>
   <trkpt lat="48.7407980" lon="2.2971020">
    <ele>74.4</ele>
    <time>2020-11-07T10:11:40Z</time>
   </trkpt>
   <trkpt lat="48.7407750" lon="2.2971300">
    <ele>74.5</ele>
    <time>2020-11-07T10:11:41Z</time>
   </trkpt>
   <trkpt lat="48.7407400" lon="2.2971730">
    <ele>74.8</ele>
    <time>2020-11-07T10:11:43Z</time>
   </trkpt>
   <trkpt lat="48.7407290" lon="2.2971860">
    <ele>74.9</ele>
    <time>2020-11-07T10:11:44Z</time>
   </trkpt>
   <trkpt lat="48.7407180" lon="2.2971990">
    <ele>75.0</ele>
    <time>2020-11-07T10:11:45Z</time>
   </trkpt>
   <trkpt lat="48.7406930" lon="2.2972210">
    <ele>75.2</ele>
    <time>2020-11-07T10:11:46Z</time>
   </trkpt>
   <trkpt lat="48.7406840" lon="2.2972270">
    <ele>75.3</ele>
    <time>2020-11-07T10:11:47Z</time>
   </trkpt>
   <trkpt lat="48.7406550" lon="2.2972600">
    <ele>75.5</ele>
    <time>2020-11-07T10:11:49Z</time>
   </trkpt>
   <trkpt lat="48.7406470" lon="2.2972680">
    <ele>75.6</ele>
    <time>2020-11-07T10:11:50Z</time>
   </trkpt>
   <trkpt lat="48.7406220" lon="2.2972900">
    <ele>75.8</ele>
    <time>2020-11-07T10:11:51Z</time>
   </trkpt>
   <trkpt lat="48.7406120" lon="2.2972950">
    <ele>75.9</ele>
    <time>2020-11-07T10:11:52Z</time>
   </trkpt>
   <trkpt lat="48.7405950" lon="2.2972960">
    <ele>76.0</ele>
    <time>2020-11-07T10:11:53Z</time>
   </trkpt>
   <trkpt lat="48.7405760" lon="2.2972910">
    <ele>76.2</ele>
    <time>2020-11-07T10:11:54Z</time>
   </trkpt>
   <trkpt lat="48.7405590" lon="2.2972860">
    <ele>77.0</ele>
    <time>2020-11-07T10:11:55Z</time>
   </trkpt>
   <trkpt lat="48.7405430" lon="2.2972770">
    <ele>77.0</ele>
    <time>2020-11-07T10:11:56Z</time>
   </trkpt>
   <trkpt lat="48.7405100" lon="2.2972220">
    <ele>77.2</ele>
    <time>2020-11-07T10:11:58Z</time>
   </trkpt>
   <trkpt lat="48.7404990" lon="2.2972020">
    <ele>77.3</ele>
    <time>2020-11-07T10:11:59Z</time>
   </trkpt>
   <trkpt lat="48.7404880" lon="2.2971830">
    <ele>77.3</ele>
    <time>2020-11-07T10:12:00Z</time>
   </trkpt>
   <trkpt lat="48.7404690" lon="2.2971410">
    <ele>77.5</ele>
    <time>2020-11-07T10:12:01Z</time>
   </trkpt>
   <trkpt lat="48.7404640" lon="2.2971290">
    <ele>77.5</ele>
    <time>2020-11-07T10:12:02Z</time>
   </trkpt>
   <trkpt lat="48.7404530" lon="2.2971060">
    <ele>77.6</ele>
    <time>2020-11-07T10:12:03Z</time>
   </trkpt>
   <trkpt lat="48.7404400" lon="2.2970730">
    <ele>77.7</ele>
    <time>2020-11-07T10:12:05Z</time>
   </trkpt>
   <trkpt lat="48.7404250" lon="2.2970250">
    <ele>77.8</ele>
    <time>2020-11-07T10:12:06Z</time>
   </trkpt>
   <trkpt lat="48.7404190" lon="2.2970070">
    <ele>77.8</ele>
    <time>2020-11-07T10:12:07Z</time>
   </trkpt>
   <trkpt lat="48.7404070" lon="2.2969660">
    <ele>77.9</ele>
    <time>2020-11-07T10:12:08Z</time>
   </trkpt>
   <trkpt lat="48.7403890" lon="2.2969200">
    <ele>78.0</ele>
    <time>2020-11-07T10:12:09Z</time>
   </trkpt>
   <trkpt lat="48.7403830" lon="2.2969060">
    <ele>78.1</ele>
    <time>2020-11-07T10:12:10Z</time>
   </trkpt>
   <trkpt lat="48.7403640" lon="2.2968680">
    <ele>78.1</ele>
    <time>2020-11-07T10:12:11Z</time>
   </trkpt>
   <trkpt lat="48.7403580" lon="2.2968590">
    <ele>78.2</ele>
    <time>2020-11-07T10:12:12Z</time>
   </trkpt>
   <trkpt lat="48.7403470" lon="2.2968160">
    <ele>78.2</ele>
    <time>2020-11-07T10:12:14Z</time>
   </trkpt>
   <trkpt lat="48.7403440" lon="2.2968060">
    <ele>78.2</ele>
    <time>2020-11-07T10:12:15Z</time>
   </trkpt>
   <trkpt lat="48.7403290" lon="2.2967690">
    <ele>78.3</ele>
    <time>2020-11-07T10:12:16Z</time>
   </trkpt>
   <trkpt lat="48.7403240" lon="2.2967540">
    <ele>78.3</ele>
    <time>2020-11-07T10:12:17Z</time>
   </trkpt>
   <trkpt lat="48.7403100" lon="2.2967120">
    <ele>78.4</ele>
    <time>2020-11-07T10:12:18Z</time>
   </trkpt>
   <trkpt lat="48.7403040" lon="2.2966970">
    <ele>78.4</ele>
    <time>2020-11-07T10:12:19Z</time>
   </trkpt>
   <trkpt lat="48.7402930" lon="2.2966560">
    <ele>78.5</ele>
    <time>2020-11-07T10:12:20Z</time>
   </trkpt>
   <trkpt lat="48.7402810" lon="2.2966050">
    <ele>78.6</ele>
    <time>2020-11-07T10:12:21Z</time>
   </trkpt>
   <trkpt lat="48.7402770" lon="2.2965890">
    <ele>78.6</ele>
    <time>2020-11-07T10:12:22Z</time>
   </trkpt>
   <trkpt lat="48.7402660" lon="2.2965350">
    <ele>78.7</ele>
    <time>2020-11-07T10:12:23Z</time>
   </trkpt>
   <trkpt lat="48.7402610" lon="2.2965170">
    <ele>78.7</ele>
    <time>2020-11-07T10:12:24Z</time>
   </trkpt>
   <trkpt lat="48.7402540" lon="2.2964750">
    <ele>78.8</ele>
    <time>2020-11-07T10:12:25Z</time>
   </trkpt>
   <trkpt lat="48.7402490" lon="2.2964350">
    <ele>78.8</ele>
    <time>2020-11-07T10:12:26Z</time>
   </trkpt>
   <trkpt lat="48.7402350" lon="2.2963930">
    <ele>78.9</ele>
    <time>2020-11-07T10:12:28Z</time>
   </trkpt>
   <trkpt lat="48.7402180" lon="2.2963440">
    <ele>78.9</ele>
    <time>2020-11-07T10:12:29Z</time>
   </trkpt>
   <trkpt lat="48.7402000" lon="2.2963070">
    <ele>79.0</ele>
    <time>2020-11-07T10:12:30Z</time>
   </trkpt>
   <trkpt lat="48.7401840" lon="2.2962730">
    <ele>79.1</ele>
    <time>2020-11-07T10:12:31Z</time>
   </trkpt>
   <trkpt lat="48.7401630" lon="2.2962360">
    <ele>79.1</ele>
    <time>2020-11-07T10:12:32Z</time>
   </trkpt>
   <trkpt lat="48.7401380" lon="2.2961860">
    <ele>79.2</ele>
    <time>2020-11-07T10:12:34Z</time>
   </trkpt>
   <trkpt lat="48.7401170" lon="2.2961530">
    <ele>79.3</ele>
    <time>2020-11-07T10:12:35Z</time>
   </trkpt>
   <trkpt lat="48.7401100" lon="2.2961420">
    <ele>79.3</ele>
    <time>2020-11-07T10:12:36Z</time>
   </trkpt>
   <trkpt lat="48.7400830" lon="2.2961030">
    <ele>79.4</ele>
    <time>2020-11-07T10:12:37Z</time>
   </trkpt>
   <trkpt lat="48.7400730" lon="2.2960890">
    <ele>79.4</ele>
    <time>2020-11-07T10:12:38Z</time>
   </trkpt>
   <trkpt lat="48.7400560" lon="2.2960530">
    <ele>79.4</ele>
    <time>2020-11-07T10:12:39Z</time>
   </trkpt>
   <trkpt lat="48.7400330" lon="2.2960150">
    <ele>79.5</ele>
    <time>2020-11-07T10:12:40Z</time>
   </trkpt>
   <trkpt lat="48.7400150" lon="2.2959820">
    <ele>79.5</ele>
    <time>2020-11-07T10:12:42Z</time>
   </trkpt>
  </trkseg>
 </trk>
</gpx>
